2024-11-06 13:36:26,604:INFO:Soft dependency imported: prophet: 1.1.6
2024-11-06 13:36:27,331:INFO:PyCaret TSForecastingExperiment
2024-11-06 13:36:27,331:INFO:Logging name: ts-default-name
2024-11-06 13:36:27,331:INFO:ML Usecase: MLUsecase.TIME_SERIES
2024-11-06 13:36:27,331:INFO:version 3.3.2
2024-11-06 13:36:27,332:INFO:Initializing setup()
2024-11-06 13:36:27,332:INFO:self.USI: 5efb
2024-11-06 13:36:27,332:INFO:self._variable_keys: {'y', 'significant_sps', 'seed', 'enforce_exogenous', 'logging_param', 'index_type', 'exogenous_present', 'enforce_pi', 'y_test', 'significant_sps_no_harmonics', 'X_train_transformed', 'y_test_transformed', 'approach_type', 'X', 'exp_id', 'primary_sp_to_use', 'exp_name_log', 'candidate_sps', 'memory', 'gpu_param', 'model_engines', 'X_test', 'strictly_positive', 'fold_param', '_ml_usecase', 'data', '_available_plots', 'fold_generator', 'USI', 'html_param', 'n_jobs_param', 'pipeline', 'y_train', 'idx', 'y_train_transformed', 'X_train', 'fh', 'X_transformed', 'seasonality_present', 'gpu_n_jobs_param', 'all_sps_to_use', 'X_test_transformed', 'y_transformed', 'log_plots_param'}
2024-11-06 13:36:27,332:INFO:Checking environment
2024-11-06 13:36:27,332:INFO:python_version: 3.11.3
2024-11-06 13:36:27,332:INFO:python_build: ('v3.11.3:f3909b8bc8', 'Apr  4 2023 20:12:10')
2024-11-06 13:36:27,332:INFO:machine: x86_64
2024-11-06 13:36:27,332:INFO:platform: macOS-15.0.1-x86_64-i386-64bit
2024-11-06 13:36:27,333:INFO:Memory: svmem(total=8589934592, available=2120372224, percent=75.3, used=5305548800, free=17215488, active=2105180160, inactive=2041307136, wired=3200368640)
2024-11-06 13:36:27,333:INFO:Physical Core: 4
2024-11-06 13:36:27,333:INFO:Logical Core: 8
2024-11-06 13:36:27,333:INFO:Checking libraries
2024-11-06 13:36:27,334:INFO:System:
2024-11-06 13:36:27,334:INFO:    python: 3.11.3 (v3.11.3:f3909b8bc8, Apr  4 2023, 20:12:10) [Clang 13.0.0 (clang-1300.0.29.30)]
2024-11-06 13:36:27,334:INFO:executable: /Users/eugenio/Documents/Notebooks_ArtificialIntelligence/.venv/bin/python
2024-11-06 13:36:27,334:INFO:   machine: macOS-15.0.1-x86_64-i386-64bit
2024-11-06 13:36:27,334:INFO:PyCaret required dependencies:
2024-11-06 13:37:17,672:INFO:PyCaret TSForecastingExperiment
2024-11-06 13:37:17,672:INFO:Logging name: ts-default-name
2024-11-06 13:37:17,673:INFO:ML Usecase: MLUsecase.TIME_SERIES
2024-11-06 13:37:17,673:INFO:version 3.3.2
2024-11-06 13:37:17,673:INFO:Initializing setup()
2024-11-06 13:37:17,673:INFO:self.USI: 042e
2024-11-06 13:37:17,673:INFO:self._variable_keys: {'y', 'significant_sps', 'seed', 'enforce_exogenous', 'logging_param', 'index_type', 'exogenous_present', 'enforce_pi', 'y_test', 'significant_sps_no_harmonics', 'X_train_transformed', 'y_test_transformed', 'approach_type', 'X', 'exp_id', 'primary_sp_to_use', 'exp_name_log', 'candidate_sps', 'memory', 'gpu_param', 'model_engines', 'X_test', 'strictly_positive', 'fold_param', '_ml_usecase', 'data', '_available_plots', 'fold_generator', 'USI', 'html_param', 'n_jobs_param', 'pipeline', 'y_train', 'idx', 'y_train_transformed', 'X_train', 'fh', 'X_transformed', 'seasonality_present', 'gpu_n_jobs_param', 'all_sps_to_use', 'X_test_transformed', 'y_transformed', 'log_plots_param'}
2024-11-06 13:37:17,673:INFO:Checking environment
2024-11-06 13:37:17,673:INFO:python_version: 3.11.3
2024-11-06 13:37:17,673:INFO:python_build: ('v3.11.3:f3909b8bc8', 'Apr  4 2023 20:12:10')
2024-11-06 13:37:17,673:INFO:machine: x86_64
2024-11-06 13:37:17,673:INFO:platform: macOS-15.0.1-x86_64-i386-64bit
2024-11-06 13:37:17,674:INFO:Memory: svmem(total=8589934592, available=2246410240, percent=73.8, used=5412282368, free=62996480, active=2184896512, inactive=2144092160, wired=3227385856)
2024-11-06 13:37:17,674:INFO:Physical Core: 4
2024-11-06 13:37:17,674:INFO:Logical Core: 8
2024-11-06 13:37:17,674:INFO:Checking libraries
2024-11-06 13:37:17,674:INFO:System:
2024-11-06 13:37:17,674:INFO:    python: 3.11.3 (v3.11.3:f3909b8bc8, Apr  4 2023, 20:12:10) [Clang 13.0.0 (clang-1300.0.29.30)]
2024-11-06 13:37:17,674:INFO:executable: /Users/eugenio/Documents/Notebooks_ArtificialIntelligence/.venv/bin/python
2024-11-06 13:37:17,674:INFO:   machine: macOS-15.0.1-x86_64-i386-64bit
2024-11-06 13:37:17,674:INFO:PyCaret required dependencies:
2024-11-06 13:46:46,637:INFO:PyCaret TSForecastingExperiment
2024-11-06 13:46:46,638:INFO:Logging name: ts-default-name
2024-11-06 13:46:46,640:INFO:ML Usecase: MLUsecase.TIME_SERIES
2024-11-06 13:46:46,640:INFO:version 3.3.2
2024-11-06 13:46:46,640:INFO:Initializing setup()
2024-11-06 13:46:46,640:INFO:self.USI: 4083
2024-11-06 13:46:46,641:INFO:self._variable_keys: {'y', 'significant_sps', 'seed', 'enforce_exogenous', 'logging_param', 'index_type', 'exogenous_present', 'enforce_pi', 'y_test', 'significant_sps_no_harmonics', 'X_train_transformed', 'y_test_transformed', 'approach_type', 'X', 'exp_id', 'primary_sp_to_use', 'exp_name_log', 'candidate_sps', 'memory', 'gpu_param', 'model_engines', 'X_test', 'strictly_positive', 'fold_param', '_ml_usecase', 'data', '_available_plots', 'fold_generator', 'USI', 'html_param', 'n_jobs_param', 'pipeline', 'y_train', 'idx', 'y_train_transformed', 'X_train', 'fh', 'X_transformed', 'seasonality_present', 'gpu_n_jobs_param', 'all_sps_to_use', 'X_test_transformed', 'y_transformed', 'log_plots_param'}
2024-11-06 13:46:46,645:INFO:Checking environment
2024-11-06 13:46:46,646:INFO:python_version: 3.11.3
2024-11-06 13:46:46,648:INFO:python_build: ('v3.11.3:f3909b8bc8', 'Apr  4 2023 20:12:10')
2024-11-06 13:46:46,648:INFO:machine: x86_64
2024-11-06 13:46:46,648:INFO:platform: macOS-15.0.1-x86_64-i386-64bit
2024-11-06 13:46:46,658:INFO:Memory: svmem(total=8589934592, available=1327759360, percent=84.5, used=4653359104, free=8445952, active=1321734144, inactive=1249112064, wired=3331624960)
2024-11-06 13:46:46,659:INFO:Physical Core: 4
2024-11-06 13:46:46,659:INFO:Logical Core: 8
2024-11-06 13:46:46,660:INFO:Checking libraries
2024-11-06 13:46:46,660:INFO:System:
2024-11-06 13:46:46,661:INFO:    python: 3.11.3 (v3.11.3:f3909b8bc8, Apr  4 2023, 20:12:10) [Clang 13.0.0 (clang-1300.0.29.30)]
2024-11-06 13:46:46,662:INFO:executable: /Users/eugenio/Documents/Notebooks_ArtificialIntelligence/.venv/bin/python
2024-11-06 13:46:46,662:INFO:   machine: macOS-15.0.1-x86_64-i386-64bit
2024-11-06 13:46:46,662:INFO:PyCaret required dependencies:
2024-11-06 13:46:48,119:INFO:                 pip: 24.2
2024-11-06 13:46:48,120:INFO:          setuptools: 65.5.0
2024-11-06 13:46:48,120:INFO:             pycaret: 3.3.2
2024-11-06 13:46:48,120:INFO:             IPython: 8.27.0
2024-11-06 13:46:48,120:INFO:          ipywidgets: 8.1.5
2024-11-06 13:46:48,120:INFO:                tqdm: 4.66.5
2024-11-06 13:46:48,120:INFO:               numpy: 1.26.4
2024-11-06 13:46:48,120:INFO:              pandas: 2.1.4
2024-11-06 13:46:48,120:INFO:              jinja2: 3.1.4
2024-11-06 13:46:48,120:INFO:               scipy: 1.11.4
2024-11-06 13:46:48,120:INFO:              joblib: 1.3.2
2024-11-06 13:46:48,120:INFO:             sklearn: 1.4.2
2024-11-06 13:46:48,120:INFO:                pyod: 2.0.2
2024-11-06 13:46:48,120:INFO:            imblearn: 0.12.3
2024-11-06 13:46:48,120:INFO:   category_encoders: 2.6.4
2024-11-06 13:46:48,120:INFO:            lightgbm: 4.5.0
2024-11-06 13:46:48,120:INFO:               numba: 0.60.0
2024-11-06 13:46:48,120:INFO:            requests: 2.32.3
2024-11-06 13:46:48,120:INFO:          matplotlib: 3.7.5
2024-11-06 13:46:48,121:INFO:          scikitplot: 0.3.7
2024-11-06 13:46:48,121:INFO:         yellowbrick: 1.5
2024-11-06 13:46:48,121:INFO:              plotly: 5.24.1
2024-11-06 13:46:48,121:INFO:    plotly-resampler: Not installed
2024-11-06 13:46:48,121:INFO:             kaleido: 0.2.1
2024-11-06 13:46:48,121:INFO:           schemdraw: 0.15
2024-11-06 13:46:48,121:INFO:         statsmodels: 0.14.3
2024-11-06 13:46:48,121:INFO:              sktime: 0.26.0
2024-11-06 13:46:48,121:INFO:               tbats: 1.1.3
2024-11-06 13:46:48,121:INFO:            pmdarima: 2.0.4
2024-11-06 13:46:48,121:INFO:              psutil: 6.0.0
2024-11-06 13:46:48,121:INFO:          markupsafe: 2.1.5
2024-11-06 13:46:48,121:INFO:             pickle5: Not installed
2024-11-06 13:46:48,121:INFO:         cloudpickle: 3.0.0
2024-11-06 13:46:48,121:INFO:         deprecation: 2.1.0
2024-11-06 13:46:48,121:INFO:              xxhash: 3.5.0
2024-11-06 13:46:48,121:INFO:           wurlitzer: 3.1.1
2024-11-06 13:46:48,121:INFO:PyCaret optional dependencies:
2024-11-06 13:46:48,149:INFO:                shap: 0.46.0
2024-11-06 13:46:48,150:INFO:           interpret: Not installed
2024-11-06 13:46:48,150:INFO:                umap: Not installed
2024-11-06 13:46:48,150:INFO:     ydata_profiling: 4.10.0
2024-11-06 13:46:48,150:INFO:  explainerdashboard: Not installed
2024-11-06 13:46:48,150:INFO:             autoviz: Not installed
2024-11-06 13:46:48,150:INFO:           fairlearn: Not installed
2024-11-06 13:46:48,150:INFO:          deepchecks: Not installed
2024-11-06 13:46:48,150:INFO:             xgboost: Not installed
2024-11-06 13:46:48,150:INFO:            catboost: Not installed
2024-11-06 13:46:48,150:INFO:              kmodes: Not installed
2024-11-06 13:46:48,150:INFO:             mlxtend: Not installed
2024-11-06 13:46:48,150:INFO:       statsforecast: Not installed
2024-11-06 13:46:48,150:INFO:        tune_sklearn: Not installed
2024-11-06 13:46:48,150:INFO:                 ray: Not installed
2024-11-06 13:46:48,150:INFO:            hyperopt: Not installed
2024-11-06 13:46:48,150:INFO:              optuna: Not installed
2024-11-06 13:46:48,150:INFO:               skopt: Not installed
2024-11-06 13:46:48,150:INFO:              mlflow: Not installed
2024-11-06 13:46:48,150:INFO:              gradio: Not installed
2024-11-06 13:46:48,150:INFO:             fastapi: Not installed
2024-11-06 13:46:48,150:INFO:             uvicorn: Not installed
2024-11-06 13:46:48,150:INFO:              m2cgen: Not installed
2024-11-06 13:46:48,151:INFO:           evidently: Not installed
2024-11-06 13:46:48,151:INFO:               fugue: Not installed
2024-11-06 13:46:48,151:INFO:           streamlit: Not installed
2024-11-06 13:46:48,151:INFO:             prophet: 1.1.6
2024-11-06 13:46:48,151:INFO:None
2024-11-06 13:46:48,254:INFO:Set Forecast Horizon.
2024-11-06 13:46:48,284:INFO:Set up Train-Test Splits.
2024-11-06 13:46:48,871:INFO:Finished creating preprocessing pipeline.
2024-11-06 13:46:48,884:INFO:Pipeline: ForecastingPipeline(steps=[('forecaster',
                            TransformedTargetForecaster(steps=[('model',
                                                                DummyForecaster())]))])
2024-11-06 13:46:48,884:INFO:Set up Seasonal Period.
2024-11-06 13:46:48,972:INFO:Setting the seasonal component type - 'add' or 'mul'.
2024-11-06 13:46:48,972:INFO:Checking if data is strictly positive.
2024-11-06 13:46:49,111:INFO:Creating final display dataframe.
2024-11-06 13:46:49,132:INFO:Setup Display Container:                                          Description  \
0                                         session_id   
1                                             Target   
2                                           Approach   
3                                Exogenous Variables   
4                                Original data shape   
5                             Transformed data shape   
6                        Transformed train set shape   
7                         Transformed test set shape   
8                           Rows with missing values   
9                                     Fold Generator   
10                                       Fold Number   
11                       Enforce Prediction Interval   
12                   Splits used for hyperparameters   
13                   User Defined Seasonal Period(s)   
14                           Ignore Seasonality Test   
15                        Seasonality Detection Algo   
16                            Max Period to Consider   
17                         Seasonal Period(s) Tested   
18                    Significant Seasonal Period(s)   
19  Significant Seasonal Period(s) without Harmonics   
20                                  Remove Harmonics   
21                            Harmonics Order Method   
22                          Num Seasonalities to Use   
23                          All Seasonalities to Use   
24                               Primary Seasonality   
25                               Seasonality Present   
26                                  Seasonality Type   
27                          Target Strictly Positive   
28                                Target White Noise   
29                                     Recommended d   
30                            Recommended Seasonal D   
31                                        Preprocess   
32                                          CPU Jobs   
33                                           Use GPU   
34                                    Log Experiment   
35                                   Experiment Name   
36                                               USI   

                           Value  
0                            123  
1   Number of airline passengers  
2                     Univariate  
3                    Not Present  
4                       (144, 1)  
5                       (144, 1)  
6                       (143, 1)  
7                         (1, 1)  
8                           0.0%  
9        ExpandingWindowSplitter  
10                             3  
11                         False  
12                           all  
13                          None  
14                         False  
15                          auto  
16                            60  
17          [12, 24, 36, 11, 48]  
18          [12, 24, 36, 11, 48]  
19                  [48, 36, 11]  
20                         False  
21                  harmonic_max  
22                             1  
23                          [12]  
24                            12  
25                          True  
26                           mul  
27                          True  
28                            No  
29                             1  
30                             1  
31                         False  
32                            -1  
33                         False  
34                         False  
35               ts-default-name  
36                          4083  
2024-11-06 13:46:49,187:INFO:Engine successfully changes for model 'auto_arima' to 'pmdarima'.
2024-11-06 13:46:49,306:INFO:Soft dependency imported: prophet: 1.1.6
2024-11-06 13:46:49,402:INFO:Engine for model 'lr_cds_dt' has not been set explicitly, hence returning None.
2024-11-06 13:46:49,404:INFO:Engine for model 'en_cds_dt' has not been set explicitly, hence returning None.
2024-11-06 13:46:49,406:INFO:Engine for model 'ridge_cds_dt' has not been set explicitly, hence returning None.
2024-11-06 13:46:49,407:INFO:Engine for model 'lasso_cds_dt' has not been set explicitly, hence returning None.
2024-11-06 13:46:49,407:INFO:Engine for model 'llar_cds_dt' has not been set explicitly, hence returning None.
2024-11-06 13:46:49,408:INFO:Engine for model 'br_cds_dt' has not been set explicitly, hence returning None.
2024-11-06 13:46:49,408:INFO:Engine for model 'huber_cds_dt' has not been set explicitly, hence returning None.
2024-11-06 13:46:49,411:INFO:Engine for model 'omp_cds_dt' has not been set explicitly, hence returning None.
2024-11-06 13:46:49,414:INFO:Engine for model 'knn_cds_dt' has not been set explicitly, hence returning None.
2024-11-06 13:46:49,417:INFO:Engine for model 'dt_cds_dt' has not been set explicitly, hence returning None.
2024-11-06 13:46:49,422:INFO:Engine for model 'rf_cds_dt' has not been set explicitly, hence returning None.
2024-11-06 13:46:49,425:INFO:Engine for model 'et_cds_dt' has not been set explicitly, hence returning None.
2024-11-06 13:46:49,426:INFO:Engine for model 'gbr_cds_dt' has not been set explicitly, hence returning None.
2024-11-06 13:46:49,427:INFO:Engine for model 'ada_cds_dt' has not been set explicitly, hence returning None.
2024-11-06 13:46:49,428:INFO:Engine for model 'xgboost_cds_dt' has not been set explicitly, hence returning None.
2024-11-06 13:46:49,428:WARNING:
'xgboost' is a soft dependency and not included in the pycaret installation. Please run: `pip install xgboost` to install.
Alternately, you can install this by running `pip install pycaret[models]`
2024-11-06 13:46:49,428:WARNING:
'xgboost' is a soft dependency and not included in the pycaret installation. Please run: `pip install xgboost` to install.
Alternately, you can install this by running `pip install pycaret[models]`
2024-11-06 13:46:49,428:INFO:Engine for model 'lightgbm_cds_dt' has not been set explicitly, hence returning None.
2024-11-06 13:46:49,429:INFO:Engine for model 'catboost_cds_dt' has not been set explicitly, hence returning None.
2024-11-06 13:46:49,429:WARNING:
'catboost' is a soft dependency and not included in the pycaret installation. Please run: `pip install catboost` to install.
Alternately, you can install this by running `pip install pycaret[models]`
2024-11-06 13:46:49,429:WARNING:
'catboost' is a soft dependency and not included in the pycaret installation. Please run: `pip install catboost` to install.
Alternately, you can install this by running `pip install pycaret[models]`
2024-11-06 13:46:49,433:INFO:Soft dependency imported: prophet: 1.1.6
2024-11-06 13:46:49,433:INFO:Engine for model 'lr_cds_dt' has not been set explicitly, hence returning None.
2024-11-06 13:46:49,433:INFO:Engine for model 'en_cds_dt' has not been set explicitly, hence returning None.
2024-11-06 13:46:49,434:INFO:Engine for model 'ridge_cds_dt' has not been set explicitly, hence returning None.
2024-11-06 13:46:49,435:INFO:Engine for model 'lasso_cds_dt' has not been set explicitly, hence returning None.
2024-11-06 13:46:49,435:INFO:Engine for model 'llar_cds_dt' has not been set explicitly, hence returning None.
2024-11-06 13:46:49,436:INFO:Engine for model 'br_cds_dt' has not been set explicitly, hence returning None.
2024-11-06 13:46:49,436:INFO:Engine for model 'huber_cds_dt' has not been set explicitly, hence returning None.
2024-11-06 13:46:49,440:INFO:Engine for model 'omp_cds_dt' has not been set explicitly, hence returning None.
2024-11-06 13:46:49,442:INFO:Engine for model 'knn_cds_dt' has not been set explicitly, hence returning None.
2024-11-06 13:46:49,444:INFO:Engine for model 'dt_cds_dt' has not been set explicitly, hence returning None.
2024-11-06 13:46:49,444:INFO:Engine for model 'rf_cds_dt' has not been set explicitly, hence returning None.
2024-11-06 13:46:49,445:INFO:Engine for model 'et_cds_dt' has not been set explicitly, hence returning None.
2024-11-06 13:46:49,445:INFO:Engine for model 'gbr_cds_dt' has not been set explicitly, hence returning None.
2024-11-06 13:46:49,446:INFO:Engine for model 'ada_cds_dt' has not been set explicitly, hence returning None.
2024-11-06 13:46:49,446:INFO:Engine for model 'xgboost_cds_dt' has not been set explicitly, hence returning None.
2024-11-06 13:46:49,446:WARNING:
'xgboost' is a soft dependency and not included in the pycaret installation. Please run: `pip install xgboost` to install.
Alternately, you can install this by running `pip install pycaret[models]`
2024-11-06 13:46:49,446:WARNING:
'xgboost' is a soft dependency and not included in the pycaret installation. Please run: `pip install xgboost` to install.
Alternately, you can install this by running `pip install pycaret[models]`
2024-11-06 13:46:49,446:INFO:Engine for model 'lightgbm_cds_dt' has not been set explicitly, hence returning None.
2024-11-06 13:46:49,447:INFO:Engine for model 'catboost_cds_dt' has not been set explicitly, hence returning None.
2024-11-06 13:46:49,447:WARNING:
'catboost' is a soft dependency and not included in the pycaret installation. Please run: `pip install catboost` to install.
Alternately, you can install this by running `pip install pycaret[models]`
2024-11-06 13:46:49,447:WARNING:
'catboost' is a soft dependency and not included in the pycaret installation. Please run: `pip install catboost` to install.
Alternately, you can install this by running `pip install pycaret[models]`
2024-11-06 13:46:49,447:INFO:Engine successfully changes for model 'lr_cds_dt' to 'sklearn'.
2024-11-06 13:46:49,451:INFO:Soft dependency imported: prophet: 1.1.6
2024-11-06 13:46:49,451:INFO:Engine for model 'en_cds_dt' has not been set explicitly, hence returning None.
2024-11-06 13:46:49,451:INFO:Engine for model 'ridge_cds_dt' has not been set explicitly, hence returning None.
2024-11-06 13:46:49,452:INFO:Engine for model 'lasso_cds_dt' has not been set explicitly, hence returning None.
2024-11-06 13:46:49,452:INFO:Engine for model 'llar_cds_dt' has not been set explicitly, hence returning None.
2024-11-06 13:46:49,452:INFO:Engine for model 'br_cds_dt' has not been set explicitly, hence returning None.
2024-11-06 13:46:49,452:INFO:Engine for model 'huber_cds_dt' has not been set explicitly, hence returning None.
2024-11-06 13:46:49,454:INFO:Engine for model 'omp_cds_dt' has not been set explicitly, hence returning None.
2024-11-06 13:46:49,457:INFO:Engine for model 'knn_cds_dt' has not been set explicitly, hence returning None.
2024-11-06 13:46:49,457:INFO:Engine for model 'dt_cds_dt' has not been set explicitly, hence returning None.
2024-11-06 13:46:49,458:INFO:Engine for model 'rf_cds_dt' has not been set explicitly, hence returning None.
2024-11-06 13:46:49,458:INFO:Engine for model 'et_cds_dt' has not been set explicitly, hence returning None.
2024-11-06 13:46:49,459:INFO:Engine for model 'gbr_cds_dt' has not been set explicitly, hence returning None.
2024-11-06 13:46:49,460:INFO:Engine for model 'ada_cds_dt' has not been set explicitly, hence returning None.
2024-11-06 13:46:49,460:INFO:Engine for model 'xgboost_cds_dt' has not been set explicitly, hence returning None.
2024-11-06 13:46:49,460:WARNING:
'xgboost' is a soft dependency and not included in the pycaret installation. Please run: `pip install xgboost` to install.
Alternately, you can install this by running `pip install pycaret[models]`
2024-11-06 13:46:49,460:WARNING:
'xgboost' is a soft dependency and not included in the pycaret installation. Please run: `pip install xgboost` to install.
Alternately, you can install this by running `pip install pycaret[models]`
2024-11-06 13:46:49,460:INFO:Engine for model 'lightgbm_cds_dt' has not been set explicitly, hence returning None.
2024-11-06 13:46:49,461:INFO:Engine for model 'catboost_cds_dt' has not been set explicitly, hence returning None.
2024-11-06 13:46:49,461:WARNING:
'catboost' is a soft dependency and not included in the pycaret installation. Please run: `pip install catboost` to install.
Alternately, you can install this by running `pip install pycaret[models]`
2024-11-06 13:46:49,461:WARNING:
'catboost' is a soft dependency and not included in the pycaret installation. Please run: `pip install catboost` to install.
Alternately, you can install this by running `pip install pycaret[models]`
2024-11-06 13:46:49,464:INFO:Soft dependency imported: prophet: 1.1.6
2024-11-06 13:46:49,464:INFO:Engine for model 'en_cds_dt' has not been set explicitly, hence returning None.
2024-11-06 13:46:49,465:INFO:Engine for model 'ridge_cds_dt' has not been set explicitly, hence returning None.
2024-11-06 13:46:49,465:INFO:Engine for model 'lasso_cds_dt' has not been set explicitly, hence returning None.
2024-11-06 13:46:49,466:INFO:Engine for model 'llar_cds_dt' has not been set explicitly, hence returning None.
2024-11-06 13:46:49,466:INFO:Engine for model 'br_cds_dt' has not been set explicitly, hence returning None.
2024-11-06 13:46:49,467:INFO:Engine for model 'huber_cds_dt' has not been set explicitly, hence returning None.
2024-11-06 13:46:49,469:INFO:Engine for model 'omp_cds_dt' has not been set explicitly, hence returning None.
2024-11-06 13:46:49,470:INFO:Engine for model 'knn_cds_dt' has not been set explicitly, hence returning None.
2024-11-06 13:46:49,470:INFO:Engine for model 'dt_cds_dt' has not been set explicitly, hence returning None.
2024-11-06 13:46:49,471:INFO:Engine for model 'rf_cds_dt' has not been set explicitly, hence returning None.
2024-11-06 13:46:49,471:INFO:Engine for model 'et_cds_dt' has not been set explicitly, hence returning None.
2024-11-06 13:46:49,471:INFO:Engine for model 'gbr_cds_dt' has not been set explicitly, hence returning None.
2024-11-06 13:46:49,472:INFO:Engine for model 'ada_cds_dt' has not been set explicitly, hence returning None.
2024-11-06 13:46:49,472:INFO:Engine for model 'xgboost_cds_dt' has not been set explicitly, hence returning None.
2024-11-06 13:46:49,472:WARNING:
'xgboost' is a soft dependency and not included in the pycaret installation. Please run: `pip install xgboost` to install.
Alternately, you can install this by running `pip install pycaret[models]`
2024-11-06 13:46:49,472:WARNING:
'xgboost' is a soft dependency and not included in the pycaret installation. Please run: `pip install xgboost` to install.
Alternately, you can install this by running `pip install pycaret[models]`
2024-11-06 13:46:49,472:INFO:Engine for model 'lightgbm_cds_dt' has not been set explicitly, hence returning None.
2024-11-06 13:46:49,473:INFO:Engine for model 'catboost_cds_dt' has not been set explicitly, hence returning None.
2024-11-06 13:46:49,473:WARNING:
'catboost' is a soft dependency and not included in the pycaret installation. Please run: `pip install catboost` to install.
Alternately, you can install this by running `pip install pycaret[models]`
2024-11-06 13:46:49,473:WARNING:
'catboost' is a soft dependency and not included in the pycaret installation. Please run: `pip install catboost` to install.
Alternately, you can install this by running `pip install pycaret[models]`
2024-11-06 13:46:49,473:INFO:Engine successfully changes for model 'en_cds_dt' to 'sklearn'.
2024-11-06 13:46:49,477:INFO:Soft dependency imported: prophet: 1.1.6
2024-11-06 13:46:49,478:INFO:Engine for model 'ridge_cds_dt' has not been set explicitly, hence returning None.
2024-11-06 13:46:49,478:INFO:Engine for model 'lasso_cds_dt' has not been set explicitly, hence returning None.
2024-11-06 13:46:49,478:INFO:Engine for model 'llar_cds_dt' has not been set explicitly, hence returning None.
2024-11-06 13:46:49,479:INFO:Engine for model 'br_cds_dt' has not been set explicitly, hence returning None.
2024-11-06 13:46:49,479:INFO:Engine for model 'huber_cds_dt' has not been set explicitly, hence returning None.
2024-11-06 13:46:49,481:INFO:Engine for model 'omp_cds_dt' has not been set explicitly, hence returning None.
2024-11-06 13:46:49,483:INFO:Engine for model 'knn_cds_dt' has not been set explicitly, hence returning None.
2024-11-06 13:46:49,484:INFO:Engine for model 'dt_cds_dt' has not been set explicitly, hence returning None.
2024-11-06 13:46:49,485:INFO:Engine for model 'rf_cds_dt' has not been set explicitly, hence returning None.
2024-11-06 13:46:49,485:INFO:Engine for model 'et_cds_dt' has not been set explicitly, hence returning None.
2024-11-06 13:46:49,486:INFO:Engine for model 'gbr_cds_dt' has not been set explicitly, hence returning None.
2024-11-06 13:46:49,486:INFO:Engine for model 'ada_cds_dt' has not been set explicitly, hence returning None.
2024-11-06 13:46:49,486:INFO:Engine for model 'xgboost_cds_dt' has not been set explicitly, hence returning None.
2024-11-06 13:46:49,486:WARNING:
'xgboost' is a soft dependency and not included in the pycaret installation. Please run: `pip install xgboost` to install.
Alternately, you can install this by running `pip install pycaret[models]`
2024-11-06 13:46:49,486:WARNING:
'xgboost' is a soft dependency and not included in the pycaret installation. Please run: `pip install xgboost` to install.
Alternately, you can install this by running `pip install pycaret[models]`
2024-11-06 13:46:49,486:INFO:Engine for model 'lightgbm_cds_dt' has not been set explicitly, hence returning None.
2024-11-06 13:46:49,487:INFO:Engine for model 'catboost_cds_dt' has not been set explicitly, hence returning None.
2024-11-06 13:46:49,487:WARNING:
'catboost' is a soft dependency and not included in the pycaret installation. Please run: `pip install catboost` to install.
Alternately, you can install this by running `pip install pycaret[models]`
2024-11-06 13:46:49,487:WARNING:
'catboost' is a soft dependency and not included in the pycaret installation. Please run: `pip install catboost` to install.
Alternately, you can install this by running `pip install pycaret[models]`
2024-11-06 13:46:49,492:INFO:Soft dependency imported: prophet: 1.1.6
2024-11-06 13:46:49,493:INFO:Engine for model 'ridge_cds_dt' has not been set explicitly, hence returning None.
2024-11-06 13:46:49,495:INFO:Engine for model 'lasso_cds_dt' has not been set explicitly, hence returning None.
2024-11-06 13:46:49,495:INFO:Engine for model 'llar_cds_dt' has not been set explicitly, hence returning None.
2024-11-06 13:46:49,496:INFO:Engine for model 'br_cds_dt' has not been set explicitly, hence returning None.
2024-11-06 13:46:49,496:INFO:Engine for model 'huber_cds_dt' has not been set explicitly, hence returning None.
2024-11-06 13:46:49,499:INFO:Engine for model 'omp_cds_dt' has not been set explicitly, hence returning None.
2024-11-06 13:46:49,501:INFO:Engine for model 'knn_cds_dt' has not been set explicitly, hence returning None.
2024-11-06 13:46:49,501:INFO:Engine for model 'dt_cds_dt' has not been set explicitly, hence returning None.
2024-11-06 13:46:49,501:INFO:Engine for model 'rf_cds_dt' has not been set explicitly, hence returning None.
2024-11-06 13:46:49,502:INFO:Engine for model 'et_cds_dt' has not been set explicitly, hence returning None.
2024-11-06 13:46:49,502:INFO:Engine for model 'gbr_cds_dt' has not been set explicitly, hence returning None.
2024-11-06 13:46:49,502:INFO:Engine for model 'ada_cds_dt' has not been set explicitly, hence returning None.
2024-11-06 13:46:49,502:INFO:Engine for model 'xgboost_cds_dt' has not been set explicitly, hence returning None.
2024-11-06 13:46:49,502:WARNING:
'xgboost' is a soft dependency and not included in the pycaret installation. Please run: `pip install xgboost` to install.
Alternately, you can install this by running `pip install pycaret[models]`
2024-11-06 13:46:49,502:WARNING:
'xgboost' is a soft dependency and not included in the pycaret installation. Please run: `pip install xgboost` to install.
Alternately, you can install this by running `pip install pycaret[models]`
2024-11-06 13:46:49,503:INFO:Engine for model 'lightgbm_cds_dt' has not been set explicitly, hence returning None.
2024-11-06 13:46:49,503:INFO:Engine for model 'catboost_cds_dt' has not been set explicitly, hence returning None.
2024-11-06 13:46:49,503:WARNING:
'catboost' is a soft dependency and not included in the pycaret installation. Please run: `pip install catboost` to install.
Alternately, you can install this by running `pip install pycaret[models]`
2024-11-06 13:46:49,503:WARNING:
'catboost' is a soft dependency and not included in the pycaret installation. Please run: `pip install catboost` to install.
Alternately, you can install this by running `pip install pycaret[models]`
2024-11-06 13:46:49,503:INFO:Engine successfully changes for model 'ridge_cds_dt' to 'sklearn'.
2024-11-06 13:46:49,507:INFO:Soft dependency imported: prophet: 1.1.6
2024-11-06 13:46:49,509:INFO:Engine for model 'lasso_cds_dt' has not been set explicitly, hence returning None.
2024-11-06 13:46:49,509:INFO:Engine for model 'llar_cds_dt' has not been set explicitly, hence returning None.
2024-11-06 13:46:49,509:INFO:Engine for model 'br_cds_dt' has not been set explicitly, hence returning None.
2024-11-06 13:46:49,511:INFO:Engine for model 'huber_cds_dt' has not been set explicitly, hence returning None.
2024-11-06 13:46:49,512:INFO:Engine for model 'omp_cds_dt' has not been set explicitly, hence returning None.
2024-11-06 13:46:49,514:INFO:Engine for model 'knn_cds_dt' has not been set explicitly, hence returning None.
2024-11-06 13:46:49,514:INFO:Engine for model 'dt_cds_dt' has not been set explicitly, hence returning None.
2024-11-06 13:46:49,515:INFO:Engine for model 'rf_cds_dt' has not been set explicitly, hence returning None.
2024-11-06 13:46:49,516:INFO:Engine for model 'et_cds_dt' has not been set explicitly, hence returning None.
2024-11-06 13:46:49,516:INFO:Engine for model 'gbr_cds_dt' has not been set explicitly, hence returning None.
2024-11-06 13:46:49,517:INFO:Engine for model 'ada_cds_dt' has not been set explicitly, hence returning None.
2024-11-06 13:46:49,517:INFO:Engine for model 'xgboost_cds_dt' has not been set explicitly, hence returning None.
2024-11-06 13:46:49,518:WARNING:
'xgboost' is a soft dependency and not included in the pycaret installation. Please run: `pip install xgboost` to install.
Alternately, you can install this by running `pip install pycaret[models]`
2024-11-06 13:46:49,518:WARNING:
'xgboost' is a soft dependency and not included in the pycaret installation. Please run: `pip install xgboost` to install.
Alternately, you can install this by running `pip install pycaret[models]`
2024-11-06 13:46:49,518:INFO:Engine for model 'lightgbm_cds_dt' has not been set explicitly, hence returning None.
2024-11-06 13:46:49,518:INFO:Engine for model 'catboost_cds_dt' has not been set explicitly, hence returning None.
2024-11-06 13:46:49,518:WARNING:
'catboost' is a soft dependency and not included in the pycaret installation. Please run: `pip install catboost` to install.
Alternately, you can install this by running `pip install pycaret[models]`
2024-11-06 13:46:49,518:WARNING:
'catboost' is a soft dependency and not included in the pycaret installation. Please run: `pip install catboost` to install.
Alternately, you can install this by running `pip install pycaret[models]`
2024-11-06 13:46:49,524:INFO:Soft dependency imported: prophet: 1.1.6
2024-11-06 13:46:49,526:INFO:Engine for model 'lasso_cds_dt' has not been set explicitly, hence returning None.
2024-11-06 13:46:49,527:INFO:Engine for model 'llar_cds_dt' has not been set explicitly, hence returning None.
2024-11-06 13:46:49,528:INFO:Engine for model 'br_cds_dt' has not been set explicitly, hence returning None.
2024-11-06 13:46:49,528:INFO:Engine for model 'huber_cds_dt' has not been set explicitly, hence returning None.
2024-11-06 13:46:49,531:INFO:Engine for model 'omp_cds_dt' has not been set explicitly, hence returning None.
2024-11-06 13:46:49,535:INFO:Engine for model 'knn_cds_dt' has not been set explicitly, hence returning None.
2024-11-06 13:46:49,536:INFO:Engine for model 'dt_cds_dt' has not been set explicitly, hence returning None.
2024-11-06 13:46:49,536:INFO:Engine for model 'rf_cds_dt' has not been set explicitly, hence returning None.
2024-11-06 13:46:49,537:INFO:Engine for model 'et_cds_dt' has not been set explicitly, hence returning None.
2024-11-06 13:46:49,537:INFO:Engine for model 'gbr_cds_dt' has not been set explicitly, hence returning None.
2024-11-06 13:46:49,538:INFO:Engine for model 'ada_cds_dt' has not been set explicitly, hence returning None.
2024-11-06 13:46:49,539:INFO:Engine for model 'xgboost_cds_dt' has not been set explicitly, hence returning None.
2024-11-06 13:46:49,539:WARNING:
'xgboost' is a soft dependency and not included in the pycaret installation. Please run: `pip install xgboost` to install.
Alternately, you can install this by running `pip install pycaret[models]`
2024-11-06 13:46:49,540:WARNING:
'xgboost' is a soft dependency and not included in the pycaret installation. Please run: `pip install xgboost` to install.
Alternately, you can install this by running `pip install pycaret[models]`
2024-11-06 13:46:49,540:INFO:Engine for model 'lightgbm_cds_dt' has not been set explicitly, hence returning None.
2024-11-06 13:46:49,540:INFO:Engine for model 'catboost_cds_dt' has not been set explicitly, hence returning None.
2024-11-06 13:46:49,541:WARNING:
'catboost' is a soft dependency and not included in the pycaret installation. Please run: `pip install catboost` to install.
Alternately, you can install this by running `pip install pycaret[models]`
2024-11-06 13:46:49,541:WARNING:
'catboost' is a soft dependency and not included in the pycaret installation. Please run: `pip install catboost` to install.
Alternately, you can install this by running `pip install pycaret[models]`
2024-11-06 13:46:49,542:INFO:Engine successfully changes for model 'lasso_cds_dt' to 'sklearn'.
2024-11-06 13:46:49,545:INFO:Soft dependency imported: prophet: 1.1.6
2024-11-06 13:46:49,547:INFO:Engine for model 'llar_cds_dt' has not been set explicitly, hence returning None.
2024-11-06 13:46:49,547:INFO:Engine for model 'br_cds_dt' has not been set explicitly, hence returning None.
2024-11-06 13:46:49,548:INFO:Engine for model 'huber_cds_dt' has not been set explicitly, hence returning None.
2024-11-06 13:46:49,549:INFO:Engine for model 'omp_cds_dt' has not been set explicitly, hence returning None.
2024-11-06 13:46:49,550:INFO:Engine for model 'knn_cds_dt' has not been set explicitly, hence returning None.
2024-11-06 13:46:49,551:INFO:Engine for model 'dt_cds_dt' has not been set explicitly, hence returning None.
2024-11-06 13:46:49,551:INFO:Engine for model 'rf_cds_dt' has not been set explicitly, hence returning None.
2024-11-06 13:46:49,551:INFO:Engine for model 'et_cds_dt' has not been set explicitly, hence returning None.
2024-11-06 13:46:49,552:INFO:Engine for model 'gbr_cds_dt' has not been set explicitly, hence returning None.
2024-11-06 13:46:49,552:INFO:Engine for model 'ada_cds_dt' has not been set explicitly, hence returning None.
2024-11-06 13:46:49,553:INFO:Engine for model 'xgboost_cds_dt' has not been set explicitly, hence returning None.
2024-11-06 13:46:49,553:WARNING:
'xgboost' is a soft dependency and not included in the pycaret installation. Please run: `pip install xgboost` to install.
Alternately, you can install this by running `pip install pycaret[models]`
2024-11-06 13:46:49,553:WARNING:
'xgboost' is a soft dependency and not included in the pycaret installation. Please run: `pip install xgboost` to install.
Alternately, you can install this by running `pip install pycaret[models]`
2024-11-06 13:46:49,553:INFO:Engine for model 'lightgbm_cds_dt' has not been set explicitly, hence returning None.
2024-11-06 13:46:49,553:INFO:Engine for model 'catboost_cds_dt' has not been set explicitly, hence returning None.
2024-11-06 13:46:49,554:WARNING:
'catboost' is a soft dependency and not included in the pycaret installation. Please run: `pip install catboost` to install.
Alternately, you can install this by running `pip install pycaret[models]`
2024-11-06 13:46:49,554:WARNING:
'catboost' is a soft dependency and not included in the pycaret installation. Please run: `pip install catboost` to install.
Alternately, you can install this by running `pip install pycaret[models]`
2024-11-06 13:46:49,558:INFO:Soft dependency imported: prophet: 1.1.6
2024-11-06 13:46:49,559:INFO:Engine for model 'llar_cds_dt' has not been set explicitly, hence returning None.
2024-11-06 13:46:49,559:INFO:Engine for model 'br_cds_dt' has not been set explicitly, hence returning None.
2024-11-06 13:46:49,559:INFO:Engine for model 'huber_cds_dt' has not been set explicitly, hence returning None.
2024-11-06 13:46:49,561:INFO:Engine for model 'omp_cds_dt' has not been set explicitly, hence returning None.
2024-11-06 13:46:49,563:INFO:Engine for model 'knn_cds_dt' has not been set explicitly, hence returning None.
2024-11-06 13:46:49,563:INFO:Engine for model 'dt_cds_dt' has not been set explicitly, hence returning None.
2024-11-06 13:46:49,563:INFO:Engine for model 'rf_cds_dt' has not been set explicitly, hence returning None.
2024-11-06 13:46:49,563:INFO:Engine for model 'et_cds_dt' has not been set explicitly, hence returning None.
2024-11-06 13:46:49,564:INFO:Engine for model 'gbr_cds_dt' has not been set explicitly, hence returning None.
2024-11-06 13:46:49,564:INFO:Engine for model 'ada_cds_dt' has not been set explicitly, hence returning None.
2024-11-06 13:46:49,564:INFO:Engine for model 'xgboost_cds_dt' has not been set explicitly, hence returning None.
2024-11-06 13:46:49,564:WARNING:
'xgboost' is a soft dependency and not included in the pycaret installation. Please run: `pip install xgboost` to install.
Alternately, you can install this by running `pip install pycaret[models]`
2024-11-06 13:46:49,564:WARNING:
'xgboost' is a soft dependency and not included in the pycaret installation. Please run: `pip install xgboost` to install.
Alternately, you can install this by running `pip install pycaret[models]`
2024-11-06 13:46:49,564:INFO:Engine for model 'lightgbm_cds_dt' has not been set explicitly, hence returning None.
2024-11-06 13:46:49,565:INFO:Engine for model 'catboost_cds_dt' has not been set explicitly, hence returning None.
2024-11-06 13:46:49,565:WARNING:
'catboost' is a soft dependency and not included in the pycaret installation. Please run: `pip install catboost` to install.
Alternately, you can install this by running `pip install pycaret[models]`
2024-11-06 13:46:49,565:WARNING:
'catboost' is a soft dependency and not included in the pycaret installation. Please run: `pip install catboost` to install.
Alternately, you can install this by running `pip install pycaret[models]`
2024-11-06 13:46:49,565:INFO:Engine successfully changes for model 'lar_cds_dt' to 'sklearn'.
2024-11-06 13:46:49,567:INFO:Soft dependency imported: prophet: 1.1.6
2024-11-06 13:46:49,568:INFO:Engine for model 'llar_cds_dt' has not been set explicitly, hence returning None.
2024-11-06 13:46:49,569:INFO:Engine for model 'br_cds_dt' has not been set explicitly, hence returning None.
2024-11-06 13:46:49,569:INFO:Engine for model 'huber_cds_dt' has not been set explicitly, hence returning None.
2024-11-06 13:46:49,570:INFO:Engine for model 'omp_cds_dt' has not been set explicitly, hence returning None.
2024-11-06 13:46:49,573:INFO:Engine for model 'knn_cds_dt' has not been set explicitly, hence returning None.
2024-11-06 13:46:49,574:INFO:Engine for model 'dt_cds_dt' has not been set explicitly, hence returning None.
2024-11-06 13:46:49,574:INFO:Engine for model 'rf_cds_dt' has not been set explicitly, hence returning None.
2024-11-06 13:46:49,575:INFO:Engine for model 'et_cds_dt' has not been set explicitly, hence returning None.
2024-11-06 13:46:49,575:INFO:Engine for model 'gbr_cds_dt' has not been set explicitly, hence returning None.
2024-11-06 13:46:49,576:INFO:Engine for model 'ada_cds_dt' has not been set explicitly, hence returning None.
2024-11-06 13:46:49,576:INFO:Engine for model 'xgboost_cds_dt' has not been set explicitly, hence returning None.
2024-11-06 13:46:49,576:WARNING:
'xgboost' is a soft dependency and not included in the pycaret installation. Please run: `pip install xgboost` to install.
Alternately, you can install this by running `pip install pycaret[models]`
2024-11-06 13:46:49,577:WARNING:
'xgboost' is a soft dependency and not included in the pycaret installation. Please run: `pip install xgboost` to install.
Alternately, you can install this by running `pip install pycaret[models]`
2024-11-06 13:46:49,577:INFO:Engine for model 'lightgbm_cds_dt' has not been set explicitly, hence returning None.
2024-11-06 13:46:49,577:INFO:Engine for model 'catboost_cds_dt' has not been set explicitly, hence returning None.
2024-11-06 13:46:49,578:WARNING:
'catboost' is a soft dependency and not included in the pycaret installation. Please run: `pip install catboost` to install.
Alternately, you can install this by running `pip install pycaret[models]`
2024-11-06 13:46:49,578:WARNING:
'catboost' is a soft dependency and not included in the pycaret installation. Please run: `pip install catboost` to install.
Alternately, you can install this by running `pip install pycaret[models]`
2024-11-06 13:46:49,582:INFO:Soft dependency imported: prophet: 1.1.6
2024-11-06 13:46:49,584:INFO:Engine for model 'llar_cds_dt' has not been set explicitly, hence returning None.
2024-11-06 13:46:49,584:INFO:Engine for model 'br_cds_dt' has not been set explicitly, hence returning None.
2024-11-06 13:46:49,585:INFO:Engine for model 'huber_cds_dt' has not been set explicitly, hence returning None.
2024-11-06 13:46:49,587:INFO:Engine for model 'omp_cds_dt' has not been set explicitly, hence returning None.
2024-11-06 13:46:49,589:INFO:Engine for model 'knn_cds_dt' has not been set explicitly, hence returning None.
2024-11-06 13:46:49,590:INFO:Engine for model 'dt_cds_dt' has not been set explicitly, hence returning None.
2024-11-06 13:46:49,590:INFO:Engine for model 'rf_cds_dt' has not been set explicitly, hence returning None.
2024-11-06 13:46:49,591:INFO:Engine for model 'et_cds_dt' has not been set explicitly, hence returning None.
2024-11-06 13:46:49,591:INFO:Engine for model 'gbr_cds_dt' has not been set explicitly, hence returning None.
2024-11-06 13:46:49,591:INFO:Engine for model 'ada_cds_dt' has not been set explicitly, hence returning None.
2024-11-06 13:46:49,592:INFO:Engine for model 'xgboost_cds_dt' has not been set explicitly, hence returning None.
2024-11-06 13:46:49,592:WARNING:
'xgboost' is a soft dependency and not included in the pycaret installation. Please run: `pip install xgboost` to install.
Alternately, you can install this by running `pip install pycaret[models]`
2024-11-06 13:46:49,592:WARNING:
'xgboost' is a soft dependency and not included in the pycaret installation. Please run: `pip install xgboost` to install.
Alternately, you can install this by running `pip install pycaret[models]`
2024-11-06 13:46:49,592:INFO:Engine for model 'lightgbm_cds_dt' has not been set explicitly, hence returning None.
2024-11-06 13:46:49,592:INFO:Engine for model 'catboost_cds_dt' has not been set explicitly, hence returning None.
2024-11-06 13:46:49,592:WARNING:
'catboost' is a soft dependency and not included in the pycaret installation. Please run: `pip install catboost` to install.
Alternately, you can install this by running `pip install pycaret[models]`
2024-11-06 13:46:49,592:WARNING:
'catboost' is a soft dependency and not included in the pycaret installation. Please run: `pip install catboost` to install.
Alternately, you can install this by running `pip install pycaret[models]`
2024-11-06 13:46:49,593:INFO:Engine successfully changes for model 'llar_cds_dt' to 'sklearn'.
2024-11-06 13:46:49,599:INFO:Soft dependency imported: prophet: 1.1.6
2024-11-06 13:46:49,600:INFO:Engine for model 'br_cds_dt' has not been set explicitly, hence returning None.
2024-11-06 13:46:49,600:INFO:Engine for model 'huber_cds_dt' has not been set explicitly, hence returning None.
2024-11-06 13:46:49,601:INFO:Engine for model 'omp_cds_dt' has not been set explicitly, hence returning None.
2024-11-06 13:46:49,603:INFO:Engine for model 'knn_cds_dt' has not been set explicitly, hence returning None.
2024-11-06 13:46:49,603:INFO:Engine for model 'dt_cds_dt' has not been set explicitly, hence returning None.
2024-11-06 13:46:49,604:INFO:Engine for model 'rf_cds_dt' has not been set explicitly, hence returning None.
2024-11-06 13:46:49,604:INFO:Engine for model 'et_cds_dt' has not been set explicitly, hence returning None.
2024-11-06 13:46:49,606:INFO:Engine for model 'gbr_cds_dt' has not been set explicitly, hence returning None.
2024-11-06 13:46:49,607:INFO:Engine for model 'ada_cds_dt' has not been set explicitly, hence returning None.
2024-11-06 13:46:49,607:INFO:Engine for model 'xgboost_cds_dt' has not been set explicitly, hence returning None.
2024-11-06 13:46:49,607:WARNING:
'xgboost' is a soft dependency and not included in the pycaret installation. Please run: `pip install xgboost` to install.
Alternately, you can install this by running `pip install pycaret[models]`
2024-11-06 13:46:49,607:WARNING:
'xgboost' is a soft dependency and not included in the pycaret installation. Please run: `pip install xgboost` to install.
Alternately, you can install this by running `pip install pycaret[models]`
2024-11-06 13:46:49,607:INFO:Engine for model 'lightgbm_cds_dt' has not been set explicitly, hence returning None.
2024-11-06 13:46:49,608:INFO:Engine for model 'catboost_cds_dt' has not been set explicitly, hence returning None.
2024-11-06 13:46:49,608:WARNING:
'catboost' is a soft dependency and not included in the pycaret installation. Please run: `pip install catboost` to install.
Alternately, you can install this by running `pip install pycaret[models]`
2024-11-06 13:46:49,608:WARNING:
'catboost' is a soft dependency and not included in the pycaret installation. Please run: `pip install catboost` to install.
Alternately, you can install this by running `pip install pycaret[models]`
2024-11-06 13:46:49,613:INFO:Soft dependency imported: prophet: 1.1.6
2024-11-06 13:46:49,614:INFO:Engine for model 'br_cds_dt' has not been set explicitly, hence returning None.
2024-11-06 13:46:49,614:INFO:Engine for model 'huber_cds_dt' has not been set explicitly, hence returning None.
2024-11-06 13:46:49,615:INFO:Engine for model 'omp_cds_dt' has not been set explicitly, hence returning None.
2024-11-06 13:46:49,617:INFO:Engine for model 'knn_cds_dt' has not been set explicitly, hence returning None.
2024-11-06 13:46:49,617:INFO:Engine for model 'dt_cds_dt' has not been set explicitly, hence returning None.
2024-11-06 13:46:49,617:INFO:Engine for model 'rf_cds_dt' has not been set explicitly, hence returning None.
2024-11-06 13:46:49,618:INFO:Engine for model 'et_cds_dt' has not been set explicitly, hence returning None.
2024-11-06 13:46:49,618:INFO:Engine for model 'gbr_cds_dt' has not been set explicitly, hence returning None.
2024-11-06 13:46:49,618:INFO:Engine for model 'ada_cds_dt' has not been set explicitly, hence returning None.
2024-11-06 13:46:49,618:INFO:Engine for model 'xgboost_cds_dt' has not been set explicitly, hence returning None.
2024-11-06 13:46:49,618:WARNING:
'xgboost' is a soft dependency and not included in the pycaret installation. Please run: `pip install xgboost` to install.
Alternately, you can install this by running `pip install pycaret[models]`
2024-11-06 13:46:49,618:WARNING:
'xgboost' is a soft dependency and not included in the pycaret installation. Please run: `pip install xgboost` to install.
Alternately, you can install this by running `pip install pycaret[models]`
2024-11-06 13:46:49,619:INFO:Engine for model 'lightgbm_cds_dt' has not been set explicitly, hence returning None.
2024-11-06 13:46:49,619:INFO:Engine for model 'catboost_cds_dt' has not been set explicitly, hence returning None.
2024-11-06 13:46:49,619:WARNING:
'catboost' is a soft dependency and not included in the pycaret installation. Please run: `pip install catboost` to install.
Alternately, you can install this by running `pip install pycaret[models]`
2024-11-06 13:46:49,619:WARNING:
'catboost' is a soft dependency and not included in the pycaret installation. Please run: `pip install catboost` to install.
Alternately, you can install this by running `pip install pycaret[models]`
2024-11-06 13:46:49,619:INFO:Engine successfully changes for model 'br_cds_dt' to 'sklearn'.
2024-11-06 13:46:49,623:INFO:Soft dependency imported: prophet: 1.1.6
2024-11-06 13:46:49,625:INFO:Engine for model 'huber_cds_dt' has not been set explicitly, hence returning None.
2024-11-06 13:46:49,628:INFO:Engine for model 'omp_cds_dt' has not been set explicitly, hence returning None.
2024-11-06 13:46:49,630:INFO:Engine for model 'knn_cds_dt' has not been set explicitly, hence returning None.
2024-11-06 13:46:49,631:INFO:Engine for model 'dt_cds_dt' has not been set explicitly, hence returning None.
2024-11-06 13:46:49,631:INFO:Engine for model 'rf_cds_dt' has not been set explicitly, hence returning None.
2024-11-06 13:46:49,632:INFO:Engine for model 'et_cds_dt' has not been set explicitly, hence returning None.
2024-11-06 13:46:49,633:INFO:Engine for model 'gbr_cds_dt' has not been set explicitly, hence returning None.
2024-11-06 13:46:49,633:INFO:Engine for model 'ada_cds_dt' has not been set explicitly, hence returning None.
2024-11-06 13:46:49,633:INFO:Engine for model 'xgboost_cds_dt' has not been set explicitly, hence returning None.
2024-11-06 13:46:49,633:WARNING:
'xgboost' is a soft dependency and not included in the pycaret installation. Please run: `pip install xgboost` to install.
Alternately, you can install this by running `pip install pycaret[models]`
2024-11-06 13:46:49,633:WARNING:
'xgboost' is a soft dependency and not included in the pycaret installation. Please run: `pip install xgboost` to install.
Alternately, you can install this by running `pip install pycaret[models]`
2024-11-06 13:46:49,633:INFO:Engine for model 'lightgbm_cds_dt' has not been set explicitly, hence returning None.
2024-11-06 13:46:49,634:INFO:Engine for model 'catboost_cds_dt' has not been set explicitly, hence returning None.
2024-11-06 13:46:49,634:WARNING:
'catboost' is a soft dependency and not included in the pycaret installation. Please run: `pip install catboost` to install.
Alternately, you can install this by running `pip install pycaret[models]`
2024-11-06 13:46:49,634:WARNING:
'catboost' is a soft dependency and not included in the pycaret installation. Please run: `pip install catboost` to install.
Alternately, you can install this by running `pip install pycaret[models]`
2024-11-06 13:46:49,638:INFO:Soft dependency imported: prophet: 1.1.6
2024-11-06 13:46:49,640:INFO:Engine for model 'huber_cds_dt' has not been set explicitly, hence returning None.
2024-11-06 13:46:49,644:INFO:Engine for model 'omp_cds_dt' has not been set explicitly, hence returning None.
2024-11-06 13:46:49,645:INFO:Engine for model 'knn_cds_dt' has not been set explicitly, hence returning None.
2024-11-06 13:46:49,646:INFO:Engine for model 'dt_cds_dt' has not been set explicitly, hence returning None.
2024-11-06 13:46:49,646:INFO:Engine for model 'rf_cds_dt' has not been set explicitly, hence returning None.
2024-11-06 13:46:49,646:INFO:Engine for model 'et_cds_dt' has not been set explicitly, hence returning None.
2024-11-06 13:46:49,647:INFO:Engine for model 'gbr_cds_dt' has not been set explicitly, hence returning None.
2024-11-06 13:46:49,647:INFO:Engine for model 'ada_cds_dt' has not been set explicitly, hence returning None.
2024-11-06 13:46:49,647:INFO:Engine for model 'xgboost_cds_dt' has not been set explicitly, hence returning None.
2024-11-06 13:46:49,647:WARNING:
'xgboost' is a soft dependency and not included in the pycaret installation. Please run: `pip install xgboost` to install.
Alternately, you can install this by running `pip install pycaret[models]`
2024-11-06 13:46:49,647:WARNING:
'xgboost' is a soft dependency and not included in the pycaret installation. Please run: `pip install xgboost` to install.
Alternately, you can install this by running `pip install pycaret[models]`
2024-11-06 13:46:49,647:INFO:Engine for model 'lightgbm_cds_dt' has not been set explicitly, hence returning None.
2024-11-06 13:46:49,648:INFO:Engine for model 'catboost_cds_dt' has not been set explicitly, hence returning None.
2024-11-06 13:46:49,648:WARNING:
'catboost' is a soft dependency and not included in the pycaret installation. Please run: `pip install catboost` to install.
Alternately, you can install this by running `pip install pycaret[models]`
2024-11-06 13:46:49,648:WARNING:
'catboost' is a soft dependency and not included in the pycaret installation. Please run: `pip install catboost` to install.
Alternately, you can install this by running `pip install pycaret[models]`
2024-11-06 13:46:49,648:INFO:Engine successfully changes for model 'huber_cds_dt' to 'sklearn'.
2024-11-06 13:46:49,655:INFO:Soft dependency imported: prophet: 1.1.6
2024-11-06 13:46:49,658:INFO:Engine for model 'omp_cds_dt' has not been set explicitly, hence returning None.
2024-11-06 13:46:49,659:INFO:Engine for model 'knn_cds_dt' has not been set explicitly, hence returning None.
2024-11-06 13:46:49,660:INFO:Engine for model 'dt_cds_dt' has not been set explicitly, hence returning None.
2024-11-06 13:46:49,660:INFO:Engine for model 'rf_cds_dt' has not been set explicitly, hence returning None.
2024-11-06 13:46:49,660:INFO:Engine for model 'et_cds_dt' has not been set explicitly, hence returning None.
2024-11-06 13:46:49,660:INFO:Engine for model 'gbr_cds_dt' has not been set explicitly, hence returning None.
2024-11-06 13:46:49,661:INFO:Engine for model 'ada_cds_dt' has not been set explicitly, hence returning None.
2024-11-06 13:46:49,661:INFO:Engine for model 'xgboost_cds_dt' has not been set explicitly, hence returning None.
2024-11-06 13:46:49,661:WARNING:
'xgboost' is a soft dependency and not included in the pycaret installation. Please run: `pip install xgboost` to install.
Alternately, you can install this by running `pip install pycaret[models]`
2024-11-06 13:46:49,661:WARNING:
'xgboost' is a soft dependency and not included in the pycaret installation. Please run: `pip install xgboost` to install.
Alternately, you can install this by running `pip install pycaret[models]`
2024-11-06 13:46:49,661:INFO:Engine for model 'lightgbm_cds_dt' has not been set explicitly, hence returning None.
2024-11-06 13:46:49,662:INFO:Engine for model 'catboost_cds_dt' has not been set explicitly, hence returning None.
2024-11-06 13:46:49,662:WARNING:
'catboost' is a soft dependency and not included in the pycaret installation. Please run: `pip install catboost` to install.
Alternately, you can install this by running `pip install pycaret[models]`
2024-11-06 13:46:49,662:WARNING:
'catboost' is a soft dependency and not included in the pycaret installation. Please run: `pip install catboost` to install.
Alternately, you can install this by running `pip install pycaret[models]`
2024-11-06 13:46:49,669:INFO:Soft dependency imported: prophet: 1.1.6
2024-11-06 13:46:49,673:INFO:Engine for model 'omp_cds_dt' has not been set explicitly, hence returning None.
2024-11-06 13:46:49,675:INFO:Engine for model 'knn_cds_dt' has not been set explicitly, hence returning None.
2024-11-06 13:46:49,675:INFO:Engine for model 'dt_cds_dt' has not been set explicitly, hence returning None.
2024-11-06 13:46:49,676:INFO:Engine for model 'rf_cds_dt' has not been set explicitly, hence returning None.
2024-11-06 13:46:49,677:INFO:Engine for model 'et_cds_dt' has not been set explicitly, hence returning None.
2024-11-06 13:46:49,677:INFO:Engine for model 'gbr_cds_dt' has not been set explicitly, hence returning None.
2024-11-06 13:46:49,678:INFO:Engine for model 'ada_cds_dt' has not been set explicitly, hence returning None.
2024-11-06 13:46:49,678:INFO:Engine for model 'xgboost_cds_dt' has not been set explicitly, hence returning None.
2024-11-06 13:46:49,678:WARNING:
'xgboost' is a soft dependency and not included in the pycaret installation. Please run: `pip install xgboost` to install.
Alternately, you can install this by running `pip install pycaret[models]`
2024-11-06 13:46:49,678:WARNING:
'xgboost' is a soft dependency and not included in the pycaret installation. Please run: `pip install xgboost` to install.
Alternately, you can install this by running `pip install pycaret[models]`
2024-11-06 13:46:49,678:INFO:Engine for model 'lightgbm_cds_dt' has not been set explicitly, hence returning None.
2024-11-06 13:46:49,679:INFO:Engine for model 'catboost_cds_dt' has not been set explicitly, hence returning None.
2024-11-06 13:46:49,679:WARNING:
'catboost' is a soft dependency and not included in the pycaret installation. Please run: `pip install catboost` to install.
Alternately, you can install this by running `pip install pycaret[models]`
2024-11-06 13:46:49,679:WARNING:
'catboost' is a soft dependency and not included in the pycaret installation. Please run: `pip install catboost` to install.
Alternately, you can install this by running `pip install pycaret[models]`
2024-11-06 13:46:49,679:INFO:Engine successfully changes for model 'par_cds_dt' to 'sklearn'.
2024-11-06 13:46:49,684:INFO:Soft dependency imported: prophet: 1.1.6
2024-11-06 13:46:49,687:INFO:Engine for model 'omp_cds_dt' has not been set explicitly, hence returning None.
2024-11-06 13:46:49,689:INFO:Engine for model 'knn_cds_dt' has not been set explicitly, hence returning None.
2024-11-06 13:46:49,690:INFO:Engine for model 'dt_cds_dt' has not been set explicitly, hence returning None.
2024-11-06 13:46:49,690:INFO:Engine for model 'rf_cds_dt' has not been set explicitly, hence returning None.
2024-11-06 13:46:49,690:INFO:Engine for model 'et_cds_dt' has not been set explicitly, hence returning None.
2024-11-06 13:46:49,691:INFO:Engine for model 'gbr_cds_dt' has not been set explicitly, hence returning None.
2024-11-06 13:46:49,691:INFO:Engine for model 'ada_cds_dt' has not been set explicitly, hence returning None.
2024-11-06 13:46:49,691:INFO:Engine for model 'xgboost_cds_dt' has not been set explicitly, hence returning None.
2024-11-06 13:46:49,691:WARNING:
'xgboost' is a soft dependency and not included in the pycaret installation. Please run: `pip install xgboost` to install.
Alternately, you can install this by running `pip install pycaret[models]`
2024-11-06 13:46:49,691:WARNING:
'xgboost' is a soft dependency and not included in the pycaret installation. Please run: `pip install xgboost` to install.
Alternately, you can install this by running `pip install pycaret[models]`
2024-11-06 13:46:49,691:INFO:Engine for model 'lightgbm_cds_dt' has not been set explicitly, hence returning None.
2024-11-06 13:46:49,692:INFO:Engine for model 'catboost_cds_dt' has not been set explicitly, hence returning None.
2024-11-06 13:46:49,692:WARNING:
'catboost' is a soft dependency and not included in the pycaret installation. Please run: `pip install catboost` to install.
Alternately, you can install this by running `pip install pycaret[models]`
2024-11-06 13:46:49,692:WARNING:
'catboost' is a soft dependency and not included in the pycaret installation. Please run: `pip install catboost` to install.
Alternately, you can install this by running `pip install pycaret[models]`
2024-11-06 13:46:49,695:INFO:Soft dependency imported: prophet: 1.1.6
2024-11-06 13:46:49,697:INFO:Engine for model 'omp_cds_dt' has not been set explicitly, hence returning None.
2024-11-06 13:46:49,698:INFO:Engine for model 'knn_cds_dt' has not been set explicitly, hence returning None.
2024-11-06 13:46:49,698:INFO:Engine for model 'dt_cds_dt' has not been set explicitly, hence returning None.
2024-11-06 13:46:49,699:INFO:Engine for model 'rf_cds_dt' has not been set explicitly, hence returning None.
2024-11-06 13:46:49,699:INFO:Engine for model 'et_cds_dt' has not been set explicitly, hence returning None.
2024-11-06 13:46:49,699:INFO:Engine for model 'gbr_cds_dt' has not been set explicitly, hence returning None.
2024-11-06 13:46:49,699:INFO:Engine for model 'ada_cds_dt' has not been set explicitly, hence returning None.
2024-11-06 13:46:49,700:INFO:Engine for model 'xgboost_cds_dt' has not been set explicitly, hence returning None.
2024-11-06 13:46:49,700:WARNING:
'xgboost' is a soft dependency and not included in the pycaret installation. Please run: `pip install xgboost` to install.
Alternately, you can install this by running `pip install pycaret[models]`
2024-11-06 13:46:49,700:WARNING:
'xgboost' is a soft dependency and not included in the pycaret installation. Please run: `pip install xgboost` to install.
Alternately, you can install this by running `pip install pycaret[models]`
2024-11-06 13:46:49,700:INFO:Engine for model 'lightgbm_cds_dt' has not been set explicitly, hence returning None.
2024-11-06 13:46:49,700:INFO:Engine for model 'catboost_cds_dt' has not been set explicitly, hence returning None.
2024-11-06 13:46:49,700:WARNING:
'catboost' is a soft dependency and not included in the pycaret installation. Please run: `pip install catboost` to install.
Alternately, you can install this by running `pip install pycaret[models]`
2024-11-06 13:46:49,700:WARNING:
'catboost' is a soft dependency and not included in the pycaret installation. Please run: `pip install catboost` to install.
Alternately, you can install this by running `pip install pycaret[models]`
2024-11-06 13:46:49,701:INFO:Engine successfully changes for model 'omp_cds_dt' to 'sklearn'.
2024-11-06 13:46:49,703:INFO:Soft dependency imported: prophet: 1.1.6
2024-11-06 13:46:49,707:INFO:Engine for model 'knn_cds_dt' has not been set explicitly, hence returning None.
2024-11-06 13:46:49,707:INFO:Engine for model 'dt_cds_dt' has not been set explicitly, hence returning None.
2024-11-06 13:46:49,708:INFO:Engine for model 'rf_cds_dt' has not been set explicitly, hence returning None.
2024-11-06 13:46:49,708:INFO:Engine for model 'et_cds_dt' has not been set explicitly, hence returning None.
2024-11-06 13:46:49,708:INFO:Engine for model 'gbr_cds_dt' has not been set explicitly, hence returning None.
2024-11-06 13:46:49,710:INFO:Engine for model 'ada_cds_dt' has not been set explicitly, hence returning None.
2024-11-06 13:46:49,710:INFO:Engine for model 'xgboost_cds_dt' has not been set explicitly, hence returning None.
2024-11-06 13:46:49,710:WARNING:
'xgboost' is a soft dependency and not included in the pycaret installation. Please run: `pip install xgboost` to install.
Alternately, you can install this by running `pip install pycaret[models]`
2024-11-06 13:46:49,710:WARNING:
'xgboost' is a soft dependency and not included in the pycaret installation. Please run: `pip install xgboost` to install.
Alternately, you can install this by running `pip install pycaret[models]`
2024-11-06 13:46:49,710:INFO:Engine for model 'lightgbm_cds_dt' has not been set explicitly, hence returning None.
2024-11-06 13:46:49,711:INFO:Engine for model 'catboost_cds_dt' has not been set explicitly, hence returning None.
2024-11-06 13:46:49,711:WARNING:
'catboost' is a soft dependency and not included in the pycaret installation. Please run: `pip install catboost` to install.
Alternately, you can install this by running `pip install pycaret[models]`
2024-11-06 13:46:49,711:WARNING:
'catboost' is a soft dependency and not included in the pycaret installation. Please run: `pip install catboost` to install.
Alternately, you can install this by running `pip install pycaret[models]`
2024-11-06 13:46:49,713:INFO:Soft dependency imported: prophet: 1.1.6
2024-11-06 13:46:49,717:INFO:Engine for model 'knn_cds_dt' has not been set explicitly, hence returning None.
2024-11-06 13:46:49,717:INFO:Engine for model 'dt_cds_dt' has not been set explicitly, hence returning None.
2024-11-06 13:46:49,717:INFO:Engine for model 'rf_cds_dt' has not been set explicitly, hence returning None.
2024-11-06 13:46:49,718:INFO:Engine for model 'et_cds_dt' has not been set explicitly, hence returning None.
2024-11-06 13:46:49,718:INFO:Engine for model 'gbr_cds_dt' has not been set explicitly, hence returning None.
2024-11-06 13:46:49,718:INFO:Engine for model 'ada_cds_dt' has not been set explicitly, hence returning None.
2024-11-06 13:46:49,718:INFO:Engine for model 'xgboost_cds_dt' has not been set explicitly, hence returning None.
2024-11-06 13:46:49,718:WARNING:
'xgboost' is a soft dependency and not included in the pycaret installation. Please run: `pip install xgboost` to install.
Alternately, you can install this by running `pip install pycaret[models]`
2024-11-06 13:46:49,718:WARNING:
'xgboost' is a soft dependency and not included in the pycaret installation. Please run: `pip install xgboost` to install.
Alternately, you can install this by running `pip install pycaret[models]`
2024-11-06 13:46:49,719:INFO:Engine for model 'lightgbm_cds_dt' has not been set explicitly, hence returning None.
2024-11-06 13:46:49,719:INFO:Engine for model 'catboost_cds_dt' has not been set explicitly, hence returning None.
2024-11-06 13:46:49,719:WARNING:
'catboost' is a soft dependency and not included in the pycaret installation. Please run: `pip install catboost` to install.
Alternately, you can install this by running `pip install pycaret[models]`
2024-11-06 13:46:49,719:WARNING:
'catboost' is a soft dependency and not included in the pycaret installation. Please run: `pip install catboost` to install.
Alternately, you can install this by running `pip install pycaret[models]`
2024-11-06 13:46:49,719:INFO:Engine successfully changes for model 'knn_cds_dt' to 'sklearn'.
2024-11-06 13:46:49,723:INFO:Soft dependency imported: prophet: 1.1.6
2024-11-06 13:46:49,728:INFO:Engine for model 'dt_cds_dt' has not been set explicitly, hence returning None.
2024-11-06 13:46:49,729:INFO:Engine for model 'rf_cds_dt' has not been set explicitly, hence returning None.
2024-11-06 13:46:49,729:INFO:Engine for model 'et_cds_dt' has not been set explicitly, hence returning None.
2024-11-06 13:46:49,729:INFO:Engine for model 'gbr_cds_dt' has not been set explicitly, hence returning None.
2024-11-06 13:46:49,730:INFO:Engine for model 'ada_cds_dt' has not been set explicitly, hence returning None.
2024-11-06 13:46:49,730:INFO:Engine for model 'xgboost_cds_dt' has not been set explicitly, hence returning None.
2024-11-06 13:46:49,730:WARNING:
'xgboost' is a soft dependency and not included in the pycaret installation. Please run: `pip install xgboost` to install.
Alternately, you can install this by running `pip install pycaret[models]`
2024-11-06 13:46:49,730:WARNING:
'xgboost' is a soft dependency and not included in the pycaret installation. Please run: `pip install xgboost` to install.
Alternately, you can install this by running `pip install pycaret[models]`
2024-11-06 13:46:49,731:INFO:Engine for model 'lightgbm_cds_dt' has not been set explicitly, hence returning None.
2024-11-06 13:46:49,731:INFO:Engine for model 'catboost_cds_dt' has not been set explicitly, hence returning None.
2024-11-06 13:46:49,731:WARNING:
'catboost' is a soft dependency and not included in the pycaret installation. Please run: `pip install catboost` to install.
Alternately, you can install this by running `pip install pycaret[models]`
2024-11-06 13:46:49,731:WARNING:
'catboost' is a soft dependency and not included in the pycaret installation. Please run: `pip install catboost` to install.
Alternately, you can install this by running `pip install pycaret[models]`
2024-11-06 13:46:49,734:INFO:Soft dependency imported: prophet: 1.1.6
2024-11-06 13:46:49,742:INFO:Engine for model 'dt_cds_dt' has not been set explicitly, hence returning None.
2024-11-06 13:46:49,742:INFO:Engine for model 'rf_cds_dt' has not been set explicitly, hence returning None.
2024-11-06 13:46:49,742:INFO:Engine for model 'et_cds_dt' has not been set explicitly, hence returning None.
2024-11-06 13:46:49,742:INFO:Engine for model 'gbr_cds_dt' has not been set explicitly, hence returning None.
2024-11-06 13:46:49,743:INFO:Engine for model 'ada_cds_dt' has not been set explicitly, hence returning None.
2024-11-06 13:46:49,743:INFO:Engine for model 'xgboost_cds_dt' has not been set explicitly, hence returning None.
2024-11-06 13:46:49,744:WARNING:
'xgboost' is a soft dependency and not included in the pycaret installation. Please run: `pip install xgboost` to install.
Alternately, you can install this by running `pip install pycaret[models]`
2024-11-06 13:46:49,744:WARNING:
'xgboost' is a soft dependency and not included in the pycaret installation. Please run: `pip install xgboost` to install.
Alternately, you can install this by running `pip install pycaret[models]`
2024-11-06 13:46:49,744:INFO:Engine for model 'lightgbm_cds_dt' has not been set explicitly, hence returning None.
2024-11-06 13:46:49,744:INFO:Engine for model 'catboost_cds_dt' has not been set explicitly, hence returning None.
2024-11-06 13:46:49,744:WARNING:
'catboost' is a soft dependency and not included in the pycaret installation. Please run: `pip install catboost` to install.
Alternately, you can install this by running `pip install pycaret[models]`
2024-11-06 13:46:49,744:WARNING:
'catboost' is a soft dependency and not included in the pycaret installation. Please run: `pip install catboost` to install.
Alternately, you can install this by running `pip install pycaret[models]`
2024-11-06 13:46:49,744:INFO:Engine successfully changes for model 'dt_cds_dt' to 'sklearn'.
2024-11-06 13:46:49,747:INFO:Soft dependency imported: prophet: 1.1.6
2024-11-06 13:46:49,751:INFO:Engine for model 'rf_cds_dt' has not been set explicitly, hence returning None.
2024-11-06 13:46:49,751:INFO:Engine for model 'et_cds_dt' has not been set explicitly, hence returning None.
2024-11-06 13:46:49,751:INFO:Engine for model 'gbr_cds_dt' has not been set explicitly, hence returning None.
2024-11-06 13:46:49,751:INFO:Engine for model 'ada_cds_dt' has not been set explicitly, hence returning None.
2024-11-06 13:46:49,752:INFO:Engine for model 'xgboost_cds_dt' has not been set explicitly, hence returning None.
2024-11-06 13:46:49,752:WARNING:
'xgboost' is a soft dependency and not included in the pycaret installation. Please run: `pip install xgboost` to install.
Alternately, you can install this by running `pip install pycaret[models]`
2024-11-06 13:46:49,752:WARNING:
'xgboost' is a soft dependency and not included in the pycaret installation. Please run: `pip install xgboost` to install.
Alternately, you can install this by running `pip install pycaret[models]`
2024-11-06 13:46:49,752:INFO:Engine for model 'lightgbm_cds_dt' has not been set explicitly, hence returning None.
2024-11-06 13:46:49,752:INFO:Engine for model 'catboost_cds_dt' has not been set explicitly, hence returning None.
2024-11-06 13:46:49,753:WARNING:
'catboost' is a soft dependency and not included in the pycaret installation. Please run: `pip install catboost` to install.
Alternately, you can install this by running `pip install pycaret[models]`
2024-11-06 13:46:49,753:WARNING:
'catboost' is a soft dependency and not included in the pycaret installation. Please run: `pip install catboost` to install.
Alternately, you can install this by running `pip install pycaret[models]`
2024-11-06 13:46:49,756:INFO:Soft dependency imported: prophet: 1.1.6
2024-11-06 13:46:49,759:INFO:Engine for model 'rf_cds_dt' has not been set explicitly, hence returning None.
2024-11-06 13:46:49,760:INFO:Engine for model 'et_cds_dt' has not been set explicitly, hence returning None.
2024-11-06 13:46:49,760:INFO:Engine for model 'gbr_cds_dt' has not been set explicitly, hence returning None.
2024-11-06 13:46:49,760:INFO:Engine for model 'ada_cds_dt' has not been set explicitly, hence returning None.
2024-11-06 13:46:49,761:INFO:Engine for model 'xgboost_cds_dt' has not been set explicitly, hence returning None.
2024-11-06 13:46:49,761:WARNING:
'xgboost' is a soft dependency and not included in the pycaret installation. Please run: `pip install xgboost` to install.
Alternately, you can install this by running `pip install pycaret[models]`
2024-11-06 13:46:49,761:WARNING:
'xgboost' is a soft dependency and not included in the pycaret installation. Please run: `pip install xgboost` to install.
Alternately, you can install this by running `pip install pycaret[models]`
2024-11-06 13:46:49,761:INFO:Engine for model 'lightgbm_cds_dt' has not been set explicitly, hence returning None.
2024-11-06 13:46:49,761:INFO:Engine for model 'catboost_cds_dt' has not been set explicitly, hence returning None.
2024-11-06 13:46:49,761:WARNING:
'catboost' is a soft dependency and not included in the pycaret installation. Please run: `pip install catboost` to install.
Alternately, you can install this by running `pip install pycaret[models]`
2024-11-06 13:46:49,761:WARNING:
'catboost' is a soft dependency and not included in the pycaret installation. Please run: `pip install catboost` to install.
Alternately, you can install this by running `pip install pycaret[models]`
2024-11-06 13:46:49,761:INFO:Engine successfully changes for model 'rf_cds_dt' to 'sklearn'.
2024-11-06 13:46:49,764:INFO:Soft dependency imported: prophet: 1.1.6
2024-11-06 13:46:49,768:INFO:Engine for model 'et_cds_dt' has not been set explicitly, hence returning None.
2024-11-06 13:46:49,768:INFO:Engine for model 'gbr_cds_dt' has not been set explicitly, hence returning None.
2024-11-06 13:46:49,769:INFO:Engine for model 'ada_cds_dt' has not been set explicitly, hence returning None.
2024-11-06 13:46:49,769:INFO:Engine for model 'xgboost_cds_dt' has not been set explicitly, hence returning None.
2024-11-06 13:46:49,769:WARNING:
'xgboost' is a soft dependency and not included in the pycaret installation. Please run: `pip install xgboost` to install.
Alternately, you can install this by running `pip install pycaret[models]`
2024-11-06 13:46:49,769:WARNING:
'xgboost' is a soft dependency and not included in the pycaret installation. Please run: `pip install xgboost` to install.
Alternately, you can install this by running `pip install pycaret[models]`
2024-11-06 13:46:49,769:INFO:Engine for model 'lightgbm_cds_dt' has not been set explicitly, hence returning None.
2024-11-06 13:46:49,769:INFO:Engine for model 'catboost_cds_dt' has not been set explicitly, hence returning None.
2024-11-06 13:46:49,769:WARNING:
'catboost' is a soft dependency and not included in the pycaret installation. Please run: `pip install catboost` to install.
Alternately, you can install this by running `pip install pycaret[models]`
2024-11-06 13:46:49,769:WARNING:
'catboost' is a soft dependency and not included in the pycaret installation. Please run: `pip install catboost` to install.
Alternately, you can install this by running `pip install pycaret[models]`
2024-11-06 13:46:49,773:INFO:Soft dependency imported: prophet: 1.1.6
2024-11-06 13:46:49,779:INFO:Engine for model 'et_cds_dt' has not been set explicitly, hence returning None.
2024-11-06 13:46:49,780:INFO:Engine for model 'gbr_cds_dt' has not been set explicitly, hence returning None.
2024-11-06 13:46:49,780:INFO:Engine for model 'ada_cds_dt' has not been set explicitly, hence returning None.
2024-11-06 13:46:49,780:INFO:Engine for model 'xgboost_cds_dt' has not been set explicitly, hence returning None.
2024-11-06 13:46:49,780:WARNING:
'xgboost' is a soft dependency and not included in the pycaret installation. Please run: `pip install xgboost` to install.
Alternately, you can install this by running `pip install pycaret[models]`
2024-11-06 13:46:49,780:WARNING:
'xgboost' is a soft dependency and not included in the pycaret installation. Please run: `pip install xgboost` to install.
Alternately, you can install this by running `pip install pycaret[models]`
2024-11-06 13:46:49,780:INFO:Engine for model 'lightgbm_cds_dt' has not been set explicitly, hence returning None.
2024-11-06 13:46:49,781:INFO:Engine for model 'catboost_cds_dt' has not been set explicitly, hence returning None.
2024-11-06 13:46:49,781:WARNING:
'catboost' is a soft dependency and not included in the pycaret installation. Please run: `pip install catboost` to install.
Alternately, you can install this by running `pip install pycaret[models]`
2024-11-06 13:46:49,781:WARNING:
'catboost' is a soft dependency and not included in the pycaret installation. Please run: `pip install catboost` to install.
Alternately, you can install this by running `pip install pycaret[models]`
2024-11-06 13:46:49,781:INFO:Engine successfully changes for model 'et_cds_dt' to 'sklearn'.
2024-11-06 13:46:49,785:INFO:Soft dependency imported: prophet: 1.1.6
2024-11-06 13:46:49,792:INFO:Engine for model 'gbr_cds_dt' has not been set explicitly, hence returning None.
2024-11-06 13:46:49,792:INFO:Engine for model 'ada_cds_dt' has not been set explicitly, hence returning None.
2024-11-06 13:46:49,792:INFO:Engine for model 'xgboost_cds_dt' has not been set explicitly, hence returning None.
2024-11-06 13:46:49,792:WARNING:
'xgboost' is a soft dependency and not included in the pycaret installation. Please run: `pip install xgboost` to install.
Alternately, you can install this by running `pip install pycaret[models]`
2024-11-06 13:46:49,792:WARNING:
'xgboost' is a soft dependency and not included in the pycaret installation. Please run: `pip install xgboost` to install.
Alternately, you can install this by running `pip install pycaret[models]`
2024-11-06 13:46:49,792:INFO:Engine for model 'lightgbm_cds_dt' has not been set explicitly, hence returning None.
2024-11-06 13:46:49,793:INFO:Engine for model 'catboost_cds_dt' has not been set explicitly, hence returning None.
2024-11-06 13:46:49,793:WARNING:
'catboost' is a soft dependency and not included in the pycaret installation. Please run: `pip install catboost` to install.
Alternately, you can install this by running `pip install pycaret[models]`
2024-11-06 13:46:49,793:WARNING:
'catboost' is a soft dependency and not included in the pycaret installation. Please run: `pip install catboost` to install.
Alternately, you can install this by running `pip install pycaret[models]`
2024-11-06 13:46:49,796:INFO:Soft dependency imported: prophet: 1.1.6
2024-11-06 13:46:49,800:INFO:Engine for model 'gbr_cds_dt' has not been set explicitly, hence returning None.
2024-11-06 13:46:49,800:INFO:Engine for model 'ada_cds_dt' has not been set explicitly, hence returning None.
2024-11-06 13:46:49,801:INFO:Engine for model 'xgboost_cds_dt' has not been set explicitly, hence returning None.
2024-11-06 13:46:49,801:WARNING:
'xgboost' is a soft dependency and not included in the pycaret installation. Please run: `pip install xgboost` to install.
Alternately, you can install this by running `pip install pycaret[models]`
2024-11-06 13:46:49,801:WARNING:
'xgboost' is a soft dependency and not included in the pycaret installation. Please run: `pip install xgboost` to install.
Alternately, you can install this by running `pip install pycaret[models]`
2024-11-06 13:46:49,801:INFO:Engine for model 'lightgbm_cds_dt' has not been set explicitly, hence returning None.
2024-11-06 13:46:49,801:INFO:Engine for model 'catboost_cds_dt' has not been set explicitly, hence returning None.
2024-11-06 13:46:49,801:WARNING:
'catboost' is a soft dependency and not included in the pycaret installation. Please run: `pip install catboost` to install.
Alternately, you can install this by running `pip install pycaret[models]`
2024-11-06 13:46:49,801:WARNING:
'catboost' is a soft dependency and not included in the pycaret installation. Please run: `pip install catboost` to install.
Alternately, you can install this by running `pip install pycaret[models]`
2024-11-06 13:46:49,802:INFO:Engine successfully changes for model 'gbr_cds_dt' to 'sklearn'.
2024-11-06 13:46:49,804:INFO:Soft dependency imported: prophet: 1.1.6
2024-11-06 13:46:49,810:INFO:Engine for model 'ada_cds_dt' has not been set explicitly, hence returning None.
2024-11-06 13:46:49,810:INFO:Engine for model 'xgboost_cds_dt' has not been set explicitly, hence returning None.
2024-11-06 13:46:49,810:WARNING:
'xgboost' is a soft dependency and not included in the pycaret installation. Please run: `pip install xgboost` to install.
Alternately, you can install this by running `pip install pycaret[models]`
2024-11-06 13:46:49,810:WARNING:
'xgboost' is a soft dependency and not included in the pycaret installation. Please run: `pip install xgboost` to install.
Alternately, you can install this by running `pip install pycaret[models]`
2024-11-06 13:46:49,810:INFO:Engine for model 'lightgbm_cds_dt' has not been set explicitly, hence returning None.
2024-11-06 13:46:49,811:INFO:Engine for model 'catboost_cds_dt' has not been set explicitly, hence returning None.
2024-11-06 13:46:49,811:WARNING:
'catboost' is a soft dependency and not included in the pycaret installation. Please run: `pip install catboost` to install.
Alternately, you can install this by running `pip install pycaret[models]`
2024-11-06 13:46:49,811:WARNING:
'catboost' is a soft dependency and not included in the pycaret installation. Please run: `pip install catboost` to install.
Alternately, you can install this by running `pip install pycaret[models]`
2024-11-06 13:46:49,813:INFO:Soft dependency imported: prophet: 1.1.6
2024-11-06 13:46:49,818:INFO:Engine for model 'ada_cds_dt' has not been set explicitly, hence returning None.
2024-11-06 13:46:49,818:INFO:Engine for model 'xgboost_cds_dt' has not been set explicitly, hence returning None.
2024-11-06 13:46:49,818:WARNING:
'xgboost' is a soft dependency and not included in the pycaret installation. Please run: `pip install xgboost` to install.
Alternately, you can install this by running `pip install pycaret[models]`
2024-11-06 13:46:49,818:WARNING:
'xgboost' is a soft dependency and not included in the pycaret installation. Please run: `pip install xgboost` to install.
Alternately, you can install this by running `pip install pycaret[models]`
2024-11-06 13:46:49,819:INFO:Engine for model 'lightgbm_cds_dt' has not been set explicitly, hence returning None.
2024-11-06 13:46:49,819:INFO:Engine for model 'catboost_cds_dt' has not been set explicitly, hence returning None.
2024-11-06 13:46:49,819:WARNING:
'catboost' is a soft dependency and not included in the pycaret installation. Please run: `pip install catboost` to install.
Alternately, you can install this by running `pip install pycaret[models]`
2024-11-06 13:46:49,819:WARNING:
'catboost' is a soft dependency and not included in the pycaret installation. Please run: `pip install catboost` to install.
Alternately, you can install this by running `pip install pycaret[models]`
2024-11-06 13:46:49,819:INFO:Engine successfully changes for model 'ada_cds_dt' to 'sklearn'.
2024-11-06 13:46:49,822:INFO:Soft dependency imported: prophet: 1.1.6
2024-11-06 13:46:49,828:INFO:Engine for model 'xgboost_cds_dt' has not been set explicitly, hence returning None.
2024-11-06 13:46:49,828:WARNING:
'xgboost' is a soft dependency and not included in the pycaret installation. Please run: `pip install xgboost` to install.
Alternately, you can install this by running `pip install pycaret[models]`
2024-11-06 13:46:49,828:WARNING:
'xgboost' is a soft dependency and not included in the pycaret installation. Please run: `pip install xgboost` to install.
Alternately, you can install this by running `pip install pycaret[models]`
2024-11-06 13:46:49,829:INFO:Engine for model 'lightgbm_cds_dt' has not been set explicitly, hence returning None.
2024-11-06 13:46:49,829:INFO:Engine for model 'catboost_cds_dt' has not been set explicitly, hence returning None.
2024-11-06 13:46:49,829:WARNING:
'catboost' is a soft dependency and not included in the pycaret installation. Please run: `pip install catboost` to install.
Alternately, you can install this by running `pip install pycaret[models]`
2024-11-06 13:46:49,829:WARNING:
'catboost' is a soft dependency and not included in the pycaret installation. Please run: `pip install catboost` to install.
Alternately, you can install this by running `pip install pycaret[models]`
2024-11-06 13:46:49,832:INFO:Soft dependency imported: prophet: 1.1.6
2024-11-06 13:46:49,839:INFO:Engine for model 'xgboost_cds_dt' has not been set explicitly, hence returning None.
2024-11-06 13:46:49,839:WARNING:
'xgboost' is a soft dependency and not included in the pycaret installation. Please run: `pip install xgboost` to install.
Alternately, you can install this by running `pip install pycaret[models]`
2024-11-06 13:46:49,839:WARNING:
'xgboost' is a soft dependency and not included in the pycaret installation. Please run: `pip install xgboost` to install.
Alternately, you can install this by running `pip install pycaret[models]`
2024-11-06 13:46:49,839:INFO:Engine for model 'lightgbm_cds_dt' has not been set explicitly, hence returning None.
2024-11-06 13:46:49,840:INFO:Engine for model 'catboost_cds_dt' has not been set explicitly, hence returning None.
2024-11-06 13:46:49,840:WARNING:
'catboost' is a soft dependency and not included in the pycaret installation. Please run: `pip install catboost` to install.
Alternately, you can install this by running `pip install pycaret[models]`
2024-11-06 13:46:49,840:WARNING:
'catboost' is a soft dependency and not included in the pycaret installation. Please run: `pip install catboost` to install.
Alternately, you can install this by running `pip install pycaret[models]`
2024-11-06 13:46:49,840:INFO:Engine successfully changes for model 'xgboost_cds_dt' to 'sklearn'.
2024-11-06 13:46:49,843:INFO:Soft dependency imported: prophet: 1.1.6
2024-11-06 13:46:49,848:WARNING:
'xgboost' is a soft dependency and not included in the pycaret installation. Please run: `pip install xgboost` to install.
Alternately, you can install this by running `pip install pycaret[models]`
2024-11-06 13:46:49,848:WARNING:
'xgboost' is a soft dependency and not included in the pycaret installation. Please run: `pip install xgboost` to install.
Alternately, you can install this by running `pip install pycaret[models]`
2024-11-06 13:46:49,848:INFO:Engine for model 'lightgbm_cds_dt' has not been set explicitly, hence returning None.
2024-11-06 13:46:49,848:INFO:Engine for model 'catboost_cds_dt' has not been set explicitly, hence returning None.
2024-11-06 13:46:49,848:WARNING:
'catboost' is a soft dependency and not included in the pycaret installation. Please run: `pip install catboost` to install.
Alternately, you can install this by running `pip install pycaret[models]`
2024-11-06 13:46:49,848:WARNING:
'catboost' is a soft dependency and not included in the pycaret installation. Please run: `pip install catboost` to install.
Alternately, you can install this by running `pip install pycaret[models]`
2024-11-06 13:46:49,851:INFO:Soft dependency imported: prophet: 1.1.6
2024-11-06 13:46:49,857:WARNING:
'xgboost' is a soft dependency and not included in the pycaret installation. Please run: `pip install xgboost` to install.
Alternately, you can install this by running `pip install pycaret[models]`
2024-11-06 13:46:49,857:WARNING:
'xgboost' is a soft dependency and not included in the pycaret installation. Please run: `pip install xgboost` to install.
Alternately, you can install this by running `pip install pycaret[models]`
2024-11-06 13:46:49,857:INFO:Engine for model 'lightgbm_cds_dt' has not been set explicitly, hence returning None.
2024-11-06 13:46:49,858:INFO:Engine for model 'catboost_cds_dt' has not been set explicitly, hence returning None.
2024-11-06 13:46:49,858:WARNING:
'catboost' is a soft dependency and not included in the pycaret installation. Please run: `pip install catboost` to install.
Alternately, you can install this by running `pip install pycaret[models]`
2024-11-06 13:46:49,858:WARNING:
'catboost' is a soft dependency and not included in the pycaret installation. Please run: `pip install catboost` to install.
Alternately, you can install this by running `pip install pycaret[models]`
2024-11-06 13:46:49,858:INFO:Engine successfully changes for model 'lightgbm_cds_dt' to 'sklearn'.
2024-11-06 13:46:49,860:INFO:Soft dependency imported: prophet: 1.1.6
2024-11-06 13:46:49,865:WARNING:
'xgboost' is a soft dependency and not included in the pycaret installation. Please run: `pip install xgboost` to install.
Alternately, you can install this by running `pip install pycaret[models]`
2024-11-06 13:46:49,865:WARNING:
'xgboost' is a soft dependency and not included in the pycaret installation. Please run: `pip install xgboost` to install.
Alternately, you can install this by running `pip install pycaret[models]`
2024-11-06 13:46:49,866:INFO:Engine for model 'catboost_cds_dt' has not been set explicitly, hence returning None.
2024-11-06 13:46:49,866:WARNING:
'catboost' is a soft dependency and not included in the pycaret installation. Please run: `pip install catboost` to install.
Alternately, you can install this by running `pip install pycaret[models]`
2024-11-06 13:46:49,866:WARNING:
'catboost' is a soft dependency and not included in the pycaret installation. Please run: `pip install catboost` to install.
Alternately, you can install this by running `pip install pycaret[models]`
2024-11-06 13:46:49,868:INFO:Soft dependency imported: prophet: 1.1.6
2024-11-06 13:46:49,874:WARNING:
'xgboost' is a soft dependency and not included in the pycaret installation. Please run: `pip install xgboost` to install.
Alternately, you can install this by running `pip install pycaret[models]`
2024-11-06 13:46:49,875:WARNING:
'xgboost' is a soft dependency and not included in the pycaret installation. Please run: `pip install xgboost` to install.
Alternately, you can install this by running `pip install pycaret[models]`
2024-11-06 13:46:49,875:INFO:Engine for model 'catboost_cds_dt' has not been set explicitly, hence returning None.
2024-11-06 13:46:49,875:WARNING:
'catboost' is a soft dependency and not included in the pycaret installation. Please run: `pip install catboost` to install.
Alternately, you can install this by running `pip install pycaret[models]`
2024-11-06 13:46:49,875:WARNING:
'catboost' is a soft dependency and not included in the pycaret installation. Please run: `pip install catboost` to install.
Alternately, you can install this by running `pip install pycaret[models]`
2024-11-06 13:46:49,876:INFO:Engine successfully changes for model 'catboost_cds_dt' to 'sklearn'.
2024-11-06 13:46:49,880:INFO:Soft dependency imported: prophet: 1.1.6
2024-11-06 13:46:49,889:WARNING:
'xgboost' is a soft dependency and not included in the pycaret installation. Please run: `pip install xgboost` to install.
Alternately, you can install this by running `pip install pycaret[models]`
2024-11-06 13:46:49,889:WARNING:
'xgboost' is a soft dependency and not included in the pycaret installation. Please run: `pip install xgboost` to install.
Alternately, you can install this by running `pip install pycaret[models]`
2024-11-06 13:46:49,890:WARNING:
'catboost' is a soft dependency and not included in the pycaret installation. Please run: `pip install catboost` to install.
Alternately, you can install this by running `pip install pycaret[models]`
2024-11-06 13:46:49,890:WARNING:
'catboost' is a soft dependency and not included in the pycaret installation. Please run: `pip install catboost` to install.
Alternately, you can install this by running `pip install pycaret[models]`
2024-11-06 13:46:49,892:INFO:Soft dependency imported: prophet: 1.1.6
2024-11-06 13:46:49,897:WARNING:
'xgboost' is a soft dependency and not included in the pycaret installation. Please run: `pip install xgboost` to install.
Alternately, you can install this by running `pip install pycaret[models]`
2024-11-06 13:46:49,898:WARNING:
'xgboost' is a soft dependency and not included in the pycaret installation. Please run: `pip install xgboost` to install.
Alternately, you can install this by running `pip install pycaret[models]`
2024-11-06 13:46:49,898:WARNING:
'catboost' is a soft dependency and not included in the pycaret installation. Please run: `pip install catboost` to install.
Alternately, you can install this by running `pip install pycaret[models]`
2024-11-06 13:46:49,898:WARNING:
'catboost' is a soft dependency and not included in the pycaret installation. Please run: `pip install catboost` to install.
Alternately, you can install this by running `pip install pycaret[models]`
2024-11-06 13:46:49,900:INFO:Soft dependency imported: prophet: 1.1.6
2024-11-06 13:46:49,905:WARNING:
'xgboost' is a soft dependency and not included in the pycaret installation. Please run: `pip install xgboost` to install.
Alternately, you can install this by running `pip install pycaret[models]`
2024-11-06 13:46:49,905:WARNING:
'xgboost' is a soft dependency and not included in the pycaret installation. Please run: `pip install xgboost` to install.
Alternately, you can install this by running `pip install pycaret[models]`
2024-11-06 13:46:49,906:WARNING:
'catboost' is a soft dependency and not included in the pycaret installation. Please run: `pip install catboost` to install.
Alternately, you can install this by running `pip install pycaret[models]`
2024-11-06 13:46:49,906:WARNING:
'catboost' is a soft dependency and not included in the pycaret installation. Please run: `pip install catboost` to install.
Alternately, you can install this by running `pip install pycaret[models]`
2024-11-06 13:46:49,909:INFO:Soft dependency imported: prophet: 1.1.6
2024-11-06 13:46:49,914:WARNING:
'xgboost' is a soft dependency and not included in the pycaret installation. Please run: `pip install xgboost` to install.
Alternately, you can install this by running `pip install pycaret[models]`
2024-11-06 13:46:49,914:WARNING:
'xgboost' is a soft dependency and not included in the pycaret installation. Please run: `pip install xgboost` to install.
Alternately, you can install this by running `pip install pycaret[models]`
2024-11-06 13:46:49,914:WARNING:
'catboost' is a soft dependency and not included in the pycaret installation. Please run: `pip install catboost` to install.
Alternately, you can install this by running `pip install pycaret[models]`
2024-11-06 13:46:49,914:WARNING:
'catboost' is a soft dependency and not included in the pycaret installation. Please run: `pip install catboost` to install.
Alternately, you can install this by running `pip install pycaret[models]`
2024-11-06 13:46:49,917:INFO:setup() successfully completed in 3.42s...............
2024-11-06 13:47:03,888:WARNING:/Users/eugenio/Documents/Notebooks_ArtificialIntelligence/.venv/lib/python3.11/site-packages/pycaret/internal/tests/time_series.py:396: InterpolationWarning: The test statistic is outside of the range of p-values available in the
look-up table. The actual p-value is greater than the p-value returned.

  results_ = kpss(data_, regression="ct", nlags="auto")

2024-11-06 13:48:36,156:INFO:Visual Rendered Successfully
2024-11-06 13:49:28,291:INFO:Initializing compare_models()
2024-11-06 13:49:28,293:INFO:compare_models(self=<pycaret.time_series.forecasting.oop.TSForecastingExperiment object at 0x12f5d72d0>, include=None, exclude=None, fold=None, round=4, cross_validation=True, sort=MASE, n_select=1, budget_time=None, turbo=True, errors=ignore, fit_kwargs=None, groups=None, experiment_custom_tags=None, probability_threshold=None, verbose=True, parallel=None, caller_params={'self': <pycaret.time_series.forecasting.oop.TSForecastingExperiment object at 0x12f5d72d0>, 'include': None, 'exclude': None, 'fold': None, 'round': 4, 'cross_validation': True, 'sort': 'MASE', 'n_select': 1, 'budget_time': None, 'turbo': True, 'errors': 'ignore', 'fit_kwargs': None, 'experiment_custom_tags': None, 'engine': None, 'verbose': True, 'parallel': None, '__class__': <class 'pycaret.time_series.forecasting.oop.TSForecastingExperiment'>})
2024-11-06 13:49:28,293:INFO:Checking exceptions
2024-11-06 13:49:28,316:INFO:Preparing display monitor
2024-11-06 13:49:28,802:WARNING:/Users/eugenio/Documents/Notebooks_ArtificialIntelligence/.venv/lib/python3.11/site-packages/pycaret/internal/pycaret_experiment/supervised_experiment.py:713: UserWarning:

Unsupported estimator `ensemble_forecaster` for method `compare_models()`, removing from model_library


2024-11-06 13:49:28,803:INFO:Initializing Naive Forecaster
2024-11-06 13:49:28,804:INFO:Total runtime is 8.05060068766276e-06 minutes
2024-11-06 13:49:28,811:INFO:SubProcess create_model() called ==================================
2024-11-06 13:49:28,813:INFO:Initializing create_model()
2024-11-06 13:49:28,813:INFO:create_model(self=<pycaret.time_series.forecasting.oop.TSForecastingExperiment object at 0x12f5d72d0>, estimator=naive, fold=None, round=4, cross_validation=True, predict=True, fit_kwargs={}, groups=None, refit=False, probability_threshold=None, experiment_custom_tags=None, verbose=False, system=False, add_to_model_list=True, metrics=None, display=<pycaret.internal.display.display.CommonDisplay object at 0x133ccdd10>, model_only=True, return_train_score=False, error_score=0.0, kwargs={})
2024-11-06 13:49:28,813:INFO:Checking exceptions
2024-11-06 13:49:28,813:INFO:Importing libraries
2024-11-06 13:49:28,814:INFO:Copying training dataset
2024-11-06 13:49:28,824:INFO:Defining folds
2024-11-06 13:49:28,826:INFO:Declaring metric variables
2024-11-06 13:49:28,837:INFO:Importing untrained model
2024-11-06 13:49:28,848:INFO:Naive Forecaster Imported successfully
2024-11-06 13:49:28,913:INFO:Starting cross validation
2024-11-06 13:49:28,921:INFO:Cross validating with ExpandingWindowSplitter(fh=ForecastingHorizon([1], dtype='int64', is_relative=True),
                        initial_window=140), n_jobs=-1
2024-11-06 13:49:43,999:WARNING:/Users/eugenio/Documents/Notebooks_ArtificialIntelligence/.venv/lib/python3.11/site-packages/sklearn/metrics/_regression.py:483: FutureWarning: 'squared' is deprecated in version 1.4 and will be removed in 1.6. To calculate the root mean squared error, use the function'root_mean_squared_error'.
  warnings.warn(

2024-11-06 13:49:43,999:WARNING:/Users/eugenio/Documents/Notebooks_ArtificialIntelligence/.venv/lib/python3.11/site-packages/sklearn/metrics/_regression.py:483: FutureWarning: 'squared' is deprecated in version 1.4 and will be removed in 1.6. To calculate the root mean squared error, use the function'root_mean_squared_error'.
  warnings.warn(

2024-11-06 13:49:43,999:WARNING:/Users/eugenio/Documents/Notebooks_ArtificialIntelligence/.venv/lib/python3.11/site-packages/sklearn/metrics/_regression.py:483: FutureWarning: 'squared' is deprecated in version 1.4 and will be removed in 1.6. To calculate the root mean squared error, use the function'root_mean_squared_error'.
  warnings.warn(

2024-11-06 13:49:44,001:WARNING:/Users/eugenio/Documents/Notebooks_ArtificialIntelligence/.venv/lib/python3.11/site-packages/sklearn/metrics/_regression.py:483: FutureWarning: 'squared' is deprecated in version 1.4 and will be removed in 1.6. To calculate the root mean squared error, use the function'root_mean_squared_error'.
  warnings.warn(

2024-11-06 13:49:44,001:WARNING:/Users/eugenio/Documents/Notebooks_ArtificialIntelligence/.venv/lib/python3.11/site-packages/sklearn/metrics/_regression.py:483: FutureWarning: 'squared' is deprecated in version 1.4 and will be removed in 1.6. To calculate the root mean squared error, use the function'root_mean_squared_error'.
  warnings.warn(

2024-11-06 13:49:44,001:WARNING:/Users/eugenio/Documents/Notebooks_ArtificialIntelligence/.venv/lib/python3.11/site-packages/sklearn/metrics/_regression.py:483: FutureWarning: 'squared' is deprecated in version 1.4 and will be removed in 1.6. To calculate the root mean squared error, use the function'root_mean_squared_error'.
  warnings.warn(

2024-11-06 13:49:44,049:INFO:Calculating mean and std
2024-11-06 13:49:44,073:INFO:Creating metrics dataframe
2024-11-06 13:49:44,129:WARNING:/Users/eugenio/Documents/Notebooks_ArtificialIntelligence/.venv/lib/python3.11/site-packages/pycaret/time_series/forecasting/oop.py:2694: FutureWarning:

The behavior of DataFrame concatenation with empty or all-NA entries is deprecated. In a future version, this will no longer exclude empty or all-NA columns when determining the result dtypes. To retain the old behavior, exclude the relevant entries before the concat operation.


2024-11-06 13:49:44,164:INFO:Uploading results into container
2024-11-06 13:49:44,164:INFO:Uploading model into container now
2024-11-06 13:49:44,180:INFO:_master_model_container: 1
2024-11-06 13:49:44,181:INFO:_display_container: 2
2024-11-06 13:49:44,183:INFO:NaiveForecaster()
2024-11-06 13:49:44,184:INFO:create_model() successfully completed......................................
2024-11-06 13:49:46,752:INFO:SubProcess create_model() end ==================================
2024-11-06 13:49:46,752:INFO:Creating metrics dataframe
2024-11-06 13:49:46,765:INFO:Initializing Grand Means Forecaster
2024-11-06 13:49:46,765:INFO:Total runtime is 0.29936923185984293 minutes
2024-11-06 13:49:46,771:INFO:SubProcess create_model() called ==================================
2024-11-06 13:49:46,772:INFO:Initializing create_model()
2024-11-06 13:49:46,772:INFO:create_model(self=<pycaret.time_series.forecasting.oop.TSForecastingExperiment object at 0x12f5d72d0>, estimator=grand_means, fold=None, round=4, cross_validation=True, predict=True, fit_kwargs={}, groups=None, refit=False, probability_threshold=None, experiment_custom_tags=None, verbose=False, system=False, add_to_model_list=True, metrics=None, display=<pycaret.internal.display.display.CommonDisplay object at 0x133ccdd10>, model_only=True, return_train_score=False, error_score=0.0, kwargs={})
2024-11-06 13:49:46,772:INFO:Checking exceptions
2024-11-06 13:49:46,772:INFO:Importing libraries
2024-11-06 13:49:46,773:INFO:Copying training dataset
2024-11-06 13:49:46,781:INFO:Defining folds
2024-11-06 13:49:46,781:INFO:Declaring metric variables
2024-11-06 13:49:46,809:INFO:Importing untrained model
2024-11-06 13:49:46,816:INFO:Grand Means Forecaster Imported successfully
2024-11-06 13:49:46,841:INFO:Starting cross validation
2024-11-06 13:49:46,844:INFO:Cross validating with ExpandingWindowSplitter(fh=ForecastingHorizon([1], dtype='int64', is_relative=True),
                        initial_window=140), n_jobs=-1
2024-11-06 13:49:52,962:WARNING:/Users/eugenio/Documents/Notebooks_ArtificialIntelligence/.venv/lib/python3.11/site-packages/sklearn/metrics/_regression.py:483: FutureWarning: 'squared' is deprecated in version 1.4 and will be removed in 1.6. To calculate the root mean squared error, use the function'root_mean_squared_error'.
  warnings.warn(

2024-11-06 13:49:52,963:WARNING:/Users/eugenio/Documents/Notebooks_ArtificialIntelligence/.venv/lib/python3.11/site-packages/sklearn/metrics/_regression.py:483: FutureWarning: 'squared' is deprecated in version 1.4 and will be removed in 1.6. To calculate the root mean squared error, use the function'root_mean_squared_error'.
  warnings.warn(

2024-11-06 13:49:52,963:WARNING:/Users/eugenio/Documents/Notebooks_ArtificialIntelligence/.venv/lib/python3.11/site-packages/sklearn/metrics/_regression.py:483: FutureWarning: 'squared' is deprecated in version 1.4 and will be removed in 1.6. To calculate the root mean squared error, use the function'root_mean_squared_error'.
  warnings.warn(

2024-11-06 13:49:52,964:WARNING:/Users/eugenio/Documents/Notebooks_ArtificialIntelligence/.venv/lib/python3.11/site-packages/sklearn/metrics/_regression.py:483: FutureWarning: 'squared' is deprecated in version 1.4 and will be removed in 1.6. To calculate the root mean squared error, use the function'root_mean_squared_error'.
  warnings.warn(

2024-11-06 13:49:52,968:WARNING:/Users/eugenio/Documents/Notebooks_ArtificialIntelligence/.venv/lib/python3.11/site-packages/sklearn/metrics/_regression.py:483: FutureWarning: 'squared' is deprecated in version 1.4 and will be removed in 1.6. To calculate the root mean squared error, use the function'root_mean_squared_error'.
  warnings.warn(

2024-11-06 13:49:52,970:WARNING:/Users/eugenio/Documents/Notebooks_ArtificialIntelligence/.venv/lib/python3.11/site-packages/sklearn/metrics/_regression.py:483: FutureWarning: 'squared' is deprecated in version 1.4 and will be removed in 1.6. To calculate the root mean squared error, use the function'root_mean_squared_error'.
  warnings.warn(

2024-11-06 13:49:52,990:INFO:Calculating mean and std
2024-11-06 13:49:52,993:INFO:Creating metrics dataframe
2024-11-06 13:49:52,997:WARNING:/Users/eugenio/Documents/Notebooks_ArtificialIntelligence/.venv/lib/python3.11/site-packages/pycaret/time_series/forecasting/oop.py:2694: FutureWarning:

The behavior of DataFrame concatenation with empty or all-NA entries is deprecated. In a future version, this will no longer exclude empty or all-NA columns when determining the result dtypes. To retain the old behavior, exclude the relevant entries before the concat operation.


2024-11-06 13:49:53,002:INFO:Uploading results into container
2024-11-06 13:49:53,002:INFO:Uploading model into container now
2024-11-06 13:49:53,004:INFO:_master_model_container: 2
2024-11-06 13:49:53,005:INFO:_display_container: 2
2024-11-06 13:49:53,005:INFO:NaiveForecaster(strategy='mean')
2024-11-06 13:49:53,006:INFO:create_model() successfully completed......................................
2024-11-06 13:49:53,259:INFO:SubProcess create_model() end ==================================
2024-11-06 13:49:53,260:INFO:Creating metrics dataframe
2024-11-06 13:49:53,271:INFO:Initializing Seasonal Naive Forecaster
2024-11-06 13:49:53,272:INFO:Total runtime is 0.4078117688496907 minutes
2024-11-06 13:49:53,277:INFO:SubProcess create_model() called ==================================
2024-11-06 13:49:53,278:INFO:Initializing create_model()
2024-11-06 13:49:53,279:INFO:create_model(self=<pycaret.time_series.forecasting.oop.TSForecastingExperiment object at 0x12f5d72d0>, estimator=snaive, fold=None, round=4, cross_validation=True, predict=True, fit_kwargs={}, groups=None, refit=False, probability_threshold=None, experiment_custom_tags=None, verbose=False, system=False, add_to_model_list=True, metrics=None, display=<pycaret.internal.display.display.CommonDisplay object at 0x133ccdd10>, model_only=True, return_train_score=False, error_score=0.0, kwargs={})
2024-11-06 13:49:53,279:INFO:Checking exceptions
2024-11-06 13:49:53,279:INFO:Importing libraries
2024-11-06 13:49:53,279:INFO:Copying training dataset
2024-11-06 13:49:53,288:INFO:Defining folds
2024-11-06 13:49:53,288:INFO:Declaring metric variables
2024-11-06 13:49:53,301:INFO:Importing untrained model
2024-11-06 13:49:53,313:INFO:Seasonal Naive Forecaster Imported successfully
2024-11-06 13:49:53,501:INFO:Starting cross validation
2024-11-06 13:49:53,503:INFO:Cross validating with ExpandingWindowSplitter(fh=ForecastingHorizon([1], dtype='int64', is_relative=True),
                        initial_window=140), n_jobs=-1
2024-11-06 13:49:53,748:WARNING:/Users/eugenio/Documents/Notebooks_ArtificialIntelligence/.venv/lib/python3.11/site-packages/sklearn/metrics/_regression.py:483: FutureWarning: 'squared' is deprecated in version 1.4 and will be removed in 1.6. To calculate the root mean squared error, use the function'root_mean_squared_error'.
  warnings.warn(

2024-11-06 13:49:53,749:WARNING:/Users/eugenio/Documents/Notebooks_ArtificialIntelligence/.venv/lib/python3.11/site-packages/sklearn/metrics/_regression.py:483: FutureWarning: 'squared' is deprecated in version 1.4 and will be removed in 1.6. To calculate the root mean squared error, use the function'root_mean_squared_error'.
  warnings.warn(

2024-11-06 13:49:59,073:WARNING:/Users/eugenio/Documents/Notebooks_ArtificialIntelligence/.venv/lib/python3.11/site-packages/sklearn/metrics/_regression.py:483: FutureWarning: 'squared' is deprecated in version 1.4 and will be removed in 1.6. To calculate the root mean squared error, use the function'root_mean_squared_error'.
  warnings.warn(

2024-11-06 13:49:59,076:WARNING:/Users/eugenio/Documents/Notebooks_ArtificialIntelligence/.venv/lib/python3.11/site-packages/sklearn/metrics/_regression.py:483: FutureWarning: 'squared' is deprecated in version 1.4 and will be removed in 1.6. To calculate the root mean squared error, use the function'root_mean_squared_error'.
  warnings.warn(

2024-11-06 13:49:59,077:WARNING:/Users/eugenio/Documents/Notebooks_ArtificialIntelligence/.venv/lib/python3.11/site-packages/sklearn/metrics/_regression.py:483: FutureWarning: 'squared' is deprecated in version 1.4 and will be removed in 1.6. To calculate the root mean squared error, use the function'root_mean_squared_error'.
  warnings.warn(

2024-11-06 13:49:59,077:WARNING:/Users/eugenio/Documents/Notebooks_ArtificialIntelligence/.venv/lib/python3.11/site-packages/sklearn/metrics/_regression.py:483: FutureWarning: 'squared' is deprecated in version 1.4 and will be removed in 1.6. To calculate the root mean squared error, use the function'root_mean_squared_error'.
  warnings.warn(

2024-11-06 13:49:59,097:INFO:Calculating mean and std
2024-11-06 13:49:59,100:INFO:Creating metrics dataframe
2024-11-06 13:49:59,105:WARNING:/Users/eugenio/Documents/Notebooks_ArtificialIntelligence/.venv/lib/python3.11/site-packages/pycaret/time_series/forecasting/oop.py:2694: FutureWarning:

The behavior of DataFrame concatenation with empty or all-NA entries is deprecated. In a future version, this will no longer exclude empty or all-NA columns when determining the result dtypes. To retain the old behavior, exclude the relevant entries before the concat operation.


2024-11-06 13:49:59,109:INFO:Uploading results into container
2024-11-06 13:49:59,109:INFO:Uploading model into container now
2024-11-06 13:49:59,110:INFO:_master_model_container: 3
2024-11-06 13:49:59,110:INFO:_display_container: 2
2024-11-06 13:49:59,110:INFO:NaiveForecaster(sp=12)
2024-11-06 13:49:59,111:INFO:create_model() successfully completed......................................
2024-11-06 13:49:59,340:INFO:SubProcess create_model() end ==================================
2024-11-06 13:49:59,341:INFO:Creating metrics dataframe
2024-11-06 13:49:59,354:INFO:Initializing Polynomial Trend Forecaster
2024-11-06 13:49:59,355:INFO:Total runtime is 0.5091920495033264 minutes
2024-11-06 13:49:59,360:INFO:SubProcess create_model() called ==================================
2024-11-06 13:49:59,361:INFO:Initializing create_model()
2024-11-06 13:49:59,361:INFO:create_model(self=<pycaret.time_series.forecasting.oop.TSForecastingExperiment object at 0x12f5d72d0>, estimator=polytrend, fold=None, round=4, cross_validation=True, predict=True, fit_kwargs={}, groups=None, refit=False, probability_threshold=None, experiment_custom_tags=None, verbose=False, system=False, add_to_model_list=True, metrics=None, display=<pycaret.internal.display.display.CommonDisplay object at 0x133ccdd10>, model_only=True, return_train_score=False, error_score=0.0, kwargs={})
2024-11-06 13:49:59,362:INFO:Checking exceptions
2024-11-06 13:49:59,362:INFO:Importing libraries
2024-11-06 13:49:59,362:INFO:Copying training dataset
2024-11-06 13:49:59,370:INFO:Defining folds
2024-11-06 13:49:59,370:INFO:Declaring metric variables
2024-11-06 13:49:59,377:INFO:Importing untrained model
2024-11-06 13:49:59,386:INFO:Polynomial Trend Forecaster Imported successfully
2024-11-06 13:49:59,422:INFO:Starting cross validation
2024-11-06 13:49:59,428:INFO:Cross validating with ExpandingWindowSplitter(fh=ForecastingHorizon([1], dtype='int64', is_relative=True),
                        initial_window=140), n_jobs=-1
2024-11-06 13:49:59,535:WARNING:/Users/eugenio/Documents/Notebooks_ArtificialIntelligence/.venv/lib/python3.11/site-packages/sklearn/metrics/_regression.py:483: FutureWarning: 'squared' is deprecated in version 1.4 and will be removed in 1.6. To calculate the root mean squared error, use the function'root_mean_squared_error'.
  warnings.warn(

2024-11-06 13:49:59,536:WARNING:/Users/eugenio/Documents/Notebooks_ArtificialIntelligence/.venv/lib/python3.11/site-packages/sklearn/metrics/_regression.py:483: FutureWarning: 'squared' is deprecated in version 1.4 and will be removed in 1.6. To calculate the root mean squared error, use the function'root_mean_squared_error'.
  warnings.warn(

2024-11-06 13:49:59,536:WARNING:/Users/eugenio/Documents/Notebooks_ArtificialIntelligence/.venv/lib/python3.11/site-packages/sklearn/metrics/_regression.py:483: FutureWarning: 'squared' is deprecated in version 1.4 and will be removed in 1.6. To calculate the root mean squared error, use the function'root_mean_squared_error'.
  warnings.warn(

2024-11-06 13:49:59,536:WARNING:/Users/eugenio/Documents/Notebooks_ArtificialIntelligence/.venv/lib/python3.11/site-packages/sklearn/metrics/_regression.py:483: FutureWarning: 'squared' is deprecated in version 1.4 and will be removed in 1.6. To calculate the root mean squared error, use the function'root_mean_squared_error'.
  warnings.warn(

2024-11-06 13:49:59,537:WARNING:/Users/eugenio/Documents/Notebooks_ArtificialIntelligence/.venv/lib/python3.11/site-packages/sklearn/metrics/_regression.py:483: FutureWarning: 'squared' is deprecated in version 1.4 and will be removed in 1.6. To calculate the root mean squared error, use the function'root_mean_squared_error'.
  warnings.warn(

2024-11-06 13:49:59,537:WARNING:/Users/eugenio/Documents/Notebooks_ArtificialIntelligence/.venv/lib/python3.11/site-packages/sklearn/metrics/_regression.py:483: FutureWarning: 'squared' is deprecated in version 1.4 and will be removed in 1.6. To calculate the root mean squared error, use the function'root_mean_squared_error'.
  warnings.warn(

2024-11-06 13:49:59,546:INFO:Calculating mean and std
2024-11-06 13:49:59,547:INFO:Creating metrics dataframe
2024-11-06 13:49:59,551:WARNING:/Users/eugenio/Documents/Notebooks_ArtificialIntelligence/.venv/lib/python3.11/site-packages/pycaret/time_series/forecasting/oop.py:2694: FutureWarning:

The behavior of DataFrame concatenation with empty or all-NA entries is deprecated. In a future version, this will no longer exclude empty or all-NA columns when determining the result dtypes. To retain the old behavior, exclude the relevant entries before the concat operation.


2024-11-06 13:49:59,554:INFO:Uploading results into container
2024-11-06 13:49:59,554:INFO:Uploading model into container now
2024-11-06 13:49:59,555:INFO:_master_model_container: 4
2024-11-06 13:49:59,555:INFO:_display_container: 2
2024-11-06 13:49:59,555:INFO:PolynomialTrendForecaster()
2024-11-06 13:49:59,555:INFO:create_model() successfully completed......................................
2024-11-06 13:49:59,775:INFO:SubProcess create_model() end ==================================
2024-11-06 13:49:59,775:INFO:Creating metrics dataframe
2024-11-06 13:49:59,805:INFO:Initializing ARIMA
2024-11-06 13:49:59,806:INFO:Total runtime is 0.516711970170339 minutes
2024-11-06 13:49:59,815:INFO:SubProcess create_model() called ==================================
2024-11-06 13:49:59,815:INFO:Initializing create_model()
2024-11-06 13:49:59,815:INFO:create_model(self=<pycaret.time_series.forecasting.oop.TSForecastingExperiment object at 0x12f5d72d0>, estimator=arima, fold=None, round=4, cross_validation=True, predict=True, fit_kwargs={}, groups=None, refit=False, probability_threshold=None, experiment_custom_tags=None, verbose=False, system=False, add_to_model_list=True, metrics=None, display=<pycaret.internal.display.display.CommonDisplay object at 0x133ccdd10>, model_only=True, return_train_score=False, error_score=0.0, kwargs={})
2024-11-06 13:49:59,816:INFO:Checking exceptions
2024-11-06 13:49:59,817:INFO:Importing libraries
2024-11-06 13:49:59,817:INFO:Copying training dataset
2024-11-06 13:49:59,851:INFO:Defining folds
2024-11-06 13:49:59,852:INFO:Declaring metric variables
2024-11-06 13:49:59,866:INFO:Importing untrained model
2024-11-06 13:49:59,902:INFO:ARIMA Imported successfully
2024-11-06 13:49:59,919:INFO:Starting cross validation
2024-11-06 13:49:59,921:INFO:Cross validating with ExpandingWindowSplitter(fh=ForecastingHorizon([1], dtype='int64', is_relative=True),
                        initial_window=140), n_jobs=-1
2024-11-06 13:50:00,696:WARNING:/Users/eugenio/Documents/Notebooks_ArtificialIntelligence/.venv/lib/python3.11/site-packages/sklearn/metrics/_regression.py:483: FutureWarning: 'squared' is deprecated in version 1.4 and will be removed in 1.6. To calculate the root mean squared error, use the function'root_mean_squared_error'.
  warnings.warn(

2024-11-06 13:50:00,696:WARNING:/Users/eugenio/Documents/Notebooks_ArtificialIntelligence/.venv/lib/python3.11/site-packages/sklearn/metrics/_regression.py:483: FutureWarning: 'squared' is deprecated in version 1.4 and will be removed in 1.6. To calculate the root mean squared error, use the function'root_mean_squared_error'.
  warnings.warn(

2024-11-06 13:50:00,697:WARNING:/Users/eugenio/Documents/Notebooks_ArtificialIntelligence/.venv/lib/python3.11/site-packages/sklearn/metrics/_regression.py:483: FutureWarning: 'squared' is deprecated in version 1.4 and will be removed in 1.6. To calculate the root mean squared error, use the function'root_mean_squared_error'.
  warnings.warn(

2024-11-06 13:50:00,697:WARNING:/Users/eugenio/Documents/Notebooks_ArtificialIntelligence/.venv/lib/python3.11/site-packages/sklearn/metrics/_regression.py:483: FutureWarning: 'squared' is deprecated in version 1.4 and will be removed in 1.6. To calculate the root mean squared error, use the function'root_mean_squared_error'.
  warnings.warn(

2024-11-06 13:50:00,697:WARNING:/Users/eugenio/Documents/Notebooks_ArtificialIntelligence/.venv/lib/python3.11/site-packages/sklearn/metrics/_regression.py:483: FutureWarning: 'squared' is deprecated in version 1.4 and will be removed in 1.6. To calculate the root mean squared error, use the function'root_mean_squared_error'.
  warnings.warn(

2024-11-06 13:50:00,698:WARNING:/Users/eugenio/Documents/Notebooks_ArtificialIntelligence/.venv/lib/python3.11/site-packages/sklearn/metrics/_regression.py:483: FutureWarning: 'squared' is deprecated in version 1.4 and will be removed in 1.6. To calculate the root mean squared error, use the function'root_mean_squared_error'.
  warnings.warn(

2024-11-06 13:50:00,710:INFO:Calculating mean and std
2024-11-06 13:50:00,713:INFO:Creating metrics dataframe
2024-11-06 13:50:00,716:WARNING:/Users/eugenio/Documents/Notebooks_ArtificialIntelligence/.venv/lib/python3.11/site-packages/pycaret/time_series/forecasting/oop.py:2694: FutureWarning:

The behavior of DataFrame concatenation with empty or all-NA entries is deprecated. In a future version, this will no longer exclude empty or all-NA columns when determining the result dtypes. To retain the old behavior, exclude the relevant entries before the concat operation.


2024-11-06 13:50:00,724:INFO:Uploading results into container
2024-11-06 13:50:00,725:INFO:Uploading model into container now
2024-11-06 13:50:00,728:INFO:_master_model_container: 5
2024-11-06 13:50:00,729:INFO:_display_container: 2
2024-11-06 13:50:00,733:INFO:ARIMA(seasonal_order=(0, 1, 0, 12))
2024-11-06 13:50:00,734:INFO:create_model() successfully completed......................................
2024-11-06 13:50:01,047:INFO:SubProcess create_model() end ==================================
2024-11-06 13:50:01,048:INFO:Creating metrics dataframe
2024-11-06 13:50:01,077:INFO:Initializing Auto ARIMA
2024-11-06 13:50:01,077:INFO:Total runtime is 0.5378973364830018 minutes
2024-11-06 13:50:01,089:INFO:SubProcess create_model() called ==================================
2024-11-06 13:50:01,089:INFO:Initializing create_model()
2024-11-06 13:50:01,090:INFO:create_model(self=<pycaret.time_series.forecasting.oop.TSForecastingExperiment object at 0x12f5d72d0>, estimator=auto_arima, fold=None, round=4, cross_validation=True, predict=True, fit_kwargs={}, groups=None, refit=False, probability_threshold=None, experiment_custom_tags=None, verbose=False, system=False, add_to_model_list=True, metrics=None, display=<pycaret.internal.display.display.CommonDisplay object at 0x133ccdd10>, model_only=True, return_train_score=False, error_score=0.0, kwargs={})
2024-11-06 13:50:01,090:INFO:Checking exceptions
2024-11-06 13:50:01,090:INFO:Importing libraries
2024-11-06 13:50:01,091:INFO:Copying training dataset
2024-11-06 13:50:01,097:INFO:Defining folds
2024-11-06 13:50:01,097:INFO:Declaring metric variables
2024-11-06 13:50:01,104:INFO:Importing untrained model
2024-11-06 13:50:01,111:INFO:Auto ARIMA Imported successfully
2024-11-06 13:50:01,130:INFO:Starting cross validation
2024-11-06 13:50:01,132:INFO:Cross validating with ExpandingWindowSplitter(fh=ForecastingHorizon([1], dtype='int64', is_relative=True),
                        initial_window=140), n_jobs=-1
2024-11-06 13:50:19,092:WARNING:/Users/eugenio/Documents/Notebooks_ArtificialIntelligence/.venv/lib/python3.11/site-packages/sklearn/metrics/_regression.py:483: FutureWarning: 'squared' is deprecated in version 1.4 and will be removed in 1.6. To calculate the root mean squared error, use the function'root_mean_squared_error'.
  warnings.warn(

2024-11-06 13:50:19,095:WARNING:/Users/eugenio/Documents/Notebooks_ArtificialIntelligence/.venv/lib/python3.11/site-packages/sklearn/metrics/_regression.py:483: FutureWarning: 'squared' is deprecated in version 1.4 and will be removed in 1.6. To calculate the root mean squared error, use the function'root_mean_squared_error'.
  warnings.warn(

2024-11-06 13:50:19,180:WARNING:/Users/eugenio/Documents/Notebooks_ArtificialIntelligence/.venv/lib/python3.11/site-packages/sklearn/metrics/_regression.py:483: FutureWarning: 'squared' is deprecated in version 1.4 and will be removed in 1.6. To calculate the root mean squared error, use the function'root_mean_squared_error'.
  warnings.warn(

2024-11-06 13:50:19,183:WARNING:/Users/eugenio/Documents/Notebooks_ArtificialIntelligence/.venv/lib/python3.11/site-packages/sklearn/metrics/_regression.py:483: FutureWarning: 'squared' is deprecated in version 1.4 and will be removed in 1.6. To calculate the root mean squared error, use the function'root_mean_squared_error'.
  warnings.warn(

2024-11-06 13:50:41,760:WARNING:/Users/eugenio/Documents/Notebooks_ArtificialIntelligence/.venv/lib/python3.11/site-packages/sklearn/metrics/_regression.py:483: FutureWarning: 'squared' is deprecated in version 1.4 and will be removed in 1.6. To calculate the root mean squared error, use the function'root_mean_squared_error'.
  warnings.warn(

2024-11-06 13:50:41,769:WARNING:/Users/eugenio/Documents/Notebooks_ArtificialIntelligence/.venv/lib/python3.11/site-packages/sklearn/metrics/_regression.py:483: FutureWarning: 'squared' is deprecated in version 1.4 and will be removed in 1.6. To calculate the root mean squared error, use the function'root_mean_squared_error'.
  warnings.warn(

2024-11-06 13:50:41,847:INFO:Calculating mean and std
2024-11-06 13:50:41,893:INFO:Creating metrics dataframe
2024-11-06 13:50:41,959:WARNING:/Users/eugenio/Documents/Notebooks_ArtificialIntelligence/.venv/lib/python3.11/site-packages/pycaret/time_series/forecasting/oop.py:2694: FutureWarning:

The behavior of DataFrame concatenation with empty or all-NA entries is deprecated. In a future version, this will no longer exclude empty or all-NA columns when determining the result dtypes. To retain the old behavior, exclude the relevant entries before the concat operation.


2024-11-06 13:50:41,998:INFO:Uploading results into container
2024-11-06 13:50:41,999:INFO:Uploading model into container now
2024-11-06 13:50:42,005:INFO:_master_model_container: 6
2024-11-06 13:50:42,005:INFO:_display_container: 2
2024-11-06 13:50:42,027:INFO:AutoARIMA(random_state=123, sp=12, suppress_warnings=True)
2024-11-06 13:50:42,028:INFO:create_model() successfully completed......................................
2024-11-06 13:50:44,039:INFO:SubProcess create_model() end ==================================
2024-11-06 13:50:44,039:INFO:Creating metrics dataframe
2024-11-06 13:50:44,111:INFO:Initializing Exponential Smoothing
2024-11-06 13:50:44,112:INFO:Total runtime is 1.2551494002342225 minutes
2024-11-06 13:50:44,128:INFO:SubProcess create_model() called ==================================
2024-11-06 13:50:44,129:INFO:Initializing create_model()
2024-11-06 13:50:44,130:INFO:create_model(self=<pycaret.time_series.forecasting.oop.TSForecastingExperiment object at 0x12f5d72d0>, estimator=exp_smooth, fold=None, round=4, cross_validation=True, predict=True, fit_kwargs={}, groups=None, refit=False, probability_threshold=None, experiment_custom_tags=None, verbose=False, system=False, add_to_model_list=True, metrics=None, display=<pycaret.internal.display.display.CommonDisplay object at 0x133ccdd10>, model_only=True, return_train_score=False, error_score=0.0, kwargs={})
2024-11-06 13:50:44,130:INFO:Checking exceptions
2024-11-06 13:50:44,131:INFO:Importing libraries
2024-11-06 13:50:44,132:INFO:Copying training dataset
2024-11-06 13:50:44,148:INFO:Defining folds
2024-11-06 13:50:44,153:INFO:Declaring metric variables
2024-11-06 13:50:44,174:INFO:Importing untrained model
2024-11-06 13:50:44,192:INFO:Exponential Smoothing Imported successfully
2024-11-06 13:50:44,221:INFO:Starting cross validation
2024-11-06 13:50:44,225:INFO:Cross validating with ExpandingWindowSplitter(fh=ForecastingHorizon([1], dtype='int64', is_relative=True),
                        initial_window=140), n_jobs=-1
2024-11-06 13:50:45,128:WARNING:/Users/eugenio/Documents/Notebooks_ArtificialIntelligence/.venv/lib/python3.11/site-packages/sklearn/metrics/_regression.py:483: FutureWarning: 'squared' is deprecated in version 1.4 and will be removed in 1.6. To calculate the root mean squared error, use the function'root_mean_squared_error'.
  warnings.warn(

2024-11-06 13:50:45,129:WARNING:/Users/eugenio/Documents/Notebooks_ArtificialIntelligence/.venv/lib/python3.11/site-packages/sklearn/metrics/_regression.py:483: FutureWarning: 'squared' is deprecated in version 1.4 and will be removed in 1.6. To calculate the root mean squared error, use the function'root_mean_squared_error'.
  warnings.warn(

2024-11-06 13:50:45,376:WARNING:/Users/eugenio/Documents/Notebooks_ArtificialIntelligence/.venv/lib/python3.11/site-packages/sklearn/metrics/_regression.py:483: FutureWarning: 'squared' is deprecated in version 1.4 and will be removed in 1.6. To calculate the root mean squared error, use the function'root_mean_squared_error'.
  warnings.warn(

2024-11-06 13:50:45,380:WARNING:/Users/eugenio/Documents/Notebooks_ArtificialIntelligence/.venv/lib/python3.11/site-packages/sklearn/metrics/_regression.py:483: FutureWarning: 'squared' is deprecated in version 1.4 and will be removed in 1.6. To calculate the root mean squared error, use the function'root_mean_squared_error'.
  warnings.warn(

2024-11-06 13:50:45,398:WARNING:/Users/eugenio/Documents/Notebooks_ArtificialIntelligence/.venv/lib/python3.11/site-packages/sklearn/metrics/_regression.py:483: FutureWarning: 'squared' is deprecated in version 1.4 and will be removed in 1.6. To calculate the root mean squared error, use the function'root_mean_squared_error'.
  warnings.warn(

2024-11-06 13:50:45,407:WARNING:/Users/eugenio/Documents/Notebooks_ArtificialIntelligence/.venv/lib/python3.11/site-packages/sklearn/metrics/_regression.py:483: FutureWarning: 'squared' is deprecated in version 1.4 and will be removed in 1.6. To calculate the root mean squared error, use the function'root_mean_squared_error'.
  warnings.warn(

2024-11-06 13:50:45,492:INFO:Calculating mean and std
2024-11-06 13:50:45,494:INFO:Creating metrics dataframe
2024-11-06 13:50:45,502:WARNING:/Users/eugenio/Documents/Notebooks_ArtificialIntelligence/.venv/lib/python3.11/site-packages/pycaret/time_series/forecasting/oop.py:2694: FutureWarning:

The behavior of DataFrame concatenation with empty or all-NA entries is deprecated. In a future version, this will no longer exclude empty or all-NA columns when determining the result dtypes. To retain the old behavior, exclude the relevant entries before the concat operation.


2024-11-06 13:50:45,510:INFO:Uploading results into container
2024-11-06 13:50:45,510:INFO:Uploading model into container now
2024-11-06 13:50:45,514:INFO:_master_model_container: 7
2024-11-06 13:50:45,514:INFO:_display_container: 2
2024-11-06 13:50:45,515:INFO:ExponentialSmoothing(seasonal='mul', sp=12, trend='add')
2024-11-06 13:50:45,515:INFO:create_model() successfully completed......................................
2024-11-06 13:50:46,151:INFO:SubProcess create_model() end ==================================
2024-11-06 13:50:46,152:INFO:Creating metrics dataframe
2024-11-06 13:50:46,192:INFO:Initializing ETS
2024-11-06 13:50:46,192:INFO:Total runtime is 1.2898120721181234 minutes
2024-11-06 13:50:46,227:INFO:SubProcess create_model() called ==================================
2024-11-06 13:50:46,228:INFO:Initializing create_model()
2024-11-06 13:50:46,228:INFO:create_model(self=<pycaret.time_series.forecasting.oop.TSForecastingExperiment object at 0x12f5d72d0>, estimator=ets, fold=None, round=4, cross_validation=True, predict=True, fit_kwargs={}, groups=None, refit=False, probability_threshold=None, experiment_custom_tags=None, verbose=False, system=False, add_to_model_list=True, metrics=None, display=<pycaret.internal.display.display.CommonDisplay object at 0x133ccdd10>, model_only=True, return_train_score=False, error_score=0.0, kwargs={})
2024-11-06 13:50:46,228:INFO:Checking exceptions
2024-11-06 13:50:46,228:INFO:Importing libraries
2024-11-06 13:50:46,229:INFO:Copying training dataset
2024-11-06 13:50:46,243:INFO:Defining folds
2024-11-06 13:50:46,243:INFO:Declaring metric variables
2024-11-06 13:50:46,262:INFO:Importing untrained model
2024-11-06 13:50:46,289:INFO:ETS Imported successfully
2024-11-06 13:50:46,332:INFO:Starting cross validation
2024-11-06 13:50:46,335:INFO:Cross validating with ExpandingWindowSplitter(fh=ForecastingHorizon([1], dtype='int64', is_relative=True),
                        initial_window=140), n_jobs=-1
2024-11-06 13:50:47,025:WARNING:/Users/eugenio/Documents/Notebooks_ArtificialIntelligence/.venv/lib/python3.11/site-packages/sklearn/metrics/_regression.py:483: FutureWarning: 'squared' is deprecated in version 1.4 and will be removed in 1.6. To calculate the root mean squared error, use the function'root_mean_squared_error'.
  warnings.warn(

2024-11-06 13:50:47,027:WARNING:/Users/eugenio/Documents/Notebooks_ArtificialIntelligence/.venv/lib/python3.11/site-packages/sklearn/metrics/_regression.py:483: FutureWarning: 'squared' is deprecated in version 1.4 and will be removed in 1.6. To calculate the root mean squared error, use the function'root_mean_squared_error'.
  warnings.warn(

2024-11-06 13:50:47,288:WARNING:/Users/eugenio/Documents/Notebooks_ArtificialIntelligence/.venv/lib/python3.11/site-packages/sklearn/metrics/_regression.py:483: FutureWarning: 'squared' is deprecated in version 1.4 and will be removed in 1.6. To calculate the root mean squared error, use the function'root_mean_squared_error'.
  warnings.warn(

2024-11-06 13:50:47,290:WARNING:/Users/eugenio/Documents/Notebooks_ArtificialIntelligence/.venv/lib/python3.11/site-packages/sklearn/metrics/_regression.py:483: FutureWarning: 'squared' is deprecated in version 1.4 and will be removed in 1.6. To calculate the root mean squared error, use the function'root_mean_squared_error'.
  warnings.warn(

2024-11-06 13:50:47,394:WARNING:/Users/eugenio/Documents/Notebooks_ArtificialIntelligence/.venv/lib/python3.11/site-packages/sklearn/metrics/_regression.py:483: FutureWarning: 'squared' is deprecated in version 1.4 and will be removed in 1.6. To calculate the root mean squared error, use the function'root_mean_squared_error'.
  warnings.warn(

2024-11-06 13:50:47,398:WARNING:/Users/eugenio/Documents/Notebooks_ArtificialIntelligence/.venv/lib/python3.11/site-packages/sklearn/metrics/_regression.py:483: FutureWarning: 'squared' is deprecated in version 1.4 and will be removed in 1.6. To calculate the root mean squared error, use the function'root_mean_squared_error'.
  warnings.warn(

2024-11-06 13:50:47,424:INFO:Calculating mean and std
2024-11-06 13:50:47,428:INFO:Creating metrics dataframe
2024-11-06 13:50:47,433:WARNING:/Users/eugenio/Documents/Notebooks_ArtificialIntelligence/.venv/lib/python3.11/site-packages/pycaret/time_series/forecasting/oop.py:2694: FutureWarning:

The behavior of DataFrame concatenation with empty or all-NA entries is deprecated. In a future version, this will no longer exclude empty or all-NA columns when determining the result dtypes. To retain the old behavior, exclude the relevant entries before the concat operation.


2024-11-06 13:50:47,440:INFO:Uploading results into container
2024-11-06 13:50:47,440:INFO:Uploading model into container now
2024-11-06 13:50:47,441:INFO:_master_model_container: 8
2024-11-06 13:50:47,441:INFO:_display_container: 2
2024-11-06 13:50:47,443:INFO:AutoETS(seasonal='mul', sp=12, trend='add')
2024-11-06 13:50:47,443:INFO:create_model() successfully completed......................................
2024-11-06 13:50:48,054:INFO:SubProcess create_model() end ==================================
2024-11-06 13:50:48,405:INFO:Creating metrics dataframe
2024-11-06 13:50:48,441:INFO:Initializing Theta Forecaster
2024-11-06 13:50:48,441:INFO:Total runtime is 1.3273049155871075 minutes
2024-11-06 13:50:48,453:INFO:SubProcess create_model() called ==================================
2024-11-06 13:50:48,454:INFO:Initializing create_model()
2024-11-06 13:50:48,454:INFO:create_model(self=<pycaret.time_series.forecasting.oop.TSForecastingExperiment object at 0x12f5d72d0>, estimator=theta, fold=None, round=4, cross_validation=True, predict=True, fit_kwargs={}, groups=None, refit=False, probability_threshold=None, experiment_custom_tags=None, verbose=False, system=False, add_to_model_list=True, metrics=None, display=<pycaret.internal.display.display.CommonDisplay object at 0x133ccdd10>, model_only=True, return_train_score=False, error_score=0.0, kwargs={})
2024-11-06 13:50:48,454:INFO:Checking exceptions
2024-11-06 13:50:48,454:INFO:Importing libraries
2024-11-06 13:50:48,455:INFO:Copying training dataset
2024-11-06 13:50:48,466:INFO:Defining folds
2024-11-06 13:50:48,467:INFO:Declaring metric variables
2024-11-06 13:50:48,488:INFO:Importing untrained model
2024-11-06 13:50:48,512:INFO:Theta Forecaster Imported successfully
2024-11-06 13:50:48,541:INFO:Starting cross validation
2024-11-06 13:50:48,542:INFO:Cross validating with ExpandingWindowSplitter(fh=ForecastingHorizon([1], dtype='int64', is_relative=True),
                        initial_window=140), n_jobs=-1
2024-11-06 13:50:48,794:WARNING:/Users/eugenio/Documents/Notebooks_ArtificialIntelligence/.venv/lib/python3.11/site-packages/sklearn/metrics/_regression.py:483: FutureWarning: 'squared' is deprecated in version 1.4 and will be removed in 1.6. To calculate the root mean squared error, use the function'root_mean_squared_error'.
  warnings.warn(

2024-11-06 13:50:48,795:WARNING:/Users/eugenio/Documents/Notebooks_ArtificialIntelligence/.venv/lib/python3.11/site-packages/sklearn/metrics/_regression.py:483: FutureWarning: 'squared' is deprecated in version 1.4 and will be removed in 1.6. To calculate the root mean squared error, use the function'root_mean_squared_error'.
  warnings.warn(

2024-11-06 13:50:48,914:WARNING:/Users/eugenio/Documents/Notebooks_ArtificialIntelligence/.venv/lib/python3.11/site-packages/sklearn/metrics/_regression.py:483: FutureWarning: 'squared' is deprecated in version 1.4 and will be removed in 1.6. To calculate the root mean squared error, use the function'root_mean_squared_error'.
  warnings.warn(

2024-11-06 13:50:48,916:WARNING:/Users/eugenio/Documents/Notebooks_ArtificialIntelligence/.venv/lib/python3.11/site-packages/sklearn/metrics/_regression.py:483: FutureWarning: 'squared' is deprecated in version 1.4 and will be removed in 1.6. To calculate the root mean squared error, use the function'root_mean_squared_error'.
  warnings.warn(

2024-11-06 13:50:49,082:WARNING:/Users/eugenio/Documents/Notebooks_ArtificialIntelligence/.venv/lib/python3.11/site-packages/sklearn/metrics/_regression.py:483: FutureWarning: 'squared' is deprecated in version 1.4 and will be removed in 1.6. To calculate the root mean squared error, use the function'root_mean_squared_error'.
  warnings.warn(

2024-11-06 13:50:49,089:WARNING:/Users/eugenio/Documents/Notebooks_ArtificialIntelligence/.venv/lib/python3.11/site-packages/sklearn/metrics/_regression.py:483: FutureWarning: 'squared' is deprecated in version 1.4 and will be removed in 1.6. To calculate the root mean squared error, use the function'root_mean_squared_error'.
  warnings.warn(

2024-11-06 13:50:49,110:INFO:Calculating mean and std
2024-11-06 13:50:49,112:INFO:Creating metrics dataframe
2024-11-06 13:50:49,116:WARNING:/Users/eugenio/Documents/Notebooks_ArtificialIntelligence/.venv/lib/python3.11/site-packages/pycaret/time_series/forecasting/oop.py:2694: FutureWarning:

The behavior of DataFrame concatenation with empty or all-NA entries is deprecated. In a future version, this will no longer exclude empty or all-NA columns when determining the result dtypes. To retain the old behavior, exclude the relevant entries before the concat operation.


2024-11-06 13:50:49,120:INFO:Uploading results into container
2024-11-06 13:50:49,120:INFO:Uploading model into container now
2024-11-06 13:50:49,121:INFO:_master_model_container: 9
2024-11-06 13:50:49,121:INFO:_display_container: 2
2024-11-06 13:50:49,122:INFO:ThetaForecaster(sp=12)
2024-11-06 13:50:49,122:INFO:create_model() successfully completed......................................
2024-11-06 13:50:49,443:INFO:SubProcess create_model() end ==================================
2024-11-06 13:50:49,443:INFO:Creating metrics dataframe
2024-11-06 13:50:49,484:INFO:Initializing STLF
2024-11-06 13:50:49,485:INFO:Total runtime is 1.3447026530901593 minutes
2024-11-06 13:50:49,503:INFO:SubProcess create_model() called ==================================
2024-11-06 13:50:49,503:INFO:Initializing create_model()
2024-11-06 13:50:49,504:INFO:create_model(self=<pycaret.time_series.forecasting.oop.TSForecastingExperiment object at 0x12f5d72d0>, estimator=stlf, fold=None, round=4, cross_validation=True, predict=True, fit_kwargs={}, groups=None, refit=False, probability_threshold=None, experiment_custom_tags=None, verbose=False, system=False, add_to_model_list=True, metrics=None, display=<pycaret.internal.display.display.CommonDisplay object at 0x133ccdd10>, model_only=True, return_train_score=False, error_score=0.0, kwargs={})
2024-11-06 13:50:49,507:INFO:Checking exceptions
2024-11-06 13:50:49,507:INFO:Importing libraries
2024-11-06 13:50:49,507:INFO:Copying training dataset
2024-11-06 13:50:49,520:INFO:Defining folds
2024-11-06 13:50:49,520:INFO:Declaring metric variables
2024-11-06 13:50:49,537:INFO:Importing untrained model
2024-11-06 13:50:49,554:INFO:STLF Imported successfully
2024-11-06 13:50:49,587:INFO:Starting cross validation
2024-11-06 13:50:49,590:INFO:Cross validating with ExpandingWindowSplitter(fh=ForecastingHorizon([1], dtype='int64', is_relative=True),
                        initial_window=140), n_jobs=-1
2024-11-06 13:50:49,838:WARNING:/Users/eugenio/Documents/Notebooks_ArtificialIntelligence/.venv/lib/python3.11/site-packages/sklearn/metrics/_regression.py:483: FutureWarning: 'squared' is deprecated in version 1.4 and will be removed in 1.6. To calculate the root mean squared error, use the function'root_mean_squared_error'.
  warnings.warn(

2024-11-06 13:50:49,841:WARNING:/Users/eugenio/Documents/Notebooks_ArtificialIntelligence/.venv/lib/python3.11/site-packages/sklearn/metrics/_regression.py:483: FutureWarning: 'squared' is deprecated in version 1.4 and will be removed in 1.6. To calculate the root mean squared error, use the function'root_mean_squared_error'.
  warnings.warn(

2024-11-06 13:50:49,846:WARNING:/Users/eugenio/Documents/Notebooks_ArtificialIntelligence/.venv/lib/python3.11/site-packages/sklearn/metrics/_regression.py:483: FutureWarning: 'squared' is deprecated in version 1.4 and will be removed in 1.6. To calculate the root mean squared error, use the function'root_mean_squared_error'.
  warnings.warn(

2024-11-06 13:50:49,847:WARNING:/Users/eugenio/Documents/Notebooks_ArtificialIntelligence/.venv/lib/python3.11/site-packages/sklearn/metrics/_regression.py:483: FutureWarning: 'squared' is deprecated in version 1.4 and will be removed in 1.6. To calculate the root mean squared error, use the function'root_mean_squared_error'.
  warnings.warn(

2024-11-06 13:50:50,005:WARNING:/Users/eugenio/Documents/Notebooks_ArtificialIntelligence/.venv/lib/python3.11/site-packages/sklearn/metrics/_regression.py:483: FutureWarning: 'squared' is deprecated in version 1.4 and will be removed in 1.6. To calculate the root mean squared error, use the function'root_mean_squared_error'.
  warnings.warn(

2024-11-06 13:50:50,007:WARNING:/Users/eugenio/Documents/Notebooks_ArtificialIntelligence/.venv/lib/python3.11/site-packages/sklearn/metrics/_regression.py:483: FutureWarning: 'squared' is deprecated in version 1.4 and will be removed in 1.6. To calculate the root mean squared error, use the function'root_mean_squared_error'.
  warnings.warn(

2024-11-06 13:50:50,017:INFO:Calculating mean and std
2024-11-06 13:50:50,019:INFO:Creating metrics dataframe
2024-11-06 13:50:50,022:WARNING:/Users/eugenio/Documents/Notebooks_ArtificialIntelligence/.venv/lib/python3.11/site-packages/pycaret/time_series/forecasting/oop.py:2694: FutureWarning:

The behavior of DataFrame concatenation with empty or all-NA entries is deprecated. In a future version, this will no longer exclude empty or all-NA columns when determining the result dtypes. To retain the old behavior, exclude the relevant entries before the concat operation.


2024-11-06 13:50:50,025:INFO:Uploading results into container
2024-11-06 13:50:50,026:INFO:Uploading model into container now
2024-11-06 13:50:50,026:INFO:_master_model_container: 10
2024-11-06 13:50:50,027:INFO:_display_container: 2
2024-11-06 13:50:50,029:INFO:STLForecaster(sp=12)
2024-11-06 13:50:50,030:INFO:create_model() successfully completed......................................
2024-11-06 13:50:50,363:INFO:SubProcess create_model() end ==================================
2024-11-06 13:50:50,363:INFO:Creating metrics dataframe
2024-11-06 13:50:50,397:INFO:Initializing Croston
2024-11-06 13:50:50,397:INFO:Total runtime is 1.3599035024642947 minutes
2024-11-06 13:50:50,405:INFO:SubProcess create_model() called ==================================
2024-11-06 13:50:50,408:INFO:Initializing create_model()
2024-11-06 13:50:50,408:INFO:create_model(self=<pycaret.time_series.forecasting.oop.TSForecastingExperiment object at 0x12f5d72d0>, estimator=croston, fold=None, round=4, cross_validation=True, predict=True, fit_kwargs={}, groups=None, refit=False, probability_threshold=None, experiment_custom_tags=None, verbose=False, system=False, add_to_model_list=True, metrics=None, display=<pycaret.internal.display.display.CommonDisplay object at 0x133ccdd10>, model_only=True, return_train_score=False, error_score=0.0, kwargs={})
2024-11-06 13:50:50,409:INFO:Checking exceptions
2024-11-06 13:50:50,409:INFO:Importing libraries
2024-11-06 13:50:50,409:INFO:Copying training dataset
2024-11-06 13:50:50,415:INFO:Defining folds
2024-11-06 13:50:50,415:INFO:Declaring metric variables
2024-11-06 13:50:50,429:INFO:Importing untrained model
2024-11-06 13:50:50,443:INFO:Croston Imported successfully
2024-11-06 13:50:50,462:INFO:Starting cross validation
2024-11-06 13:50:50,465:INFO:Cross validating with ExpandingWindowSplitter(fh=ForecastingHorizon([1], dtype='int64', is_relative=True),
                        initial_window=140), n_jobs=-1
2024-11-06 13:50:50,527:WARNING:/Users/eugenio/Documents/Notebooks_ArtificialIntelligence/.venv/lib/python3.11/site-packages/sklearn/metrics/_regression.py:483: FutureWarning: 'squared' is deprecated in version 1.4 and will be removed in 1.6. To calculate the root mean squared error, use the function'root_mean_squared_error'.
  warnings.warn(

2024-11-06 13:50:50,528:WARNING:/Users/eugenio/Documents/Notebooks_ArtificialIntelligence/.venv/lib/python3.11/site-packages/sklearn/metrics/_regression.py:483: FutureWarning: 'squared' is deprecated in version 1.4 and will be removed in 1.6. To calculate the root mean squared error, use the function'root_mean_squared_error'.
  warnings.warn(

2024-11-06 13:50:50,537:WARNING:/Users/eugenio/Documents/Notebooks_ArtificialIntelligence/.venv/lib/python3.11/site-packages/sklearn/metrics/_regression.py:483: FutureWarning: 'squared' is deprecated in version 1.4 and will be removed in 1.6. To calculate the root mean squared error, use the function'root_mean_squared_error'.
  warnings.warn(

2024-11-06 13:50:50,538:WARNING:/Users/eugenio/Documents/Notebooks_ArtificialIntelligence/.venv/lib/python3.11/site-packages/sklearn/metrics/_regression.py:483: FutureWarning: 'squared' is deprecated in version 1.4 and will be removed in 1.6. To calculate the root mean squared error, use the function'root_mean_squared_error'.
  warnings.warn(

2024-11-06 13:50:50,539:WARNING:/Users/eugenio/Documents/Notebooks_ArtificialIntelligence/.venv/lib/python3.11/site-packages/sklearn/metrics/_regression.py:483: FutureWarning: 'squared' is deprecated in version 1.4 and will be removed in 1.6. To calculate the root mean squared error, use the function'root_mean_squared_error'.
  warnings.warn(

2024-11-06 13:50:50,540:WARNING:/Users/eugenio/Documents/Notebooks_ArtificialIntelligence/.venv/lib/python3.11/site-packages/sklearn/metrics/_regression.py:483: FutureWarning: 'squared' is deprecated in version 1.4 and will be removed in 1.6. To calculate the root mean squared error, use the function'root_mean_squared_error'.
  warnings.warn(

2024-11-06 13:50:50,562:INFO:Calculating mean and std
2024-11-06 13:50:50,564:INFO:Creating metrics dataframe
2024-11-06 13:50:50,568:WARNING:/Users/eugenio/Documents/Notebooks_ArtificialIntelligence/.venv/lib/python3.11/site-packages/pycaret/time_series/forecasting/oop.py:2694: FutureWarning:

The behavior of DataFrame concatenation with empty or all-NA entries is deprecated. In a future version, this will no longer exclude empty or all-NA columns when determining the result dtypes. To retain the old behavior, exclude the relevant entries before the concat operation.


2024-11-06 13:50:50,571:INFO:Uploading results into container
2024-11-06 13:50:50,571:INFO:Uploading model into container now
2024-11-06 13:50:50,573:INFO:_master_model_container: 11
2024-11-06 13:50:50,573:INFO:_display_container: 2
2024-11-06 13:50:50,575:INFO:Croston()
2024-11-06 13:50:50,575:INFO:create_model() successfully completed......................................
2024-11-06 13:50:50,821:INFO:SubProcess create_model() end ==================================
2024-11-06 13:50:50,821:INFO:Creating metrics dataframe
2024-11-06 13:50:50,849:INFO:Initializing Linear w/ Cond. Deseasonalize & Detrending
2024-11-06 13:50:50,850:INFO:Total runtime is 1.3674438516298932 minutes
2024-11-06 13:50:50,859:INFO:SubProcess create_model() called ==================================
2024-11-06 13:50:50,859:INFO:Initializing create_model()
2024-11-06 13:50:50,859:INFO:create_model(self=<pycaret.time_series.forecasting.oop.TSForecastingExperiment object at 0x12f5d72d0>, estimator=lr_cds_dt, fold=None, round=4, cross_validation=True, predict=True, fit_kwargs={}, groups=None, refit=False, probability_threshold=None, experiment_custom_tags=None, verbose=False, system=False, add_to_model_list=True, metrics=None, display=<pycaret.internal.display.display.CommonDisplay object at 0x133ccdd10>, model_only=True, return_train_score=False, error_score=0.0, kwargs={})
2024-11-06 13:50:50,859:INFO:Checking exceptions
2024-11-06 13:50:50,859:INFO:Importing libraries
2024-11-06 13:50:50,859:INFO:Copying training dataset
2024-11-06 13:50:50,866:INFO:Defining folds
2024-11-06 13:50:50,866:INFO:Declaring metric variables
2024-11-06 13:50:50,880:INFO:Importing untrained model
2024-11-06 13:50:50,893:INFO:Linear w/ Cond. Deseasonalize & Detrending Imported successfully
2024-11-06 13:50:50,911:INFO:Starting cross validation
2024-11-06 13:50:50,912:INFO:Cross validating with ExpandingWindowSplitter(fh=ForecastingHorizon([1], dtype='int64', is_relative=True),
                        initial_window=140), n_jobs=-1
2024-11-06 13:50:52,083:INFO:Soft dependency imported: prophet: 1.1.6
2024-11-06 13:50:52,083:INFO:Soft dependency imported: prophet: 1.1.6
2024-11-06 13:50:52,083:INFO:Soft dependency imported: prophet: 1.1.6
2024-11-06 13:50:52,641:WARNING:/Users/eugenio/Documents/Notebooks_ArtificialIntelligence/.venv/lib/python3.11/site-packages/sklearn/metrics/_regression.py:483: FutureWarning: 'squared' is deprecated in version 1.4 and will be removed in 1.6. To calculate the root mean squared error, use the function'root_mean_squared_error'.
  warnings.warn(

2024-11-06 13:50:52,644:WARNING:/Users/eugenio/Documents/Notebooks_ArtificialIntelligence/.venv/lib/python3.11/site-packages/sklearn/metrics/_regression.py:483: FutureWarning: 'squared' is deprecated in version 1.4 and will be removed in 1.6. To calculate the root mean squared error, use the function'root_mean_squared_error'.
  warnings.warn(

2024-11-06 13:50:52,657:WARNING:/Users/eugenio/Documents/Notebooks_ArtificialIntelligence/.venv/lib/python3.11/site-packages/sklearn/metrics/_regression.py:483: FutureWarning: 'squared' is deprecated in version 1.4 and will be removed in 1.6. To calculate the root mean squared error, use the function'root_mean_squared_error'.
  warnings.warn(

2024-11-06 13:50:52,657:WARNING:/Users/eugenio/Documents/Notebooks_ArtificialIntelligence/.venv/lib/python3.11/site-packages/sklearn/metrics/_regression.py:483: FutureWarning: 'squared' is deprecated in version 1.4 and will be removed in 1.6. To calculate the root mean squared error, use the function'root_mean_squared_error'.
  warnings.warn(

2024-11-06 13:50:52,657:WARNING:/Users/eugenio/Documents/Notebooks_ArtificialIntelligence/.venv/lib/python3.11/site-packages/sklearn/metrics/_regression.py:483: FutureWarning: 'squared' is deprecated in version 1.4 and will be removed in 1.6. To calculate the root mean squared error, use the function'root_mean_squared_error'.
  warnings.warn(

2024-11-06 13:50:52,658:WARNING:/Users/eugenio/Documents/Notebooks_ArtificialIntelligence/.venv/lib/python3.11/site-packages/sklearn/metrics/_regression.py:483: FutureWarning: 'squared' is deprecated in version 1.4 and will be removed in 1.6. To calculate the root mean squared error, use the function'root_mean_squared_error'.
  warnings.warn(

2024-11-06 13:50:52,678:INFO:Calculating mean and std
2024-11-06 13:50:52,680:INFO:Creating metrics dataframe
2024-11-06 13:50:52,685:WARNING:/Users/eugenio/Documents/Notebooks_ArtificialIntelligence/.venv/lib/python3.11/site-packages/pycaret/time_series/forecasting/oop.py:2694: FutureWarning:

The behavior of DataFrame concatenation with empty or all-NA entries is deprecated. In a future version, this will no longer exclude empty or all-NA columns when determining the result dtypes. To retain the old behavior, exclude the relevant entries before the concat operation.


2024-11-06 13:50:52,689:INFO:Uploading results into container
2024-11-06 13:50:52,690:INFO:Uploading model into container now
2024-11-06 13:50:52,691:INFO:_master_model_container: 12
2024-11-06 13:50:52,691:INFO:_display_container: 2
2024-11-06 13:50:52,722:INFO:BaseCdsDtForecaster(fe_target_rr=[WindowSummarizer(lag_feature={'lag': [12, 11,
                                                                        10, 9,
                                                                        8, 7, 6,
                                                                        5, 4, 3,
                                                                        2, 1]},
                                                   n_jobs=1)],
                    regressor=LinearRegression(n_jobs=-1), sp=12,
                    window_length=12)
2024-11-06 13:50:52,722:INFO:create_model() successfully completed......................................
2024-11-06 13:50:52,973:INFO:SubProcess create_model() end ==================================
2024-11-06 13:50:52,973:INFO:Creating metrics dataframe
2024-11-06 13:50:52,991:INFO:Initializing Elastic Net w/ Cond. Deseasonalize & Detrending
2024-11-06 13:50:52,991:INFO:Total runtime is 1.4031384189923606 minutes
2024-11-06 13:50:52,997:INFO:SubProcess create_model() called ==================================
2024-11-06 13:50:52,997:INFO:Initializing create_model()
2024-11-06 13:50:52,997:INFO:create_model(self=<pycaret.time_series.forecasting.oop.TSForecastingExperiment object at 0x12f5d72d0>, estimator=en_cds_dt, fold=None, round=4, cross_validation=True, predict=True, fit_kwargs={}, groups=None, refit=False, probability_threshold=None, experiment_custom_tags=None, verbose=False, system=False, add_to_model_list=True, metrics=None, display=<pycaret.internal.display.display.CommonDisplay object at 0x133ccdd10>, model_only=True, return_train_score=False, error_score=0.0, kwargs={})
2024-11-06 13:50:52,998:INFO:Checking exceptions
2024-11-06 13:50:52,998:INFO:Importing libraries
2024-11-06 13:50:52,999:INFO:Copying training dataset
2024-11-06 13:50:53,007:INFO:Defining folds
2024-11-06 13:50:53,007:INFO:Declaring metric variables
2024-11-06 13:50:53,012:INFO:Importing untrained model
2024-11-06 13:50:53,024:INFO:Elastic Net w/ Cond. Deseasonalize & Detrending Imported successfully
2024-11-06 13:50:53,043:INFO:Starting cross validation
2024-11-06 13:50:53,044:INFO:Cross validating with ExpandingWindowSplitter(fh=ForecastingHorizon([1], dtype='int64', is_relative=True),
                        initial_window=140), n_jobs=-1
2024-11-06 13:50:53,311:WARNING:/Users/eugenio/Documents/Notebooks_ArtificialIntelligence/.venv/lib/python3.11/site-packages/sklearn/metrics/_regression.py:483: FutureWarning: 'squared' is deprecated in version 1.4 and will be removed in 1.6. To calculate the root mean squared error, use the function'root_mean_squared_error'.
  warnings.warn(

2024-11-06 13:50:53,312:WARNING:/Users/eugenio/Documents/Notebooks_ArtificialIntelligence/.venv/lib/python3.11/site-packages/sklearn/metrics/_regression.py:483: FutureWarning: 'squared' is deprecated in version 1.4 and will be removed in 1.6. To calculate the root mean squared error, use the function'root_mean_squared_error'.
  warnings.warn(

2024-11-06 13:50:53,767:INFO:Soft dependency imported: prophet: 1.1.6
2024-11-06 13:50:54,062:WARNING:/Users/eugenio/Documents/Notebooks_ArtificialIntelligence/.venv/lib/python3.11/site-packages/sklearn/metrics/_regression.py:483: FutureWarning: 'squared' is deprecated in version 1.4 and will be removed in 1.6. To calculate the root mean squared error, use the function'root_mean_squared_error'.
  warnings.warn(

2024-11-06 13:50:54,062:WARNING:/Users/eugenio/Documents/Notebooks_ArtificialIntelligence/.venv/lib/python3.11/site-packages/sklearn/metrics/_regression.py:483: FutureWarning: 'squared' is deprecated in version 1.4 and will be removed in 1.6. To calculate the root mean squared error, use the function'root_mean_squared_error'.
  warnings.warn(

2024-11-06 13:50:54,068:INFO:Soft dependency imported: prophet: 1.1.6
2024-11-06 13:50:54,388:WARNING:/Users/eugenio/Documents/Notebooks_ArtificialIntelligence/.venv/lib/python3.11/site-packages/sklearn/metrics/_regression.py:483: FutureWarning: 'squared' is deprecated in version 1.4 and will be removed in 1.6. To calculate the root mean squared error, use the function'root_mean_squared_error'.
  warnings.warn(

2024-11-06 13:50:54,390:WARNING:/Users/eugenio/Documents/Notebooks_ArtificialIntelligence/.venv/lib/python3.11/site-packages/sklearn/metrics/_regression.py:483: FutureWarning: 'squared' is deprecated in version 1.4 and will be removed in 1.6. To calculate the root mean squared error, use the function'root_mean_squared_error'.
  warnings.warn(

2024-11-06 13:50:54,411:INFO:Calculating mean and std
2024-11-06 13:50:54,413:INFO:Creating metrics dataframe
2024-11-06 13:50:54,415:WARNING:/Users/eugenio/Documents/Notebooks_ArtificialIntelligence/.venv/lib/python3.11/site-packages/pycaret/time_series/forecasting/oop.py:2694: FutureWarning:

The behavior of DataFrame concatenation with empty or all-NA entries is deprecated. In a future version, this will no longer exclude empty or all-NA columns when determining the result dtypes. To retain the old behavior, exclude the relevant entries before the concat operation.


2024-11-06 13:50:54,420:INFO:Uploading results into container
2024-11-06 13:50:54,420:INFO:Uploading model into container now
2024-11-06 13:50:54,420:INFO:_master_model_container: 13
2024-11-06 13:50:54,420:INFO:_display_container: 2
2024-11-06 13:50:54,425:INFO:BaseCdsDtForecaster(fe_target_rr=[WindowSummarizer(lag_feature={'lag': [12, 11,
                                                                        10, 9,
                                                                        8, 7, 6,
                                                                        5, 4, 3,
                                                                        2, 1]},
                                                   n_jobs=1)],
                    regressor=ElasticNet(random_state=123), sp=12,
                    window_length=12)
2024-11-06 13:50:54,425:INFO:create_model() successfully completed......................................
2024-11-06 13:50:54,838:INFO:SubProcess create_model() end ==================================
2024-11-06 13:50:54,838:INFO:Creating metrics dataframe
2024-11-06 13:50:54,859:INFO:Initializing Ridge w/ Cond. Deseasonalize & Detrending
2024-11-06 13:50:54,884:INFO:Total runtime is 1.4346788009007774 minutes
2024-11-06 13:50:54,894:INFO:SubProcess create_model() called ==================================
2024-11-06 13:50:54,895:INFO:Initializing create_model()
2024-11-06 13:50:54,895:INFO:create_model(self=<pycaret.time_series.forecasting.oop.TSForecastingExperiment object at 0x12f5d72d0>, estimator=ridge_cds_dt, fold=None, round=4, cross_validation=True, predict=True, fit_kwargs={}, groups=None, refit=False, probability_threshold=None, experiment_custom_tags=None, verbose=False, system=False, add_to_model_list=True, metrics=None, display=<pycaret.internal.display.display.CommonDisplay object at 0x133ccdd10>, model_only=True, return_train_score=False, error_score=0.0, kwargs={})
2024-11-06 13:50:54,895:INFO:Checking exceptions
2024-11-06 13:50:54,895:INFO:Importing libraries
2024-11-06 13:50:54,896:INFO:Copying training dataset
2024-11-06 13:50:54,908:INFO:Defining folds
2024-11-06 13:50:54,908:INFO:Declaring metric variables
2024-11-06 13:50:54,913:INFO:Importing untrained model
2024-11-06 13:50:54,927:INFO:Ridge w/ Cond. Deseasonalize & Detrending Imported successfully
2024-11-06 13:50:54,944:INFO:Starting cross validation
2024-11-06 13:50:54,946:INFO:Cross validating with ExpandingWindowSplitter(fh=ForecastingHorizon([1], dtype='int64', is_relative=True),
                        initial_window=140), n_jobs=-1
2024-11-06 13:50:55,234:WARNING:/Users/eugenio/Documents/Notebooks_ArtificialIntelligence/.venv/lib/python3.11/site-packages/sklearn/metrics/_regression.py:483: FutureWarning: 'squared' is deprecated in version 1.4 and will be removed in 1.6. To calculate the root mean squared error, use the function'root_mean_squared_error'.
  warnings.warn(

2024-11-06 13:50:55,235:WARNING:/Users/eugenio/Documents/Notebooks_ArtificialIntelligence/.venv/lib/python3.11/site-packages/sklearn/metrics/_regression.py:483: FutureWarning: 'squared' is deprecated in version 1.4 and will be removed in 1.6. To calculate the root mean squared error, use the function'root_mean_squared_error'.
  warnings.warn(

2024-11-06 13:50:55,236:WARNING:/Users/eugenio/Documents/Notebooks_ArtificialIntelligence/.venv/lib/python3.11/site-packages/sklearn/metrics/_regression.py:483: FutureWarning: 'squared' is deprecated in version 1.4 and will be removed in 1.6. To calculate the root mean squared error, use the function'root_mean_squared_error'.
  warnings.warn(

2024-11-06 13:50:55,237:WARNING:/Users/eugenio/Documents/Notebooks_ArtificialIntelligence/.venv/lib/python3.11/site-packages/sklearn/metrics/_regression.py:483: FutureWarning: 'squared' is deprecated in version 1.4 and will be removed in 1.6. To calculate the root mean squared error, use the function'root_mean_squared_error'.
  warnings.warn(

2024-11-06 13:50:55,237:WARNING:/Users/eugenio/Documents/Notebooks_ArtificialIntelligence/.venv/lib/python3.11/site-packages/sklearn/metrics/_regression.py:483: FutureWarning: 'squared' is deprecated in version 1.4 and will be removed in 1.6. To calculate the root mean squared error, use the function'root_mean_squared_error'.
  warnings.warn(

2024-11-06 13:50:55,238:WARNING:/Users/eugenio/Documents/Notebooks_ArtificialIntelligence/.venv/lib/python3.11/site-packages/sklearn/metrics/_regression.py:483: FutureWarning: 'squared' is deprecated in version 1.4 and will be removed in 1.6. To calculate the root mean squared error, use the function'root_mean_squared_error'.
  warnings.warn(

2024-11-06 13:50:55,249:INFO:Calculating mean and std
2024-11-06 13:50:55,251:INFO:Creating metrics dataframe
2024-11-06 13:50:55,254:WARNING:/Users/eugenio/Documents/Notebooks_ArtificialIntelligence/.venv/lib/python3.11/site-packages/pycaret/time_series/forecasting/oop.py:2694: FutureWarning:

The behavior of DataFrame concatenation with empty or all-NA entries is deprecated. In a future version, this will no longer exclude empty or all-NA columns when determining the result dtypes. To retain the old behavior, exclude the relevant entries before the concat operation.


2024-11-06 13:50:55,257:INFO:Uploading results into container
2024-11-06 13:50:55,258:INFO:Uploading model into container now
2024-11-06 13:50:55,258:INFO:_master_model_container: 14
2024-11-06 13:50:55,258:INFO:_display_container: 2
2024-11-06 13:50:55,262:INFO:BaseCdsDtForecaster(fe_target_rr=[WindowSummarizer(lag_feature={'lag': [12, 11,
                                                                        10, 9,
                                                                        8, 7, 6,
                                                                        5, 4, 3,
                                                                        2, 1]},
                                                   n_jobs=1)],
                    regressor=Ridge(random_state=123), sp=12, window_length=12)
2024-11-06 13:50:55,262:INFO:create_model() successfully completed......................................
2024-11-06 13:50:55,497:INFO:SubProcess create_model() end ==================================
2024-11-06 13:50:55,497:INFO:Creating metrics dataframe
2024-11-06 13:50:55,524:INFO:Initializing Lasso w/ Cond. Deseasonalize & Detrending
2024-11-06 13:50:55,525:INFO:Total runtime is 1.4453646858533225 minutes
2024-11-06 13:50:55,535:INFO:SubProcess create_model() called ==================================
2024-11-06 13:50:55,535:INFO:Initializing create_model()
2024-11-06 13:50:55,536:INFO:create_model(self=<pycaret.time_series.forecasting.oop.TSForecastingExperiment object at 0x12f5d72d0>, estimator=lasso_cds_dt, fold=None, round=4, cross_validation=True, predict=True, fit_kwargs={}, groups=None, refit=False, probability_threshold=None, experiment_custom_tags=None, verbose=False, system=False, add_to_model_list=True, metrics=None, display=<pycaret.internal.display.display.CommonDisplay object at 0x133ccdd10>, model_only=True, return_train_score=False, error_score=0.0, kwargs={})
2024-11-06 13:50:55,536:INFO:Checking exceptions
2024-11-06 13:50:55,537:INFO:Importing libraries
2024-11-06 13:50:55,539:INFO:Copying training dataset
2024-11-06 13:50:55,545:INFO:Defining folds
2024-11-06 13:50:55,546:INFO:Declaring metric variables
2024-11-06 13:50:55,552:INFO:Importing untrained model
2024-11-06 13:50:55,561:INFO:Lasso w/ Cond. Deseasonalize & Detrending Imported successfully
2024-11-06 13:50:55,578:INFO:Starting cross validation
2024-11-06 13:50:55,580:INFO:Cross validating with ExpandingWindowSplitter(fh=ForecastingHorizon([1], dtype='int64', is_relative=True),
                        initial_window=140), n_jobs=-1
2024-11-06 13:50:55,807:WARNING:/Users/eugenio/Documents/Notebooks_ArtificialIntelligence/.venv/lib/python3.11/site-packages/sklearn/metrics/_regression.py:483: FutureWarning: 'squared' is deprecated in version 1.4 and will be removed in 1.6. To calculate the root mean squared error, use the function'root_mean_squared_error'.
  warnings.warn(

2024-11-06 13:50:55,808:WARNING:/Users/eugenio/Documents/Notebooks_ArtificialIntelligence/.venv/lib/python3.11/site-packages/sklearn/metrics/_regression.py:483: FutureWarning: 'squared' is deprecated in version 1.4 and will be removed in 1.6. To calculate the root mean squared error, use the function'root_mean_squared_error'.
  warnings.warn(

2024-11-06 13:50:55,819:WARNING:/Users/eugenio/Documents/Notebooks_ArtificialIntelligence/.venv/lib/python3.11/site-packages/sklearn/metrics/_regression.py:483: FutureWarning: 'squared' is deprecated in version 1.4 and will be removed in 1.6. To calculate the root mean squared error, use the function'root_mean_squared_error'.
  warnings.warn(

2024-11-06 13:50:55,820:WARNING:/Users/eugenio/Documents/Notebooks_ArtificialIntelligence/.venv/lib/python3.11/site-packages/sklearn/metrics/_regression.py:483: FutureWarning: 'squared' is deprecated in version 1.4 and will be removed in 1.6. To calculate the root mean squared error, use the function'root_mean_squared_error'.
  warnings.warn(

2024-11-06 13:50:56,252:INFO:Soft dependency imported: prophet: 1.1.6
2024-11-06 13:50:56,570:WARNING:/Users/eugenio/Documents/Notebooks_ArtificialIntelligence/.venv/lib/python3.11/site-packages/sklearn/metrics/_regression.py:483: FutureWarning: 'squared' is deprecated in version 1.4 and will be removed in 1.6. To calculate the root mean squared error, use the function'root_mean_squared_error'.
  warnings.warn(

2024-11-06 13:50:56,573:WARNING:/Users/eugenio/Documents/Notebooks_ArtificialIntelligence/.venv/lib/python3.11/site-packages/sklearn/metrics/_regression.py:483: FutureWarning: 'squared' is deprecated in version 1.4 and will be removed in 1.6. To calculate the root mean squared error, use the function'root_mean_squared_error'.
  warnings.warn(

2024-11-06 13:50:56,597:INFO:Calculating mean and std
2024-11-06 13:50:56,608:INFO:Creating metrics dataframe
2024-11-06 13:50:56,613:WARNING:/Users/eugenio/Documents/Notebooks_ArtificialIntelligence/.venv/lib/python3.11/site-packages/pycaret/time_series/forecasting/oop.py:2694: FutureWarning:

The behavior of DataFrame concatenation with empty or all-NA entries is deprecated. In a future version, this will no longer exclude empty or all-NA columns when determining the result dtypes. To retain the old behavior, exclude the relevant entries before the concat operation.


2024-11-06 13:50:56,624:INFO:Uploading results into container
2024-11-06 13:50:56,624:INFO:Uploading model into container now
2024-11-06 13:50:56,627:INFO:_master_model_container: 15
2024-11-06 13:50:56,627:INFO:_display_container: 2
2024-11-06 13:50:56,640:INFO:BaseCdsDtForecaster(fe_target_rr=[WindowSummarizer(lag_feature={'lag': [12, 11,
                                                                        10, 9,
                                                                        8, 7, 6,
                                                                        5, 4, 3,
                                                                        2, 1]},
                                                   n_jobs=1)],
                    regressor=Lasso(random_state=123), sp=12, window_length=12)
2024-11-06 13:50:56,641:INFO:create_model() successfully completed......................................
2024-11-06 13:50:57,093:INFO:SubProcess create_model() end ==================================
2024-11-06 13:50:57,093:INFO:Creating metrics dataframe
2024-11-06 13:50:57,143:INFO:Initializing Lasso Least Angular Regressor w/ Cond. Deseasonalize & Detrending
2024-11-06 13:50:57,143:INFO:Total runtime is 1.4723315676053366 minutes
2024-11-06 13:50:57,152:INFO:SubProcess create_model() called ==================================
2024-11-06 13:50:57,152:INFO:Initializing create_model()
2024-11-06 13:50:57,152:INFO:create_model(self=<pycaret.time_series.forecasting.oop.TSForecastingExperiment object at 0x12f5d72d0>, estimator=llar_cds_dt, fold=None, round=4, cross_validation=True, predict=True, fit_kwargs={}, groups=None, refit=False, probability_threshold=None, experiment_custom_tags=None, verbose=False, system=False, add_to_model_list=True, metrics=None, display=<pycaret.internal.display.display.CommonDisplay object at 0x133ccdd10>, model_only=True, return_train_score=False, error_score=0.0, kwargs={})
2024-11-06 13:50:57,152:INFO:Checking exceptions
2024-11-06 13:50:57,152:INFO:Importing libraries
2024-11-06 13:50:57,152:INFO:Copying training dataset
2024-11-06 13:50:57,160:INFO:Defining folds
2024-11-06 13:50:57,161:INFO:Declaring metric variables
2024-11-06 13:50:57,167:INFO:Importing untrained model
2024-11-06 13:50:57,178:INFO:Lasso Least Angular Regressor w/ Cond. Deseasonalize & Detrending Imported successfully
2024-11-06 13:50:57,211:INFO:Starting cross validation
2024-11-06 13:50:57,219:INFO:Cross validating with ExpandingWindowSplitter(fh=ForecastingHorizon([1], dtype='int64', is_relative=True),
                        initial_window=140), n_jobs=-1
2024-11-06 13:50:58,381:WARNING:/Users/eugenio/Documents/Notebooks_ArtificialIntelligence/.venv/lib/python3.11/site-packages/sklearn/metrics/_regression.py:483: FutureWarning: 'squared' is deprecated in version 1.4 and will be removed in 1.6. To calculate the root mean squared error, use the function'root_mean_squared_error'.
  warnings.warn(

2024-11-06 13:50:58,382:WARNING:/Users/eugenio/Documents/Notebooks_ArtificialIntelligence/.venv/lib/python3.11/site-packages/sklearn/metrics/_regression.py:483: FutureWarning: 'squared' is deprecated in version 1.4 and will be removed in 1.6. To calculate the root mean squared error, use the function'root_mean_squared_error'.
  warnings.warn(

2024-11-06 13:50:58,404:WARNING:/Users/eugenio/Documents/Notebooks_ArtificialIntelligence/.venv/lib/python3.11/site-packages/sklearn/metrics/_regression.py:483: FutureWarning: 'squared' is deprecated in version 1.4 and will be removed in 1.6. To calculate the root mean squared error, use the function'root_mean_squared_error'.
  warnings.warn(

2024-11-06 13:50:58,405:WARNING:/Users/eugenio/Documents/Notebooks_ArtificialIntelligence/.venv/lib/python3.11/site-packages/sklearn/metrics/_regression.py:483: FutureWarning: 'squared' is deprecated in version 1.4 and will be removed in 1.6. To calculate the root mean squared error, use the function'root_mean_squared_error'.
  warnings.warn(

2024-11-06 13:50:58,945:INFO:Soft dependency imported: prophet: 1.1.6
2024-11-06 13:50:59,513:WARNING:/Users/eugenio/Documents/Notebooks_ArtificialIntelligence/.venv/lib/python3.11/site-packages/sklearn/metrics/_regression.py:483: FutureWarning: 'squared' is deprecated in version 1.4 and will be removed in 1.6. To calculate the root mean squared error, use the function'root_mean_squared_error'.
  warnings.warn(

2024-11-06 13:50:59,514:WARNING:/Users/eugenio/Documents/Notebooks_ArtificialIntelligence/.venv/lib/python3.11/site-packages/sklearn/metrics/_regression.py:483: FutureWarning: 'squared' is deprecated in version 1.4 and will be removed in 1.6. To calculate the root mean squared error, use the function'root_mean_squared_error'.
  warnings.warn(

2024-11-06 13:50:59,534:INFO:Calculating mean and std
2024-11-06 13:50:59,537:INFO:Creating metrics dataframe
2024-11-06 13:50:59,542:WARNING:/Users/eugenio/Documents/Notebooks_ArtificialIntelligence/.venv/lib/python3.11/site-packages/pycaret/time_series/forecasting/oop.py:2694: FutureWarning:

The behavior of DataFrame concatenation with empty or all-NA entries is deprecated. In a future version, this will no longer exclude empty or all-NA columns when determining the result dtypes. To retain the old behavior, exclude the relevant entries before the concat operation.


2024-11-06 13:50:59,545:INFO:Uploading results into container
2024-11-06 13:50:59,545:INFO:Uploading model into container now
2024-11-06 13:50:59,546:INFO:_master_model_container: 16
2024-11-06 13:50:59,546:INFO:_display_container: 2
2024-11-06 13:50:59,567:INFO:BaseCdsDtForecaster(fe_target_rr=[WindowSummarizer(lag_feature={'lag': [12, 11,
                                                                        10, 9,
                                                                        8, 7, 6,
                                                                        5, 4, 3,
                                                                        2, 1]},
                                                   n_jobs=1)],
                    regressor=LassoLars(random_state=123), sp=12,
                    window_length=12)
2024-11-06 13:50:59,567:INFO:create_model() successfully completed......................................
2024-11-06 13:50:59,840:INFO:SubProcess create_model() end ==================================
2024-11-06 13:50:59,840:INFO:Creating metrics dataframe
2024-11-06 13:50:59,869:INFO:Initializing Bayesian Ridge w/ Cond. Deseasonalize & Detrending
2024-11-06 13:50:59,870:INFO:Total runtime is 1.5177743872006735 minutes
2024-11-06 13:50:59,879:INFO:SubProcess create_model() called ==================================
2024-11-06 13:50:59,879:INFO:Initializing create_model()
2024-11-06 13:50:59,879:INFO:create_model(self=<pycaret.time_series.forecasting.oop.TSForecastingExperiment object at 0x12f5d72d0>, estimator=br_cds_dt, fold=None, round=4, cross_validation=True, predict=True, fit_kwargs={}, groups=None, refit=False, probability_threshold=None, experiment_custom_tags=None, verbose=False, system=False, add_to_model_list=True, metrics=None, display=<pycaret.internal.display.display.CommonDisplay object at 0x133ccdd10>, model_only=True, return_train_score=False, error_score=0.0, kwargs={})
2024-11-06 13:50:59,880:INFO:Checking exceptions
2024-11-06 13:50:59,881:INFO:Importing libraries
2024-11-06 13:50:59,881:INFO:Copying training dataset
2024-11-06 13:50:59,895:INFO:Defining folds
2024-11-06 13:50:59,895:INFO:Declaring metric variables
2024-11-06 13:50:59,909:INFO:Importing untrained model
2024-11-06 13:50:59,918:INFO:Bayesian Ridge w/ Cond. Deseasonalize & Detrending Imported successfully
2024-11-06 13:50:59,954:INFO:Starting cross validation
2024-11-06 13:50:59,955:INFO:Cross validating with ExpandingWindowSplitter(fh=ForecastingHorizon([1], dtype='int64', is_relative=True),
                        initial_window=140), n_jobs=-1
2024-11-06 13:51:00,343:WARNING:/Users/eugenio/Documents/Notebooks_ArtificialIntelligence/.venv/lib/python3.11/site-packages/sklearn/metrics/_regression.py:483: FutureWarning: 'squared' is deprecated in version 1.4 and will be removed in 1.6. To calculate the root mean squared error, use the function'root_mean_squared_error'.
  warnings.warn(

2024-11-06 13:51:00,344:WARNING:/Users/eugenio/Documents/Notebooks_ArtificialIntelligence/.venv/lib/python3.11/site-packages/sklearn/metrics/_regression.py:483: FutureWarning: 'squared' is deprecated in version 1.4 and will be removed in 1.6. To calculate the root mean squared error, use the function'root_mean_squared_error'.
  warnings.warn(

2024-11-06 13:51:00,345:WARNING:/Users/eugenio/Documents/Notebooks_ArtificialIntelligence/.venv/lib/python3.11/site-packages/sklearn/metrics/_regression.py:483: FutureWarning: 'squared' is deprecated in version 1.4 and will be removed in 1.6. To calculate the root mean squared error, use the function'root_mean_squared_error'.
  warnings.warn(

2024-11-06 13:51:00,346:WARNING:/Users/eugenio/Documents/Notebooks_ArtificialIntelligence/.venv/lib/python3.11/site-packages/sklearn/metrics/_regression.py:483: FutureWarning: 'squared' is deprecated in version 1.4 and will be removed in 1.6. To calculate the root mean squared error, use the function'root_mean_squared_error'.
  warnings.warn(

2024-11-06 13:51:01,890:INFO:Soft dependency imported: prophet: 1.1.6
2024-11-06 13:51:02,182:WARNING:/Users/eugenio/Documents/Notebooks_ArtificialIntelligence/.venv/lib/python3.11/site-packages/sklearn/metrics/_regression.py:483: FutureWarning: 'squared' is deprecated in version 1.4 and will be removed in 1.6. To calculate the root mean squared error, use the function'root_mean_squared_error'.
  warnings.warn(

2024-11-06 13:51:02,183:WARNING:/Users/eugenio/Documents/Notebooks_ArtificialIntelligence/.venv/lib/python3.11/site-packages/sklearn/metrics/_regression.py:483: FutureWarning: 'squared' is deprecated in version 1.4 and will be removed in 1.6. To calculate the root mean squared error, use the function'root_mean_squared_error'.
  warnings.warn(

2024-11-06 13:51:02,201:INFO:Calculating mean and std
2024-11-06 13:51:02,203:INFO:Creating metrics dataframe
2024-11-06 13:51:02,209:WARNING:/Users/eugenio/Documents/Notebooks_ArtificialIntelligence/.venv/lib/python3.11/site-packages/pycaret/time_series/forecasting/oop.py:2694: FutureWarning:

The behavior of DataFrame concatenation with empty or all-NA entries is deprecated. In a future version, this will no longer exclude empty or all-NA columns when determining the result dtypes. To retain the old behavior, exclude the relevant entries before the concat operation.


2024-11-06 13:51:02,212:INFO:Uploading results into container
2024-11-06 13:51:02,212:INFO:Uploading model into container now
2024-11-06 13:51:02,213:INFO:_master_model_container: 17
2024-11-06 13:51:02,214:INFO:_display_container: 2
2024-11-06 13:51:02,220:INFO:BaseCdsDtForecaster(fe_target_rr=[WindowSummarizer(lag_feature={'lag': [12, 11,
                                                                        10, 9,
                                                                        8, 7, 6,
                                                                        5, 4, 3,
                                                                        2, 1]},
                                                   n_jobs=1)],
                    regressor=BayesianRidge(), sp=12, window_length=12)
2024-11-06 13:51:02,220:INFO:create_model() successfully completed......................................
2024-11-06 13:51:02,537:INFO:SubProcess create_model() end ==================================
2024-11-06 13:51:02,538:INFO:Creating metrics dataframe
2024-11-06 13:51:02,586:INFO:Initializing Huber w/ Cond. Deseasonalize & Detrending
2024-11-06 13:51:02,587:INFO:Total runtime is 1.5630560159683229 minutes
2024-11-06 13:51:02,596:INFO:SubProcess create_model() called ==================================
2024-11-06 13:51:02,597:INFO:Initializing create_model()
2024-11-06 13:51:02,597:INFO:create_model(self=<pycaret.time_series.forecasting.oop.TSForecastingExperiment object at 0x12f5d72d0>, estimator=huber_cds_dt, fold=None, round=4, cross_validation=True, predict=True, fit_kwargs={}, groups=None, refit=False, probability_threshold=None, experiment_custom_tags=None, verbose=False, system=False, add_to_model_list=True, metrics=None, display=<pycaret.internal.display.display.CommonDisplay object at 0x133ccdd10>, model_only=True, return_train_score=False, error_score=0.0, kwargs={})
2024-11-06 13:51:02,597:INFO:Checking exceptions
2024-11-06 13:51:02,599:INFO:Importing libraries
2024-11-06 13:51:02,599:INFO:Copying training dataset
2024-11-06 13:51:02,621:INFO:Defining folds
2024-11-06 13:51:02,621:INFO:Declaring metric variables
2024-11-06 13:51:02,638:INFO:Importing untrained model
2024-11-06 13:51:02,651:INFO:Huber w/ Cond. Deseasonalize & Detrending Imported successfully
2024-11-06 13:51:02,670:INFO:Starting cross validation
2024-11-06 13:51:02,671:INFO:Cross validating with ExpandingWindowSplitter(fh=ForecastingHorizon([1], dtype='int64', is_relative=True),
                        initial_window=140), n_jobs=-1
2024-11-06 13:51:03,072:WARNING:/Users/eugenio/Documents/Notebooks_ArtificialIntelligence/.venv/lib/python3.11/site-packages/sklearn/metrics/_regression.py:483: FutureWarning: 'squared' is deprecated in version 1.4 and will be removed in 1.6. To calculate the root mean squared error, use the function'root_mean_squared_error'.
  warnings.warn(

2024-11-06 13:51:03,073:WARNING:/Users/eugenio/Documents/Notebooks_ArtificialIntelligence/.venv/lib/python3.11/site-packages/sklearn/metrics/_regression.py:483: FutureWarning: 'squared' is deprecated in version 1.4 and will be removed in 1.6. To calculate the root mean squared error, use the function'root_mean_squared_error'.
  warnings.warn(

2024-11-06 13:51:03,094:WARNING:/Users/eugenio/Documents/Notebooks_ArtificialIntelligence/.venv/lib/python3.11/site-packages/sklearn/metrics/_regression.py:483: FutureWarning: 'squared' is deprecated in version 1.4 and will be removed in 1.6. To calculate the root mean squared error, use the function'root_mean_squared_error'.
  warnings.warn(

2024-11-06 13:51:03,095:WARNING:/Users/eugenio/Documents/Notebooks_ArtificialIntelligence/.venv/lib/python3.11/site-packages/sklearn/metrics/_regression.py:483: FutureWarning: 'squared' is deprecated in version 1.4 and will be removed in 1.6. To calculate the root mean squared error, use the function'root_mean_squared_error'.
  warnings.warn(

2024-11-06 13:51:03,122:WARNING:/Users/eugenio/Documents/Notebooks_ArtificialIntelligence/.venv/lib/python3.11/site-packages/sklearn/metrics/_regression.py:483: FutureWarning: 'squared' is deprecated in version 1.4 and will be removed in 1.6. To calculate the root mean squared error, use the function'root_mean_squared_error'.
  warnings.warn(

2024-11-06 13:51:03,123:WARNING:/Users/eugenio/Documents/Notebooks_ArtificialIntelligence/.venv/lib/python3.11/site-packages/sklearn/metrics/_regression.py:483: FutureWarning: 'squared' is deprecated in version 1.4 and will be removed in 1.6. To calculate the root mean squared error, use the function'root_mean_squared_error'.
  warnings.warn(

2024-11-06 13:51:03,136:INFO:Calculating mean and std
2024-11-06 13:51:03,138:INFO:Creating metrics dataframe
2024-11-06 13:51:03,142:WARNING:/Users/eugenio/Documents/Notebooks_ArtificialIntelligence/.venv/lib/python3.11/site-packages/pycaret/time_series/forecasting/oop.py:2694: FutureWarning:

The behavior of DataFrame concatenation with empty or all-NA entries is deprecated. In a future version, this will no longer exclude empty or all-NA columns when determining the result dtypes. To retain the old behavior, exclude the relevant entries before the concat operation.


2024-11-06 13:51:03,146:INFO:Uploading results into container
2024-11-06 13:51:03,146:INFO:Uploading model into container now
2024-11-06 13:51:03,146:INFO:_master_model_container: 18
2024-11-06 13:51:03,147:INFO:_display_container: 2
2024-11-06 13:51:03,151:INFO:BaseCdsDtForecaster(fe_target_rr=[WindowSummarizer(lag_feature={'lag': [12, 11,
                                                                        10, 9,
                                                                        8, 7, 6,
                                                                        5, 4, 3,
                                                                        2, 1]},
                                                   n_jobs=1)],
                    regressor=HuberRegressor(), sp=12, window_length=12)
2024-11-06 13:51:03,152:INFO:create_model() successfully completed......................................
2024-11-06 13:51:03,392:INFO:SubProcess create_model() end ==================================
2024-11-06 13:51:03,392:INFO:Creating metrics dataframe
2024-11-06 13:51:03,431:INFO:Initializing Orthogonal Matching Pursuit w/ Cond. Deseasonalize & Detrending
2024-11-06 13:51:03,432:INFO:Total runtime is 1.577141018708547 minutes
2024-11-06 13:51:03,444:INFO:SubProcess create_model() called ==================================
2024-11-06 13:51:03,444:INFO:Initializing create_model()
2024-11-06 13:51:03,445:INFO:create_model(self=<pycaret.time_series.forecasting.oop.TSForecastingExperiment object at 0x12f5d72d0>, estimator=omp_cds_dt, fold=None, round=4, cross_validation=True, predict=True, fit_kwargs={}, groups=None, refit=False, probability_threshold=None, experiment_custom_tags=None, verbose=False, system=False, add_to_model_list=True, metrics=None, display=<pycaret.internal.display.display.CommonDisplay object at 0x133ccdd10>, model_only=True, return_train_score=False, error_score=0.0, kwargs={})
2024-11-06 13:51:03,445:INFO:Checking exceptions
2024-11-06 13:51:03,445:INFO:Importing libraries
2024-11-06 13:51:03,446:INFO:Copying training dataset
2024-11-06 13:51:03,456:INFO:Defining folds
2024-11-06 13:51:03,456:INFO:Declaring metric variables
2024-11-06 13:51:03,463:INFO:Importing untrained model
2024-11-06 13:51:03,471:INFO:Orthogonal Matching Pursuit w/ Cond. Deseasonalize & Detrending Imported successfully
2024-11-06 13:51:03,513:INFO:Starting cross validation
2024-11-06 13:51:03,515:INFO:Cross validating with ExpandingWindowSplitter(fh=ForecastingHorizon([1], dtype='int64', is_relative=True),
                        initial_window=140), n_jobs=-1
2024-11-06 13:51:03,870:WARNING:/Users/eugenio/Documents/Notebooks_ArtificialIntelligence/.venv/lib/python3.11/site-packages/sklearn/metrics/_regression.py:483: FutureWarning: 'squared' is deprecated in version 1.4 and will be removed in 1.6. To calculate the root mean squared error, use the function'root_mean_squared_error'.
  warnings.warn(

2024-11-06 13:51:03,872:WARNING:/Users/eugenio/Documents/Notebooks_ArtificialIntelligence/.venv/lib/python3.11/site-packages/sklearn/metrics/_regression.py:483: FutureWarning: 'squared' is deprecated in version 1.4 and will be removed in 1.6. To calculate the root mean squared error, use the function'root_mean_squared_error'.
  warnings.warn(

2024-11-06 13:51:03,879:WARNING:/Users/eugenio/Documents/Notebooks_ArtificialIntelligence/.venv/lib/python3.11/site-packages/sklearn/metrics/_regression.py:483: FutureWarning: 'squared' is deprecated in version 1.4 and will be removed in 1.6. To calculate the root mean squared error, use the function'root_mean_squared_error'.
  warnings.warn(

2024-11-06 13:51:03,880:WARNING:/Users/eugenio/Documents/Notebooks_ArtificialIntelligence/.venv/lib/python3.11/site-packages/sklearn/metrics/_regression.py:483: FutureWarning: 'squared' is deprecated in version 1.4 and will be removed in 1.6. To calculate the root mean squared error, use the function'root_mean_squared_error'.
  warnings.warn(

2024-11-06 13:51:03,880:WARNING:/Users/eugenio/Documents/Notebooks_ArtificialIntelligence/.venv/lib/python3.11/site-packages/sklearn/metrics/_regression.py:483: FutureWarning: 'squared' is deprecated in version 1.4 and will be removed in 1.6. To calculate the root mean squared error, use the function'root_mean_squared_error'.
  warnings.warn(

2024-11-06 13:51:03,882:WARNING:/Users/eugenio/Documents/Notebooks_ArtificialIntelligence/.venv/lib/python3.11/site-packages/sklearn/metrics/_regression.py:483: FutureWarning: 'squared' is deprecated in version 1.4 and will be removed in 1.6. To calculate the root mean squared error, use the function'root_mean_squared_error'.
  warnings.warn(

2024-11-06 13:51:03,903:INFO:Calculating mean and std
2024-11-06 13:51:03,905:INFO:Creating metrics dataframe
2024-11-06 13:51:03,909:WARNING:/Users/eugenio/Documents/Notebooks_ArtificialIntelligence/.venv/lib/python3.11/site-packages/pycaret/time_series/forecasting/oop.py:2694: FutureWarning:

The behavior of DataFrame concatenation with empty or all-NA entries is deprecated. In a future version, this will no longer exclude empty or all-NA columns when determining the result dtypes. To retain the old behavior, exclude the relevant entries before the concat operation.


2024-11-06 13:51:03,953:INFO:Uploading results into container
2024-11-06 13:51:03,953:INFO:Uploading model into container now
2024-11-06 13:51:03,954:INFO:_master_model_container: 19
2024-11-06 13:51:03,954:INFO:_display_container: 2
2024-11-06 13:51:03,958:INFO:BaseCdsDtForecaster(fe_target_rr=[WindowSummarizer(lag_feature={'lag': [12, 11,
                                                                        10, 9,
                                                                        8, 7, 6,
                                                                        5, 4, 3,
                                                                        2, 1]},
                                                   n_jobs=1)],
                    regressor=OrthogonalMatchingPursuit(), sp=12,
                    window_length=12)
2024-11-06 13:51:03,958:INFO:create_model() successfully completed......................................
2024-11-06 13:51:04,194:INFO:SubProcess create_model() end ==================================
2024-11-06 13:51:04,195:INFO:Creating metrics dataframe
2024-11-06 13:51:04,226:INFO:Initializing K Neighbors w/ Cond. Deseasonalize & Detrending
2024-11-06 13:51:04,226:INFO:Total runtime is 1.5903832515080771 minutes
2024-11-06 13:51:04,235:INFO:SubProcess create_model() called ==================================
2024-11-06 13:51:04,235:INFO:Initializing create_model()
2024-11-06 13:51:04,235:INFO:create_model(self=<pycaret.time_series.forecasting.oop.TSForecastingExperiment object at 0x12f5d72d0>, estimator=knn_cds_dt, fold=None, round=4, cross_validation=True, predict=True, fit_kwargs={}, groups=None, refit=False, probability_threshold=None, experiment_custom_tags=None, verbose=False, system=False, add_to_model_list=True, metrics=None, display=<pycaret.internal.display.display.CommonDisplay object at 0x133ccdd10>, model_only=True, return_train_score=False, error_score=0.0, kwargs={})
2024-11-06 13:51:04,236:INFO:Checking exceptions
2024-11-06 13:51:04,236:INFO:Importing libraries
2024-11-06 13:51:04,237:INFO:Copying training dataset
2024-11-06 13:51:04,244:INFO:Defining folds
2024-11-06 13:51:04,244:INFO:Declaring metric variables
2024-11-06 13:51:04,250:INFO:Importing untrained model
2024-11-06 13:51:04,259:INFO:K Neighbors w/ Cond. Deseasonalize & Detrending Imported successfully
2024-11-06 13:51:04,276:INFO:Starting cross validation
2024-11-06 13:51:04,278:INFO:Cross validating with ExpandingWindowSplitter(fh=ForecastingHorizon([1], dtype='int64', is_relative=True),
                        initial_window=140), n_jobs=-1
2024-11-06 13:51:04,661:WARNING:/Users/eugenio/Documents/Notebooks_ArtificialIntelligence/.venv/lib/python3.11/site-packages/sklearn/metrics/_regression.py:483: FutureWarning: 'squared' is deprecated in version 1.4 and will be removed in 1.6. To calculate the root mean squared error, use the function'root_mean_squared_error'.
  warnings.warn(

2024-11-06 13:51:04,662:WARNING:/Users/eugenio/Documents/Notebooks_ArtificialIntelligence/.venv/lib/python3.11/site-packages/sklearn/metrics/_regression.py:483: FutureWarning: 'squared' is deprecated in version 1.4 and will be removed in 1.6. To calculate the root mean squared error, use the function'root_mean_squared_error'.
  warnings.warn(

2024-11-06 13:51:04,664:WARNING:/Users/eugenio/Documents/Notebooks_ArtificialIntelligence/.venv/lib/python3.11/site-packages/sklearn/metrics/_regression.py:483: FutureWarning: 'squared' is deprecated in version 1.4 and will be removed in 1.6. To calculate the root mean squared error, use the function'root_mean_squared_error'.
  warnings.warn(

2024-11-06 13:51:04,665:WARNING:/Users/eugenio/Documents/Notebooks_ArtificialIntelligence/.venv/lib/python3.11/site-packages/sklearn/metrics/_regression.py:483: FutureWarning: 'squared' is deprecated in version 1.4 and will be removed in 1.6. To calculate the root mean squared error, use the function'root_mean_squared_error'.
  warnings.warn(

2024-11-06 13:51:04,673:WARNING:/Users/eugenio/Documents/Notebooks_ArtificialIntelligence/.venv/lib/python3.11/site-packages/sklearn/metrics/_regression.py:483: FutureWarning: 'squared' is deprecated in version 1.4 and will be removed in 1.6. To calculate the root mean squared error, use the function'root_mean_squared_error'.
  warnings.warn(

2024-11-06 13:51:04,674:WARNING:/Users/eugenio/Documents/Notebooks_ArtificialIntelligence/.venv/lib/python3.11/site-packages/sklearn/metrics/_regression.py:483: FutureWarning: 'squared' is deprecated in version 1.4 and will be removed in 1.6. To calculate the root mean squared error, use the function'root_mean_squared_error'.
  warnings.warn(

2024-11-06 13:51:04,691:INFO:Calculating mean and std
2024-11-06 13:51:04,693:INFO:Creating metrics dataframe
2024-11-06 13:51:04,695:WARNING:/Users/eugenio/Documents/Notebooks_ArtificialIntelligence/.venv/lib/python3.11/site-packages/pycaret/time_series/forecasting/oop.py:2694: FutureWarning:

The behavior of DataFrame concatenation with empty or all-NA entries is deprecated. In a future version, this will no longer exclude empty or all-NA columns when determining the result dtypes. To retain the old behavior, exclude the relevant entries before the concat operation.


2024-11-06 13:51:04,698:INFO:Uploading results into container
2024-11-06 13:51:04,699:INFO:Uploading model into container now
2024-11-06 13:51:04,699:INFO:_master_model_container: 20
2024-11-06 13:51:04,700:INFO:_display_container: 2
2024-11-06 13:51:04,707:INFO:BaseCdsDtForecaster(fe_target_rr=[WindowSummarizer(lag_feature={'lag': [12, 11,
                                                                        10, 9,
                                                                        8, 7, 6,
                                                                        5, 4, 3,
                                                                        2, 1]},
                                                   n_jobs=1)],
                    regressor=KNeighborsRegressor(n_jobs=-1), sp=12,
                    window_length=12)
2024-11-06 13:51:04,707:INFO:create_model() successfully completed......................................
2024-11-06 13:51:04,935:INFO:SubProcess create_model() end ==================================
2024-11-06 13:51:04,936:INFO:Creating metrics dataframe
2024-11-06 13:51:04,954:INFO:Initializing Decision Tree w/ Cond. Deseasonalize & Detrending
2024-11-06 13:51:04,954:INFO:Total runtime is 1.6025192697842918 minutes
2024-11-06 13:51:04,959:INFO:SubProcess create_model() called ==================================
2024-11-06 13:51:04,960:INFO:Initializing create_model()
2024-11-06 13:51:04,960:INFO:create_model(self=<pycaret.time_series.forecasting.oop.TSForecastingExperiment object at 0x12f5d72d0>, estimator=dt_cds_dt, fold=None, round=4, cross_validation=True, predict=True, fit_kwargs={}, groups=None, refit=False, probability_threshold=None, experiment_custom_tags=None, verbose=False, system=False, add_to_model_list=True, metrics=None, display=<pycaret.internal.display.display.CommonDisplay object at 0x133ccdd10>, model_only=True, return_train_score=False, error_score=0.0, kwargs={})
2024-11-06 13:51:04,960:INFO:Checking exceptions
2024-11-06 13:51:04,960:INFO:Importing libraries
2024-11-06 13:51:04,960:INFO:Copying training dataset
2024-11-06 13:51:04,968:INFO:Defining folds
2024-11-06 13:51:04,968:INFO:Declaring metric variables
2024-11-06 13:51:04,978:INFO:Importing untrained model
2024-11-06 13:51:04,988:INFO:Decision Tree w/ Cond. Deseasonalize & Detrending Imported successfully
2024-11-06 13:51:05,003:INFO:Starting cross validation
2024-11-06 13:51:05,005:INFO:Cross validating with ExpandingWindowSplitter(fh=ForecastingHorizon([1], dtype='int64', is_relative=True),
                        initial_window=140), n_jobs=-1
2024-11-06 13:51:05,298:WARNING:/Users/eugenio/Documents/Notebooks_ArtificialIntelligence/.venv/lib/python3.11/site-packages/sklearn/metrics/_regression.py:483: FutureWarning: 'squared' is deprecated in version 1.4 and will be removed in 1.6. To calculate the root mean squared error, use the function'root_mean_squared_error'.
  warnings.warn(

2024-11-06 13:51:05,299:WARNING:/Users/eugenio/Documents/Notebooks_ArtificialIntelligence/.venv/lib/python3.11/site-packages/sklearn/metrics/_regression.py:483: FutureWarning: 'squared' is deprecated in version 1.4 and will be removed in 1.6. To calculate the root mean squared error, use the function'root_mean_squared_error'.
  warnings.warn(

2024-11-06 13:51:05,299:WARNING:/Users/eugenio/Documents/Notebooks_ArtificialIntelligence/.venv/lib/python3.11/site-packages/sklearn/metrics/_regression.py:483: FutureWarning: 'squared' is deprecated in version 1.4 and will be removed in 1.6. To calculate the root mean squared error, use the function'root_mean_squared_error'.
  warnings.warn(

2024-11-06 13:51:05,300:WARNING:/Users/eugenio/Documents/Notebooks_ArtificialIntelligence/.venv/lib/python3.11/site-packages/sklearn/metrics/_regression.py:483: FutureWarning: 'squared' is deprecated in version 1.4 and will be removed in 1.6. To calculate the root mean squared error, use the function'root_mean_squared_error'.
  warnings.warn(

2024-11-06 13:51:05,310:WARNING:/Users/eugenio/Documents/Notebooks_ArtificialIntelligence/.venv/lib/python3.11/site-packages/sklearn/metrics/_regression.py:483: FutureWarning: 'squared' is deprecated in version 1.4 and will be removed in 1.6. To calculate the root mean squared error, use the function'root_mean_squared_error'.
  warnings.warn(

2024-11-06 13:51:05,311:WARNING:/Users/eugenio/Documents/Notebooks_ArtificialIntelligence/.venv/lib/python3.11/site-packages/sklearn/metrics/_regression.py:483: FutureWarning: 'squared' is deprecated in version 1.4 and will be removed in 1.6. To calculate the root mean squared error, use the function'root_mean_squared_error'.
  warnings.warn(

2024-11-06 13:51:05,329:INFO:Calculating mean and std
2024-11-06 13:51:05,331:INFO:Creating metrics dataframe
2024-11-06 13:51:05,335:WARNING:/Users/eugenio/Documents/Notebooks_ArtificialIntelligence/.venv/lib/python3.11/site-packages/pycaret/time_series/forecasting/oop.py:2694: FutureWarning:

The behavior of DataFrame concatenation with empty or all-NA entries is deprecated. In a future version, this will no longer exclude empty or all-NA columns when determining the result dtypes. To retain the old behavior, exclude the relevant entries before the concat operation.


2024-11-06 13:51:05,340:INFO:Uploading results into container
2024-11-06 13:51:05,340:INFO:Uploading model into container now
2024-11-06 13:51:05,340:INFO:_master_model_container: 21
2024-11-06 13:51:05,340:INFO:_display_container: 2
2024-11-06 13:51:05,344:INFO:BaseCdsDtForecaster(fe_target_rr=[WindowSummarizer(lag_feature={'lag': [12, 11,
                                                                        10, 9,
                                                                        8, 7, 6,
                                                                        5, 4, 3,
                                                                        2, 1]},
                                                   n_jobs=1)],
                    regressor=DecisionTreeRegressor(random_state=123), sp=12,
                    window_length=12)
2024-11-06 13:51:05,344:INFO:create_model() successfully completed......................................
2024-11-06 13:51:05,575:INFO:SubProcess create_model() end ==================================
2024-11-06 13:51:05,575:INFO:Creating metrics dataframe
2024-11-06 13:51:05,601:INFO:Initializing Random Forest w/ Cond. Deseasonalize & Detrending
2024-11-06 13:51:05,601:INFO:Total runtime is 1.6133062521616621 minutes
2024-11-06 13:51:05,607:INFO:SubProcess create_model() called ==================================
2024-11-06 13:51:05,607:INFO:Initializing create_model()
2024-11-06 13:51:05,608:INFO:create_model(self=<pycaret.time_series.forecasting.oop.TSForecastingExperiment object at 0x12f5d72d0>, estimator=rf_cds_dt, fold=None, round=4, cross_validation=True, predict=True, fit_kwargs={}, groups=None, refit=False, probability_threshold=None, experiment_custom_tags=None, verbose=False, system=False, add_to_model_list=True, metrics=None, display=<pycaret.internal.display.display.CommonDisplay object at 0x133ccdd10>, model_only=True, return_train_score=False, error_score=0.0, kwargs={})
2024-11-06 13:51:05,608:INFO:Checking exceptions
2024-11-06 13:51:05,608:INFO:Importing libraries
2024-11-06 13:51:05,609:INFO:Copying training dataset
2024-11-06 13:51:05,614:INFO:Defining folds
2024-11-06 13:51:05,614:INFO:Declaring metric variables
2024-11-06 13:51:05,621:INFO:Importing untrained model
2024-11-06 13:51:05,637:INFO:Random Forest w/ Cond. Deseasonalize & Detrending Imported successfully
2024-11-06 13:51:05,653:INFO:Starting cross validation
2024-11-06 13:51:05,654:INFO:Cross validating with ExpandingWindowSplitter(fh=ForecastingHorizon([1], dtype='int64', is_relative=True),
                        initial_window=140), n_jobs=-1
2024-11-06 13:51:06,267:WARNING:/Users/eugenio/Documents/Notebooks_ArtificialIntelligence/.venv/lib/python3.11/site-packages/sklearn/metrics/_regression.py:483: FutureWarning: 'squared' is deprecated in version 1.4 and will be removed in 1.6. To calculate the root mean squared error, use the function'root_mean_squared_error'.
  warnings.warn(

2024-11-06 13:51:06,268:WARNING:/Users/eugenio/Documents/Notebooks_ArtificialIntelligence/.venv/lib/python3.11/site-packages/sklearn/metrics/_regression.py:483: FutureWarning: 'squared' is deprecated in version 1.4 and will be removed in 1.6. To calculate the root mean squared error, use the function'root_mean_squared_error'.
  warnings.warn(

2024-11-06 13:51:06,269:WARNING:/Users/eugenio/Documents/Notebooks_ArtificialIntelligence/.venv/lib/python3.11/site-packages/sklearn/metrics/_regression.py:483: FutureWarning: 'squared' is deprecated in version 1.4 and will be removed in 1.6. To calculate the root mean squared error, use the function'root_mean_squared_error'.
  warnings.warn(

2024-11-06 13:51:06,270:WARNING:/Users/eugenio/Documents/Notebooks_ArtificialIntelligence/.venv/lib/python3.11/site-packages/sklearn/metrics/_regression.py:483: FutureWarning: 'squared' is deprecated in version 1.4 and will be removed in 1.6. To calculate the root mean squared error, use the function'root_mean_squared_error'.
  warnings.warn(

2024-11-06 13:51:06,287:WARNING:/Users/eugenio/Documents/Notebooks_ArtificialIntelligence/.venv/lib/python3.11/site-packages/sklearn/metrics/_regression.py:483: FutureWarning: 'squared' is deprecated in version 1.4 and will be removed in 1.6. To calculate the root mean squared error, use the function'root_mean_squared_error'.
  warnings.warn(

2024-11-06 13:51:06,288:WARNING:/Users/eugenio/Documents/Notebooks_ArtificialIntelligence/.venv/lib/python3.11/site-packages/sklearn/metrics/_regression.py:483: FutureWarning: 'squared' is deprecated in version 1.4 and will be removed in 1.6. To calculate the root mean squared error, use the function'root_mean_squared_error'.
  warnings.warn(

2024-11-06 13:51:06,306:INFO:Calculating mean and std
2024-11-06 13:51:06,308:INFO:Creating metrics dataframe
2024-11-06 13:51:06,310:WARNING:/Users/eugenio/Documents/Notebooks_ArtificialIntelligence/.venv/lib/python3.11/site-packages/pycaret/time_series/forecasting/oop.py:2694: FutureWarning:

The behavior of DataFrame concatenation with empty or all-NA entries is deprecated. In a future version, this will no longer exclude empty or all-NA columns when determining the result dtypes. To retain the old behavior, exclude the relevant entries before the concat operation.


2024-11-06 13:51:06,313:INFO:Uploading results into container
2024-11-06 13:51:06,313:INFO:Uploading model into container now
2024-11-06 13:51:06,315:INFO:_master_model_container: 22
2024-11-06 13:51:06,315:INFO:_display_container: 2
2024-11-06 13:51:06,323:INFO:BaseCdsDtForecaster(fe_target_rr=[WindowSummarizer(lag_feature={'lag': [12, 11,
                                                                        10, 9,
                                                                        8, 7, 6,
                                                                        5, 4, 3,
                                                                        2, 1]},
                                                   n_jobs=1)],
                    regressor=RandomForestRegressor(n_jobs=-1, random_state=123),
                    sp=12, window_length=12)
2024-11-06 13:51:06,323:INFO:create_model() successfully completed......................................
2024-11-06 13:51:06,553:INFO:SubProcess create_model() end ==================================
2024-11-06 13:51:06,554:INFO:Creating metrics dataframe
2024-11-06 13:51:06,573:INFO:Initializing Extra Trees w/ Cond. Deseasonalize & Detrending
2024-11-06 13:51:06,574:INFO:Total runtime is 1.6295115510622664 minutes
2024-11-06 13:51:06,580:INFO:SubProcess create_model() called ==================================
2024-11-06 13:51:06,580:INFO:Initializing create_model()
2024-11-06 13:51:06,580:INFO:create_model(self=<pycaret.time_series.forecasting.oop.TSForecastingExperiment object at 0x12f5d72d0>, estimator=et_cds_dt, fold=None, round=4, cross_validation=True, predict=True, fit_kwargs={}, groups=None, refit=False, probability_threshold=None, experiment_custom_tags=None, verbose=False, system=False, add_to_model_list=True, metrics=None, display=<pycaret.internal.display.display.CommonDisplay object at 0x133ccdd10>, model_only=True, return_train_score=False, error_score=0.0, kwargs={})
2024-11-06 13:51:06,581:INFO:Checking exceptions
2024-11-06 13:51:06,581:INFO:Importing libraries
2024-11-06 13:51:06,582:INFO:Copying training dataset
2024-11-06 13:51:06,594:INFO:Defining folds
2024-11-06 13:51:06,594:INFO:Declaring metric variables
2024-11-06 13:51:06,602:INFO:Importing untrained model
2024-11-06 13:51:06,609:INFO:Extra Trees w/ Cond. Deseasonalize & Detrending Imported successfully
2024-11-06 13:51:06,624:INFO:Starting cross validation
2024-11-06 13:51:06,626:INFO:Cross validating with ExpandingWindowSplitter(fh=ForecastingHorizon([1], dtype='int64', is_relative=True),
                        initial_window=140), n_jobs=-1
2024-11-06 13:51:07,054:WARNING:/Users/eugenio/Documents/Notebooks_ArtificialIntelligence/.venv/lib/python3.11/site-packages/sklearn/metrics/_regression.py:483: FutureWarning: 'squared' is deprecated in version 1.4 and will be removed in 1.6. To calculate the root mean squared error, use the function'root_mean_squared_error'.
  warnings.warn(

2024-11-06 13:51:07,055:WARNING:/Users/eugenio/Documents/Notebooks_ArtificialIntelligence/.venv/lib/python3.11/site-packages/sklearn/metrics/_regression.py:483: FutureWarning: 'squared' is deprecated in version 1.4 and will be removed in 1.6. To calculate the root mean squared error, use the function'root_mean_squared_error'.
  warnings.warn(

2024-11-06 13:51:07,063:WARNING:/Users/eugenio/Documents/Notebooks_ArtificialIntelligence/.venv/lib/python3.11/site-packages/sklearn/metrics/_regression.py:483: FutureWarning: 'squared' is deprecated in version 1.4 and will be removed in 1.6. To calculate the root mean squared error, use the function'root_mean_squared_error'.
  warnings.warn(

2024-11-06 13:51:07,064:WARNING:/Users/eugenio/Documents/Notebooks_ArtificialIntelligence/.venv/lib/python3.11/site-packages/sklearn/metrics/_regression.py:483: FutureWarning: 'squared' is deprecated in version 1.4 and will be removed in 1.6. To calculate the root mean squared error, use the function'root_mean_squared_error'.
  warnings.warn(

2024-11-06 13:51:07,067:WARNING:/Users/eugenio/Documents/Notebooks_ArtificialIntelligence/.venv/lib/python3.11/site-packages/sklearn/metrics/_regression.py:483: FutureWarning: 'squared' is deprecated in version 1.4 and will be removed in 1.6. To calculate the root mean squared error, use the function'root_mean_squared_error'.
  warnings.warn(

2024-11-06 13:51:07,068:WARNING:/Users/eugenio/Documents/Notebooks_ArtificialIntelligence/.venv/lib/python3.11/site-packages/sklearn/metrics/_regression.py:483: FutureWarning: 'squared' is deprecated in version 1.4 and will be removed in 1.6. To calculate the root mean squared error, use the function'root_mean_squared_error'.
  warnings.warn(

2024-11-06 13:51:07,080:INFO:Calculating mean and std
2024-11-06 13:51:07,082:INFO:Creating metrics dataframe
2024-11-06 13:51:07,087:WARNING:/Users/eugenio/Documents/Notebooks_ArtificialIntelligence/.venv/lib/python3.11/site-packages/pycaret/time_series/forecasting/oop.py:2694: FutureWarning:

The behavior of DataFrame concatenation with empty or all-NA entries is deprecated. In a future version, this will no longer exclude empty or all-NA columns when determining the result dtypes. To retain the old behavior, exclude the relevant entries before the concat operation.


2024-11-06 13:51:07,090:INFO:Uploading results into container
2024-11-06 13:51:07,090:INFO:Uploading model into container now
2024-11-06 13:51:07,091:INFO:_master_model_container: 23
2024-11-06 13:51:07,091:INFO:_display_container: 2
2024-11-06 13:51:07,094:INFO:BaseCdsDtForecaster(fe_target_rr=[WindowSummarizer(lag_feature={'lag': [12, 11,
                                                                        10, 9,
                                                                        8, 7, 6,
                                                                        5, 4, 3,
                                                                        2, 1]},
                                                   n_jobs=1)],
                    regressor=ExtraTreesRegressor(n_jobs=-1, random_state=123),
                    sp=12, window_length=12)
2024-11-06 13:51:07,094:INFO:create_model() successfully completed......................................
2024-11-06 13:51:07,318:INFO:SubProcess create_model() end ==================================
2024-11-06 13:51:07,319:INFO:Creating metrics dataframe
2024-11-06 13:51:07,346:INFO:Initializing Gradient Boosting w/ Cond. Deseasonalize & Detrending
2024-11-06 13:51:07,346:INFO:Total runtime is 1.6423873821894333 minutes
2024-11-06 13:51:07,354:INFO:SubProcess create_model() called ==================================
2024-11-06 13:51:07,354:INFO:Initializing create_model()
2024-11-06 13:51:07,354:INFO:create_model(self=<pycaret.time_series.forecasting.oop.TSForecastingExperiment object at 0x12f5d72d0>, estimator=gbr_cds_dt, fold=None, round=4, cross_validation=True, predict=True, fit_kwargs={}, groups=None, refit=False, probability_threshold=None, experiment_custom_tags=None, verbose=False, system=False, add_to_model_list=True, metrics=None, display=<pycaret.internal.display.display.CommonDisplay object at 0x133ccdd10>, model_only=True, return_train_score=False, error_score=0.0, kwargs={})
2024-11-06 13:51:07,355:INFO:Checking exceptions
2024-11-06 13:51:07,355:INFO:Importing libraries
2024-11-06 13:51:07,361:INFO:Copying training dataset
2024-11-06 13:51:07,367:INFO:Defining folds
2024-11-06 13:51:07,367:INFO:Declaring metric variables
2024-11-06 13:51:07,374:INFO:Importing untrained model
2024-11-06 13:51:07,385:INFO:Gradient Boosting w/ Cond. Deseasonalize & Detrending Imported successfully
2024-11-06 13:51:07,400:INFO:Starting cross validation
2024-11-06 13:51:07,402:INFO:Cross validating with ExpandingWindowSplitter(fh=ForecastingHorizon([1], dtype='int64', is_relative=True),
                        initial_window=140), n_jobs=-1
2024-11-06 13:51:07,837:WARNING:/Users/eugenio/Documents/Notebooks_ArtificialIntelligence/.venv/lib/python3.11/site-packages/sklearn/metrics/_regression.py:483: FutureWarning: 'squared' is deprecated in version 1.4 and will be removed in 1.6. To calculate the root mean squared error, use the function'root_mean_squared_error'.
  warnings.warn(

2024-11-06 13:51:07,838:WARNING:/Users/eugenio/Documents/Notebooks_ArtificialIntelligence/.venv/lib/python3.11/site-packages/sklearn/metrics/_regression.py:483: FutureWarning: 'squared' is deprecated in version 1.4 and will be removed in 1.6. To calculate the root mean squared error, use the function'root_mean_squared_error'.
  warnings.warn(

2024-11-06 13:51:07,841:WARNING:/Users/eugenio/Documents/Notebooks_ArtificialIntelligence/.venv/lib/python3.11/site-packages/sklearn/metrics/_regression.py:483: FutureWarning: 'squared' is deprecated in version 1.4 and will be removed in 1.6. To calculate the root mean squared error, use the function'root_mean_squared_error'.
  warnings.warn(

2024-11-06 13:51:07,842:WARNING:/Users/eugenio/Documents/Notebooks_ArtificialIntelligence/.venv/lib/python3.11/site-packages/sklearn/metrics/_regression.py:483: FutureWarning: 'squared' is deprecated in version 1.4 and will be removed in 1.6. To calculate the root mean squared error, use the function'root_mean_squared_error'.
  warnings.warn(

2024-11-06 13:51:07,846:WARNING:/Users/eugenio/Documents/Notebooks_ArtificialIntelligence/.venv/lib/python3.11/site-packages/sklearn/metrics/_regression.py:483: FutureWarning: 'squared' is deprecated in version 1.4 and will be removed in 1.6. To calculate the root mean squared error, use the function'root_mean_squared_error'.
  warnings.warn(

2024-11-06 13:51:07,847:WARNING:/Users/eugenio/Documents/Notebooks_ArtificialIntelligence/.venv/lib/python3.11/site-packages/sklearn/metrics/_regression.py:483: FutureWarning: 'squared' is deprecated in version 1.4 and will be removed in 1.6. To calculate the root mean squared error, use the function'root_mean_squared_error'.
  warnings.warn(

2024-11-06 13:51:07,865:INFO:Calculating mean and std
2024-11-06 13:51:07,866:INFO:Creating metrics dataframe
2024-11-06 13:51:07,870:WARNING:/Users/eugenio/Documents/Notebooks_ArtificialIntelligence/.venv/lib/python3.11/site-packages/pycaret/time_series/forecasting/oop.py:2694: FutureWarning:

The behavior of DataFrame concatenation with empty or all-NA entries is deprecated. In a future version, this will no longer exclude empty or all-NA columns when determining the result dtypes. To retain the old behavior, exclude the relevant entries before the concat operation.


2024-11-06 13:51:07,873:INFO:Uploading results into container
2024-11-06 13:51:07,873:INFO:Uploading model into container now
2024-11-06 13:51:07,874:INFO:_master_model_container: 24
2024-11-06 13:51:07,874:INFO:_display_container: 2
2024-11-06 13:51:07,882:INFO:BaseCdsDtForecaster(fe_target_rr=[WindowSummarizer(lag_feature={'lag': [12, 11,
                                                                        10, 9,
                                                                        8, 7, 6,
                                                                        5, 4, 3,
                                                                        2, 1]},
                                                   n_jobs=1)],
                    regressor=GradientBoostingRegressor(random_state=123),
                    sp=12, window_length=12)
2024-11-06 13:51:07,882:INFO:create_model() successfully completed......................................
2024-11-06 13:51:08,117:INFO:SubProcess create_model() end ==================================
2024-11-06 13:51:08,117:INFO:Creating metrics dataframe
2024-11-06 13:51:08,142:INFO:Initializing AdaBoost w/ Cond. Deseasonalize & Detrending
2024-11-06 13:51:08,142:INFO:Total runtime is 1.6556473175684616 minutes
2024-11-06 13:51:08,146:INFO:SubProcess create_model() called ==================================
2024-11-06 13:51:08,147:INFO:Initializing create_model()
2024-11-06 13:51:08,147:INFO:create_model(self=<pycaret.time_series.forecasting.oop.TSForecastingExperiment object at 0x12f5d72d0>, estimator=ada_cds_dt, fold=None, round=4, cross_validation=True, predict=True, fit_kwargs={}, groups=None, refit=False, probability_threshold=None, experiment_custom_tags=None, verbose=False, system=False, add_to_model_list=True, metrics=None, display=<pycaret.internal.display.display.CommonDisplay object at 0x133ccdd10>, model_only=True, return_train_score=False, error_score=0.0, kwargs={})
2024-11-06 13:51:08,147:INFO:Checking exceptions
2024-11-06 13:51:08,148:INFO:Importing libraries
2024-11-06 13:51:08,148:INFO:Copying training dataset
2024-11-06 13:51:08,156:INFO:Defining folds
2024-11-06 13:51:08,156:INFO:Declaring metric variables
2024-11-06 13:51:08,161:INFO:Importing untrained model
2024-11-06 13:51:08,170:INFO:AdaBoost w/ Cond. Deseasonalize & Detrending Imported successfully
2024-11-06 13:51:08,190:INFO:Starting cross validation
2024-11-06 13:51:08,191:INFO:Cross validating with ExpandingWindowSplitter(fh=ForecastingHorizon([1], dtype='int64', is_relative=True),
                        initial_window=140), n_jobs=-1
2024-11-06 13:51:08,561:WARNING:/Users/eugenio/Documents/Notebooks_ArtificialIntelligence/.venv/lib/python3.11/site-packages/sklearn/metrics/_regression.py:483: FutureWarning: 'squared' is deprecated in version 1.4 and will be removed in 1.6. To calculate the root mean squared error, use the function'root_mean_squared_error'.
  warnings.warn(

2024-11-06 13:51:08,562:WARNING:/Users/eugenio/Documents/Notebooks_ArtificialIntelligence/.venv/lib/python3.11/site-packages/sklearn/metrics/_regression.py:483: FutureWarning: 'squared' is deprecated in version 1.4 and will be removed in 1.6. To calculate the root mean squared error, use the function'root_mean_squared_error'.
  warnings.warn(

2024-11-06 13:51:08,562:WARNING:/Users/eugenio/Documents/Notebooks_ArtificialIntelligence/.venv/lib/python3.11/site-packages/sklearn/metrics/_regression.py:483: FutureWarning: 'squared' is deprecated in version 1.4 and will be removed in 1.6. To calculate the root mean squared error, use the function'root_mean_squared_error'.
  warnings.warn(

2024-11-06 13:51:08,563:WARNING:/Users/eugenio/Documents/Notebooks_ArtificialIntelligence/.venv/lib/python3.11/site-packages/sklearn/metrics/_regression.py:483: FutureWarning: 'squared' is deprecated in version 1.4 and will be removed in 1.6. To calculate the root mean squared error, use the function'root_mean_squared_error'.
  warnings.warn(

2024-11-06 13:51:08,588:WARNING:/Users/eugenio/Documents/Notebooks_ArtificialIntelligence/.venv/lib/python3.11/site-packages/sklearn/metrics/_regression.py:483: FutureWarning: 'squared' is deprecated in version 1.4 and will be removed in 1.6. To calculate the root mean squared error, use the function'root_mean_squared_error'.
  warnings.warn(

2024-11-06 13:51:08,589:WARNING:/Users/eugenio/Documents/Notebooks_ArtificialIntelligence/.venv/lib/python3.11/site-packages/sklearn/metrics/_regression.py:483: FutureWarning: 'squared' is deprecated in version 1.4 and will be removed in 1.6. To calculate the root mean squared error, use the function'root_mean_squared_error'.
  warnings.warn(

2024-11-06 13:51:08,603:INFO:Calculating mean and std
2024-11-06 13:51:08,604:INFO:Creating metrics dataframe
2024-11-06 13:51:08,609:WARNING:/Users/eugenio/Documents/Notebooks_ArtificialIntelligence/.venv/lib/python3.11/site-packages/pycaret/time_series/forecasting/oop.py:2694: FutureWarning:

The behavior of DataFrame concatenation with empty or all-NA entries is deprecated. In a future version, this will no longer exclude empty or all-NA columns when determining the result dtypes. To retain the old behavior, exclude the relevant entries before the concat operation.


2024-11-06 13:51:08,612:INFO:Uploading results into container
2024-11-06 13:51:08,612:INFO:Uploading model into container now
2024-11-06 13:51:08,613:INFO:_master_model_container: 25
2024-11-06 13:51:08,613:INFO:_display_container: 2
2024-11-06 13:51:08,618:INFO:BaseCdsDtForecaster(fe_target_rr=[WindowSummarizer(lag_feature={'lag': [12, 11,
                                                                        10, 9,
                                                                        8, 7, 6,
                                                                        5, 4, 3,
                                                                        2, 1]},
                                                   n_jobs=1)],
                    regressor=AdaBoostRegressor(random_state=123), sp=12,
                    window_length=12)
2024-11-06 13:51:08,618:INFO:create_model() successfully completed......................................
2024-11-06 13:51:08,852:INFO:SubProcess create_model() end ==================================
2024-11-06 13:51:08,852:INFO:Creating metrics dataframe
2024-11-06 13:51:08,874:INFO:Initializing Light Gradient Boosting w/ Cond. Deseasonalize & Detrending
2024-11-06 13:51:08,874:INFO:Total runtime is 1.6678466518719997 minutes
2024-11-06 13:51:08,882:INFO:SubProcess create_model() called ==================================
2024-11-06 13:51:08,883:INFO:Initializing create_model()
2024-11-06 13:51:08,883:INFO:create_model(self=<pycaret.time_series.forecasting.oop.TSForecastingExperiment object at 0x12f5d72d0>, estimator=lightgbm_cds_dt, fold=None, round=4, cross_validation=True, predict=True, fit_kwargs={}, groups=None, refit=False, probability_threshold=None, experiment_custom_tags=None, verbose=False, system=False, add_to_model_list=True, metrics=None, display=<pycaret.internal.display.display.CommonDisplay object at 0x133ccdd10>, model_only=True, return_train_score=False, error_score=0.0, kwargs={})
2024-11-06 13:51:08,884:INFO:Checking exceptions
2024-11-06 13:51:08,884:INFO:Importing libraries
2024-11-06 13:51:08,885:INFO:Copying training dataset
2024-11-06 13:51:08,892:INFO:Defining folds
2024-11-06 13:51:08,892:INFO:Declaring metric variables
2024-11-06 13:51:08,897:INFO:Importing untrained model
2024-11-06 13:51:08,907:INFO:Light Gradient Boosting w/ Cond. Deseasonalize & Detrending Imported successfully
2024-11-06 13:51:08,922:INFO:Starting cross validation
2024-11-06 13:51:08,925:INFO:Cross validating with ExpandingWindowSplitter(fh=ForecastingHorizon([1], dtype='int64', is_relative=True),
                        initial_window=140), n_jobs=-1
2024-11-06 13:51:10,828:WARNING:/Users/eugenio/Documents/Notebooks_ArtificialIntelligence/.venv/lib/python3.11/site-packages/lightgbm/basic.py:722: UserWarning: Usage of np.ndarray subset (sliced data) is not recommended due to it will double the peak memory cost in LightGBM.
  _log_warning(

2024-11-06 13:51:10,843:WARNING:/Users/eugenio/Documents/Notebooks_ArtificialIntelligence/.venv/lib/python3.11/site-packages/lightgbm/basic.py:722: UserWarning: Usage of np.ndarray subset (sliced data) is not recommended due to it will double the peak memory cost in LightGBM.
  _log_warning(

2024-11-06 13:51:10,857:WARNING:/Users/eugenio/Documents/Notebooks_ArtificialIntelligence/.venv/lib/python3.11/site-packages/sklearn/metrics/_regression.py:483: FutureWarning: 'squared' is deprecated in version 1.4 and will be removed in 1.6. To calculate the root mean squared error, use the function'root_mean_squared_error'.
  warnings.warn(

2024-11-06 13:51:10,858:WARNING:/Users/eugenio/Documents/Notebooks_ArtificialIntelligence/.venv/lib/python3.11/site-packages/sklearn/metrics/_regression.py:483: FutureWarning: 'squared' is deprecated in version 1.4 and will be removed in 1.6. To calculate the root mean squared error, use the function'root_mean_squared_error'.
  warnings.warn(

2024-11-06 13:51:10,866:WARNING:/Users/eugenio/Documents/Notebooks_ArtificialIntelligence/.venv/lib/python3.11/site-packages/sklearn/metrics/_regression.py:483: FutureWarning: 'squared' is deprecated in version 1.4 and will be removed in 1.6. To calculate the root mean squared error, use the function'root_mean_squared_error'.
  warnings.warn(

2024-11-06 13:51:10,868:WARNING:/Users/eugenio/Documents/Notebooks_ArtificialIntelligence/.venv/lib/python3.11/site-packages/sklearn/metrics/_regression.py:483: FutureWarning: 'squared' is deprecated in version 1.4 and will be removed in 1.6. To calculate the root mean squared error, use the function'root_mean_squared_error'.
  warnings.warn(

2024-11-06 13:51:10,911:WARNING:/Users/eugenio/Documents/Notebooks_ArtificialIntelligence/.venv/lib/python3.11/site-packages/lightgbm/basic.py:722: UserWarning: Usage of np.ndarray subset (sliced data) is not recommended due to it will double the peak memory cost in LightGBM.
  _log_warning(

2024-11-06 13:51:10,941:WARNING:/Users/eugenio/Documents/Notebooks_ArtificialIntelligence/.venv/lib/python3.11/site-packages/sklearn/metrics/_regression.py:483: FutureWarning: 'squared' is deprecated in version 1.4 and will be removed in 1.6. To calculate the root mean squared error, use the function'root_mean_squared_error'.
  warnings.warn(

2024-11-06 13:51:10,941:WARNING:/Users/eugenio/Documents/Notebooks_ArtificialIntelligence/.venv/lib/python3.11/site-packages/sklearn/metrics/_regression.py:483: FutureWarning: 'squared' is deprecated in version 1.4 and will be removed in 1.6. To calculate the root mean squared error, use the function'root_mean_squared_error'.
  warnings.warn(

2024-11-06 13:51:10,959:INFO:Calculating mean and std
2024-11-06 13:51:10,961:INFO:Creating metrics dataframe
2024-11-06 13:51:10,965:WARNING:/Users/eugenio/Documents/Notebooks_ArtificialIntelligence/.venv/lib/python3.11/site-packages/pycaret/time_series/forecasting/oop.py:2694: FutureWarning:

The behavior of DataFrame concatenation with empty or all-NA entries is deprecated. In a future version, this will no longer exclude empty or all-NA columns when determining the result dtypes. To retain the old behavior, exclude the relevant entries before the concat operation.


2024-11-06 13:51:10,969:INFO:Uploading results into container
2024-11-06 13:51:10,969:INFO:Uploading model into container now
2024-11-06 13:51:10,970:INFO:_master_model_container: 26
2024-11-06 13:51:10,970:INFO:_display_container: 2
2024-11-06 13:51:10,979:INFO:BaseCdsDtForecaster(fe_target_rr=[WindowSummarizer(lag_feature={'lag': [12, 11,
                                                                        10, 9,
                                                                        8, 7, 6,
                                                                        5, 4, 3,
                                                                        2, 1]},
                                                   n_jobs=1)],
                    regressor=LGBMRegressor(n_jobs=-1, random_state=123), sp=12,
                    window_length=12)
2024-11-06 13:51:10,979:INFO:create_model() successfully completed......................................
2024-11-06 13:51:11,318:INFO:SubProcess create_model() end ==================================
2024-11-06 13:51:11,319:INFO:Creating metrics dataframe
2024-11-06 13:51:11,354:WARNING:/Users/eugenio/Documents/Notebooks_ArtificialIntelligence/.venv/lib/python3.11/site-packages/pycaret/internal/pycaret_experiment/supervised_experiment.py:339: FutureWarning:

Styler.applymap has been deprecated. Use Styler.map instead.


2024-11-06 13:51:11,374:INFO:Initializing create_model()
2024-11-06 13:51:11,374:INFO:create_model(self=<pycaret.time_series.forecasting.oop.TSForecastingExperiment object at 0x12f5d72d0>, estimator=AutoETS(seasonal='mul', sp=12, trend='add'), fold=None, round=4, cross_validation=False, predict=False, fit_kwargs={}, groups=None, refit=True, probability_threshold=None, experiment_custom_tags=None, verbose=False, system=False, add_to_model_list=True, metrics=None, display=None, model_only=True, return_train_score=False, error_score=0.0, kwargs={})
2024-11-06 13:51:11,374:INFO:Checking exceptions
2024-11-06 13:51:11,382:INFO:Importing libraries
2024-11-06 13:51:11,382:INFO:Copying training dataset
2024-11-06 13:51:11,392:INFO:Defining folds
2024-11-06 13:51:11,392:INFO:Declaring metric variables
2024-11-06 13:51:11,393:INFO:Importing untrained model
2024-11-06 13:51:11,393:INFO:Declaring custom model
2024-11-06 13:51:11,396:INFO:ETS Imported successfully
2024-11-06 13:51:11,397:INFO:Cross validation set to False
2024-11-06 13:51:11,397:INFO:Fitting Model
2024-11-06 13:51:11,839:INFO:AutoETS(seasonal='mul', sp=12, trend='add')
2024-11-06 13:51:11,839:INFO:create_model() successfully completed......................................
2024-11-06 13:51:12,246:INFO:_master_model_container: 26
2024-11-06 13:51:12,247:INFO:_display_container: 2
2024-11-06 13:51:12,248:INFO:AutoETS(seasonal='mul', sp=12, trend='add')
2024-11-06 13:51:12,249:INFO:compare_models() successfully completed......................................
2024-11-06 13:51:59,293:WARNING:/Users/eugenio/Documents/Notebooks_ArtificialIntelligence/.venv/lib/python3.11/site-packages/pycaret/utils/generic.py:585: UserWarning:

Traceback (most recent call last):
  File "/Users/eugenio/Documents/Notebooks_ArtificialIntelligence/.venv/lib/python3.11/site-packages/pycaret/utils/generic.py", line 580, in _calculate_metric
    calculated_metric = score_func(y_test, target, sample_weight=weights, **kwargs)
                        ^^^^^^^^^^^^^^^^^^^^^^^^^^^^^^^^^^^^^^^^^^^^^^^^^^^^^^^^^^^
TypeError: mase() got an unexpected keyword argument 'sample_weight'

During handling of the above exception, another exception occurred:

Traceback (most recent call last):
  File "/Users/eugenio/Documents/Notebooks_ArtificialIntelligence/.venv/lib/python3.11/site-packages/pycaret/utils/generic.py", line 583, in _calculate_metric
    calculated_metric = score_func(y_test, target, **kwargs)
                        ^^^^^^^^^^^^^^^^^^^^^^^^^^^^^^^^^^^^
  File "/Users/eugenio/Documents/Notebooks_ArtificialIntelligence/.venv/lib/python3.11/site-packages/pycaret/containers/metrics/time_series.py", line 175, in mase
    return mean_absolute_scaled_error(
           ^^^^^^^^^^^^^^^^^^^^^^^^^^^
  File "/Users/eugenio/Documents/Notebooks_ArtificialIntelligence/.venv/lib/python3.11/site-packages/sktime/performance_metrics/forecasting/_functions.py", line 417, in mean_absolute_scaled_error
    _, y_true, y_pred, multioutput = _check_reg_targets(y_true, y_pred, multioutput)
                                     ^^^^^^^^^^^^^^^^^^^^^^^^^^^^^^^^^^^^^^^^^^^^^^^
  File "/Users/eugenio/Documents/Notebooks_ArtificialIntelligence/.venv/lib/python3.11/site-packages/sklearn/metrics/_regression.py", line 102, in _check_reg_targets
    check_consistent_length(y_true, y_pred)
  File "/Users/eugenio/Documents/Notebooks_ArtificialIntelligence/.venv/lib/python3.11/site-packages/sklearn/utils/validation.py", line 457, in check_consistent_length
    raise ValueError(
ValueError: Found input variables with inconsistent numbers of samples: [1, 143]



2024-11-06 13:51:59,295:WARNING:/Users/eugenio/Documents/Notebooks_ArtificialIntelligence/.venv/lib/python3.11/site-packages/pycaret/utils/generic.py:585: UserWarning:

Traceback (most recent call last):
  File "/Users/eugenio/Documents/Notebooks_ArtificialIntelligence/.venv/lib/python3.11/site-packages/pycaret/utils/generic.py", line 580, in _calculate_metric
    calculated_metric = score_func(y_test, target, sample_weight=weights, **kwargs)
                        ^^^^^^^^^^^^^^^^^^^^^^^^^^^^^^^^^^^^^^^^^^^^^^^^^^^^^^^^^^^
TypeError: rmsse() got an unexpected keyword argument 'sample_weight'

During handling of the above exception, another exception occurred:

Traceback (most recent call last):
  File "/Users/eugenio/Documents/Notebooks_ArtificialIntelligence/.venv/lib/python3.11/site-packages/pycaret/utils/generic.py", line 583, in _calculate_metric
    calculated_metric = score_func(y_test, target, **kwargs)
                        ^^^^^^^^^^^^^^^^^^^^^^^^^^^^^^^^^^^^
  File "/Users/eugenio/Documents/Notebooks_ArtificialIntelligence/.venv/lib/python3.11/site-packages/pycaret/containers/metrics/time_series.py", line 185, in rmsse
    return mean_squared_scaled_error(
           ^^^^^^^^^^^^^^^^^^^^^^^^^^
  File "/Users/eugenio/Documents/Notebooks_ArtificialIntelligence/.venv/lib/python3.11/site-packages/sktime/performance_metrics/forecasting/_functions.py", line 680, in mean_squared_scaled_error
    _, y_true, y_pred, multioutput = _check_reg_targets(y_true, y_pred, multioutput)
                                     ^^^^^^^^^^^^^^^^^^^^^^^^^^^^^^^^^^^^^^^^^^^^^^^
  File "/Users/eugenio/Documents/Notebooks_ArtificialIntelligence/.venv/lib/python3.11/site-packages/sklearn/metrics/_regression.py", line 102, in _check_reg_targets
    check_consistent_length(y_true, y_pred)
  File "/Users/eugenio/Documents/Notebooks_ArtificialIntelligence/.venv/lib/python3.11/site-packages/sklearn/utils/validation.py", line 457, in check_consistent_length
    raise ValueError(
ValueError: Found input variables with inconsistent numbers of samples: [1, 143]



2024-11-06 13:51:59,300:WARNING:/Users/eugenio/Documents/Notebooks_ArtificialIntelligence/.venv/lib/python3.11/site-packages/pycaret/utils/generic.py:585: UserWarning:

Traceback (most recent call last):
  File "/Users/eugenio/Documents/Notebooks_ArtificialIntelligence/.venv/lib/python3.11/site-packages/pycaret/utils/generic.py", line 580, in _calculate_metric
    calculated_metric = score_func(y_test, target, sample_weight=weights, **kwargs)
                        ^^^^^^^^^^^^^^^^^^^^^^^^^^^^^^^^^^^^^^^^^^^^^^^^^^^^^^^^^^^
  File "/Users/eugenio/Documents/Notebooks_ArtificialIntelligence/.venv/lib/python3.11/site-packages/sklearn/utils/_param_validation.py", line 213, in wrapper
    return func(*args, **kwargs)
           ^^^^^^^^^^^^^^^^^^^^^
  File "/Users/eugenio/Documents/Notebooks_ArtificialIntelligence/.venv/lib/python3.11/site-packages/sklearn/metrics/_regression.py", line 207, in mean_absolute_error
    y_type, y_true, y_pred, multioutput = _check_reg_targets(
                                          ^^^^^^^^^^^^^^^^^^^
  File "/Users/eugenio/Documents/Notebooks_ArtificialIntelligence/.venv/lib/python3.11/site-packages/sklearn/metrics/_regression.py", line 102, in _check_reg_targets
    check_consistent_length(y_true, y_pred)
  File "/Users/eugenio/Documents/Notebooks_ArtificialIntelligence/.venv/lib/python3.11/site-packages/sklearn/utils/validation.py", line 457, in check_consistent_length
    raise ValueError(
ValueError: Found input variables with inconsistent numbers of samples: [1, 143]

During handling of the above exception, another exception occurred:

Traceback (most recent call last):
  File "/Users/eugenio/Documents/Notebooks_ArtificialIntelligence/.venv/lib/python3.11/site-packages/pycaret/utils/generic.py", line 583, in _calculate_metric
    calculated_metric = score_func(y_test, target, **kwargs)
                        ^^^^^^^^^^^^^^^^^^^^^^^^^^^^^^^^^^^^
  File "/Users/eugenio/Documents/Notebooks_ArtificialIntelligence/.venv/lib/python3.11/site-packages/sklearn/utils/_param_validation.py", line 213, in wrapper
    return func(*args, **kwargs)
           ^^^^^^^^^^^^^^^^^^^^^
  File "/Users/eugenio/Documents/Notebooks_ArtificialIntelligence/.venv/lib/python3.11/site-packages/sklearn/metrics/_regression.py", line 207, in mean_absolute_error
    y_type, y_true, y_pred, multioutput = _check_reg_targets(
                                          ^^^^^^^^^^^^^^^^^^^
  File "/Users/eugenio/Documents/Notebooks_ArtificialIntelligence/.venv/lib/python3.11/site-packages/sklearn/metrics/_regression.py", line 102, in _check_reg_targets
    check_consistent_length(y_true, y_pred)
  File "/Users/eugenio/Documents/Notebooks_ArtificialIntelligence/.venv/lib/python3.11/site-packages/sklearn/utils/validation.py", line 457, in check_consistent_length
    raise ValueError(
ValueError: Found input variables with inconsistent numbers of samples: [1, 143]



2024-11-06 13:51:59,301:WARNING:/Users/eugenio/Documents/Notebooks_ArtificialIntelligence/.venv/lib/python3.11/site-packages/sklearn/metrics/_regression.py:483: FutureWarning:

'squared' is deprecated in version 1.4 and will be removed in 1.6. To calculate the root mean squared error, use the function'root_mean_squared_error'.


2024-11-06 13:51:59,302:WARNING:/Users/eugenio/Documents/Notebooks_ArtificialIntelligence/.venv/lib/python3.11/site-packages/pycaret/utils/generic.py:585: UserWarning:

Traceback (most recent call last):
  File "/Users/eugenio/Documents/Notebooks_ArtificialIntelligence/.venv/lib/python3.11/site-packages/pycaret/utils/generic.py", line 580, in _calculate_metric
    calculated_metric = score_func(y_test, target, sample_weight=weights, **kwargs)
                        ^^^^^^^^^^^^^^^^^^^^^^^^^^^^^^^^^^^^^^^^^^^^^^^^^^^^^^^^^^^
  File "/Users/eugenio/Documents/Notebooks_ArtificialIntelligence/.venv/lib/python3.11/site-packages/sklearn/utils/_param_validation.py", line 213, in wrapper
    return func(*args, **kwargs)
           ^^^^^^^^^^^^^^^^^^^^^
  File "/Users/eugenio/Documents/Notebooks_ArtificialIntelligence/.venv/lib/python3.11/site-packages/sklearn/metrics/_regression.py", line 493, in mean_squared_error
    return root_mean_squared_error(
           ^^^^^^^^^^^^^^^^^^^^^^^^
  File "/Users/eugenio/Documents/Notebooks_ArtificialIntelligence/.venv/lib/python3.11/site-packages/sklearn/utils/_param_validation.py", line 186, in wrapper
    return func(*args, **kwargs)
           ^^^^^^^^^^^^^^^^^^^^^
  File "/Users/eugenio/Documents/Notebooks_ArtificialIntelligence/.venv/lib/python3.11/site-packages/sklearn/metrics/_regression.py", line 572, in root_mean_squared_error
    mean_squared_error(
  File "/Users/eugenio/Documents/Notebooks_ArtificialIntelligence/.venv/lib/python3.11/site-packages/sklearn/utils/_param_validation.py", line 186, in wrapper
    return func(*args, **kwargs)
           ^^^^^^^^^^^^^^^^^^^^^
  File "/Users/eugenio/Documents/Notebooks_ArtificialIntelligence/.venv/lib/python3.11/site-packages/sklearn/metrics/_regression.py", line 497, in mean_squared_error
    y_type, y_true, y_pred, multioutput = _check_reg_targets(
                                          ^^^^^^^^^^^^^^^^^^^
  File "/Users/eugenio/Documents/Notebooks_ArtificialIntelligence/.venv/lib/python3.11/site-packages/sklearn/metrics/_regression.py", line 102, in _check_reg_targets
    check_consistent_length(y_true, y_pred)
  File "/Users/eugenio/Documents/Notebooks_ArtificialIntelligence/.venv/lib/python3.11/site-packages/sklearn/utils/validation.py", line 457, in check_consistent_length
    raise ValueError(
ValueError: Found input variables with inconsistent numbers of samples: [1, 143]

During handling of the above exception, another exception occurred:

Traceback (most recent call last):
  File "/Users/eugenio/Documents/Notebooks_ArtificialIntelligence/.venv/lib/python3.11/site-packages/pycaret/utils/generic.py", line 583, in _calculate_metric
    calculated_metric = score_func(y_test, target, **kwargs)
                        ^^^^^^^^^^^^^^^^^^^^^^^^^^^^^^^^^^^^
  File "/Users/eugenio/Documents/Notebooks_ArtificialIntelligence/.venv/lib/python3.11/site-packages/sklearn/utils/_param_validation.py", line 213, in wrapper
    return func(*args, **kwargs)
           ^^^^^^^^^^^^^^^^^^^^^
  File "/Users/eugenio/Documents/Notebooks_ArtificialIntelligence/.venv/lib/python3.11/site-packages/sklearn/metrics/_regression.py", line 493, in mean_squared_error
    return root_mean_squared_error(
           ^^^^^^^^^^^^^^^^^^^^^^^^
  File "/Users/eugenio/Documents/Notebooks_ArtificialIntelligence/.venv/lib/python3.11/site-packages/sklearn/utils/_param_validation.py", line 186, in wrapper
    return func(*args, **kwargs)
           ^^^^^^^^^^^^^^^^^^^^^
  File "/Users/eugenio/Documents/Notebooks_ArtificialIntelligence/.venv/lib/python3.11/site-packages/sklearn/metrics/_regression.py", line 572, in root_mean_squared_error
    mean_squared_error(
  File "/Users/eugenio/Documents/Notebooks_ArtificialIntelligence/.venv/lib/python3.11/site-packages/sklearn/utils/_param_validation.py", line 186, in wrapper
    return func(*args, **kwargs)
           ^^^^^^^^^^^^^^^^^^^^^
  File "/Users/eugenio/Documents/Notebooks_ArtificialIntelligence/.venv/lib/python3.11/site-packages/sklearn/metrics/_regression.py", line 497, in mean_squared_error
    y_type, y_true, y_pred, multioutput = _check_reg_targets(
                                          ^^^^^^^^^^^^^^^^^^^
  File "/Users/eugenio/Documents/Notebooks_ArtificialIntelligence/.venv/lib/python3.11/site-packages/sklearn/metrics/_regression.py", line 102, in _check_reg_targets
    check_consistent_length(y_true, y_pred)
  File "/Users/eugenio/Documents/Notebooks_ArtificialIntelligence/.venv/lib/python3.11/site-packages/sklearn/utils/validation.py", line 457, in check_consistent_length
    raise ValueError(
ValueError: Found input variables with inconsistent numbers of samples: [1, 143]



2024-11-06 13:51:59,304:WARNING:/Users/eugenio/Documents/Notebooks_ArtificialIntelligence/.venv/lib/python3.11/site-packages/pycaret/utils/generic.py:585: UserWarning:

Traceback (most recent call last):
  File "/Users/eugenio/Documents/Notebooks_ArtificialIntelligence/.venv/lib/python3.11/site-packages/pycaret/utils/generic.py", line 580, in _calculate_metric
    calculated_metric = score_func(y_test, target, sample_weight=weights, **kwargs)
                        ^^^^^^^^^^^^^^^^^^^^^^^^^^^^^^^^^^^^^^^^^^^^^^^^^^^^^^^^^^^
  File "/Users/eugenio/Documents/Notebooks_ArtificialIntelligence/.venv/lib/python3.11/site-packages/pycaret/containers/metrics/time_series.py", line 168, in mape
    return mean_absolute_percentage_error(
           ^^^^^^^^^^^^^^^^^^^^^^^^^^^^^^^
  File "/Users/eugenio/Documents/Notebooks_ArtificialIntelligence/.venv/lib/python3.11/site-packages/sktime/performance_metrics/forecasting/_functions.py", line 1537, in mean_absolute_percentage_error
    _, y_true, y_pred, multioutput = _check_reg_targets(y_true, y_pred, multioutput)
                                     ^^^^^^^^^^^^^^^^^^^^^^^^^^^^^^^^^^^^^^^^^^^^^^^
  File "/Users/eugenio/Documents/Notebooks_ArtificialIntelligence/.venv/lib/python3.11/site-packages/sklearn/metrics/_regression.py", line 102, in _check_reg_targets
    check_consistent_length(y_true, y_pred)
  File "/Users/eugenio/Documents/Notebooks_ArtificialIntelligence/.venv/lib/python3.11/site-packages/sklearn/utils/validation.py", line 457, in check_consistent_length
    raise ValueError(
ValueError: Found input variables with inconsistent numbers of samples: [1, 143]

During handling of the above exception, another exception occurred:

Traceback (most recent call last):
  File "/Users/eugenio/Documents/Notebooks_ArtificialIntelligence/.venv/lib/python3.11/site-packages/pycaret/utils/generic.py", line 583, in _calculate_metric
    calculated_metric = score_func(y_test, target, **kwargs)
                        ^^^^^^^^^^^^^^^^^^^^^^^^^^^^^^^^^^^^
  File "/Users/eugenio/Documents/Notebooks_ArtificialIntelligence/.venv/lib/python3.11/site-packages/pycaret/containers/metrics/time_series.py", line 168, in mape
    return mean_absolute_percentage_error(
           ^^^^^^^^^^^^^^^^^^^^^^^^^^^^^^^
  File "/Users/eugenio/Documents/Notebooks_ArtificialIntelligence/.venv/lib/python3.11/site-packages/sktime/performance_metrics/forecasting/_functions.py", line 1537, in mean_absolute_percentage_error
    _, y_true, y_pred, multioutput = _check_reg_targets(y_true, y_pred, multioutput)
                                     ^^^^^^^^^^^^^^^^^^^^^^^^^^^^^^^^^^^^^^^^^^^^^^^
  File "/Users/eugenio/Documents/Notebooks_ArtificialIntelligence/.venv/lib/python3.11/site-packages/sklearn/metrics/_regression.py", line 102, in _check_reg_targets
    check_consistent_length(y_true, y_pred)
  File "/Users/eugenio/Documents/Notebooks_ArtificialIntelligence/.venv/lib/python3.11/site-packages/sklearn/utils/validation.py", line 457, in check_consistent_length
    raise ValueError(
ValueError: Found input variables with inconsistent numbers of samples: [1, 143]



2024-11-06 13:51:59,305:WARNING:/Users/eugenio/Documents/Notebooks_ArtificialIntelligence/.venv/lib/python3.11/site-packages/pycaret/utils/generic.py:585: UserWarning:

Traceback (most recent call last):
  File "/Users/eugenio/Documents/Notebooks_ArtificialIntelligence/.venv/lib/python3.11/site-packages/pycaret/utils/generic.py", line 580, in _calculate_metric
    calculated_metric = score_func(y_test, target, sample_weight=weights, **kwargs)
                        ^^^^^^^^^^^^^^^^^^^^^^^^^^^^^^^^^^^^^^^^^^^^^^^^^^^^^^^^^^^
  File "/Users/eugenio/Documents/Notebooks_ArtificialIntelligence/.venv/lib/python3.11/site-packages/pycaret/containers/metrics/time_series.py", line 159, in _smape_loss
    return mean_absolute_percentage_error(
           ^^^^^^^^^^^^^^^^^^^^^^^^^^^^^^^
  File "/Users/eugenio/Documents/Notebooks_ArtificialIntelligence/.venv/lib/python3.11/site-packages/sktime/performance_metrics/forecasting/_functions.py", line 1537, in mean_absolute_percentage_error
    _, y_true, y_pred, multioutput = _check_reg_targets(y_true, y_pred, multioutput)
                                     ^^^^^^^^^^^^^^^^^^^^^^^^^^^^^^^^^^^^^^^^^^^^^^^
  File "/Users/eugenio/Documents/Notebooks_ArtificialIntelligence/.venv/lib/python3.11/site-packages/sklearn/metrics/_regression.py", line 102, in _check_reg_targets
    check_consistent_length(y_true, y_pred)
  File "/Users/eugenio/Documents/Notebooks_ArtificialIntelligence/.venv/lib/python3.11/site-packages/sklearn/utils/validation.py", line 457, in check_consistent_length
    raise ValueError(
ValueError: Found input variables with inconsistent numbers of samples: [1, 143]

During handling of the above exception, another exception occurred:

Traceback (most recent call last):
  File "/Users/eugenio/Documents/Notebooks_ArtificialIntelligence/.venv/lib/python3.11/site-packages/pycaret/utils/generic.py", line 583, in _calculate_metric
    calculated_metric = score_func(y_test, target, **kwargs)
                        ^^^^^^^^^^^^^^^^^^^^^^^^^^^^^^^^^^^^
  File "/Users/eugenio/Documents/Notebooks_ArtificialIntelligence/.venv/lib/python3.11/site-packages/pycaret/containers/metrics/time_series.py", line 159, in _smape_loss
    return mean_absolute_percentage_error(
           ^^^^^^^^^^^^^^^^^^^^^^^^^^^^^^^
  File "/Users/eugenio/Documents/Notebooks_ArtificialIntelligence/.venv/lib/python3.11/site-packages/sktime/performance_metrics/forecasting/_functions.py", line 1537, in mean_absolute_percentage_error
    _, y_true, y_pred, multioutput = _check_reg_targets(y_true, y_pred, multioutput)
                                     ^^^^^^^^^^^^^^^^^^^^^^^^^^^^^^^^^^^^^^^^^^^^^^^
  File "/Users/eugenio/Documents/Notebooks_ArtificialIntelligence/.venv/lib/python3.11/site-packages/sklearn/metrics/_regression.py", line 102, in _check_reg_targets
    check_consistent_length(y_true, y_pred)
  File "/Users/eugenio/Documents/Notebooks_ArtificialIntelligence/.venv/lib/python3.11/site-packages/sklearn/utils/validation.py", line 457, in check_consistent_length
    raise ValueError(
ValueError: Found input variables with inconsistent numbers of samples: [1, 143]



2024-11-06 13:51:59,312:WARNING:predict_model >> Prediction Indices do not match test indices. Metrics will not be displayed.
2024-11-06 13:52:01,124:INFO:Visual Rendered Successfully
2024-11-06 13:52:08,836:WARNING:/Users/eugenio/Documents/Notebooks_ArtificialIntelligence/.venv/lib/python3.11/site-packages/pycaret/utils/generic.py:585: UserWarning:

Traceback (most recent call last):
  File "/Users/eugenio/Documents/Notebooks_ArtificialIntelligence/.venv/lib/python3.11/site-packages/pycaret/utils/generic.py", line 580, in _calculate_metric
    calculated_metric = score_func(y_test, target, sample_weight=weights, **kwargs)
                        ^^^^^^^^^^^^^^^^^^^^^^^^^^^^^^^^^^^^^^^^^^^^^^^^^^^^^^^^^^^
TypeError: mase() got an unexpected keyword argument 'sample_weight'

During handling of the above exception, another exception occurred:

Traceback (most recent call last):
  File "/Users/eugenio/Documents/Notebooks_ArtificialIntelligence/.venv/lib/python3.11/site-packages/pycaret/utils/generic.py", line 583, in _calculate_metric
    calculated_metric = score_func(y_test, target, **kwargs)
                        ^^^^^^^^^^^^^^^^^^^^^^^^^^^^^^^^^^^^
  File "/Users/eugenio/Documents/Notebooks_ArtificialIntelligence/.venv/lib/python3.11/site-packages/pycaret/containers/metrics/time_series.py", line 175, in mase
    return mean_absolute_scaled_error(
           ^^^^^^^^^^^^^^^^^^^^^^^^^^^
  File "/Users/eugenio/Documents/Notebooks_ArtificialIntelligence/.venv/lib/python3.11/site-packages/sktime/performance_metrics/forecasting/_functions.py", line 417, in mean_absolute_scaled_error
    _, y_true, y_pred, multioutput = _check_reg_targets(y_true, y_pred, multioutput)
                                     ^^^^^^^^^^^^^^^^^^^^^^^^^^^^^^^^^^^^^^^^^^^^^^^
  File "/Users/eugenio/Documents/Notebooks_ArtificialIntelligence/.venv/lib/python3.11/site-packages/sklearn/metrics/_regression.py", line 102, in _check_reg_targets
    check_consistent_length(y_true, y_pred)
  File "/Users/eugenio/Documents/Notebooks_ArtificialIntelligence/.venv/lib/python3.11/site-packages/sklearn/utils/validation.py", line 457, in check_consistent_length
    raise ValueError(
ValueError: Found input variables with inconsistent numbers of samples: [1, 143]



2024-11-06 13:52:08,838:WARNING:/Users/eugenio/Documents/Notebooks_ArtificialIntelligence/.venv/lib/python3.11/site-packages/pycaret/utils/generic.py:585: UserWarning:

Traceback (most recent call last):
  File "/Users/eugenio/Documents/Notebooks_ArtificialIntelligence/.venv/lib/python3.11/site-packages/pycaret/utils/generic.py", line 580, in _calculate_metric
    calculated_metric = score_func(y_test, target, sample_weight=weights, **kwargs)
                        ^^^^^^^^^^^^^^^^^^^^^^^^^^^^^^^^^^^^^^^^^^^^^^^^^^^^^^^^^^^
TypeError: rmsse() got an unexpected keyword argument 'sample_weight'

During handling of the above exception, another exception occurred:

Traceback (most recent call last):
  File "/Users/eugenio/Documents/Notebooks_ArtificialIntelligence/.venv/lib/python3.11/site-packages/pycaret/utils/generic.py", line 583, in _calculate_metric
    calculated_metric = score_func(y_test, target, **kwargs)
                        ^^^^^^^^^^^^^^^^^^^^^^^^^^^^^^^^^^^^
  File "/Users/eugenio/Documents/Notebooks_ArtificialIntelligence/.venv/lib/python3.11/site-packages/pycaret/containers/metrics/time_series.py", line 185, in rmsse
    return mean_squared_scaled_error(
           ^^^^^^^^^^^^^^^^^^^^^^^^^^
  File "/Users/eugenio/Documents/Notebooks_ArtificialIntelligence/.venv/lib/python3.11/site-packages/sktime/performance_metrics/forecasting/_functions.py", line 680, in mean_squared_scaled_error
    _, y_true, y_pred, multioutput = _check_reg_targets(y_true, y_pred, multioutput)
                                     ^^^^^^^^^^^^^^^^^^^^^^^^^^^^^^^^^^^^^^^^^^^^^^^
  File "/Users/eugenio/Documents/Notebooks_ArtificialIntelligence/.venv/lib/python3.11/site-packages/sklearn/metrics/_regression.py", line 102, in _check_reg_targets
    check_consistent_length(y_true, y_pred)
  File "/Users/eugenio/Documents/Notebooks_ArtificialIntelligence/.venv/lib/python3.11/site-packages/sklearn/utils/validation.py", line 457, in check_consistent_length
    raise ValueError(
ValueError: Found input variables with inconsistent numbers of samples: [1, 143]



2024-11-06 13:52:08,840:WARNING:/Users/eugenio/Documents/Notebooks_ArtificialIntelligence/.venv/lib/python3.11/site-packages/pycaret/utils/generic.py:585: UserWarning:

Traceback (most recent call last):
  File "/Users/eugenio/Documents/Notebooks_ArtificialIntelligence/.venv/lib/python3.11/site-packages/pycaret/utils/generic.py", line 580, in _calculate_metric
    calculated_metric = score_func(y_test, target, sample_weight=weights, **kwargs)
                        ^^^^^^^^^^^^^^^^^^^^^^^^^^^^^^^^^^^^^^^^^^^^^^^^^^^^^^^^^^^
  File "/Users/eugenio/Documents/Notebooks_ArtificialIntelligence/.venv/lib/python3.11/site-packages/sklearn/utils/_param_validation.py", line 213, in wrapper
    return func(*args, **kwargs)
           ^^^^^^^^^^^^^^^^^^^^^
  File "/Users/eugenio/Documents/Notebooks_ArtificialIntelligence/.venv/lib/python3.11/site-packages/sklearn/metrics/_regression.py", line 207, in mean_absolute_error
    y_type, y_true, y_pred, multioutput = _check_reg_targets(
                                          ^^^^^^^^^^^^^^^^^^^
  File "/Users/eugenio/Documents/Notebooks_ArtificialIntelligence/.venv/lib/python3.11/site-packages/sklearn/metrics/_regression.py", line 102, in _check_reg_targets
    check_consistent_length(y_true, y_pred)
  File "/Users/eugenio/Documents/Notebooks_ArtificialIntelligence/.venv/lib/python3.11/site-packages/sklearn/utils/validation.py", line 457, in check_consistent_length
    raise ValueError(
ValueError: Found input variables with inconsistent numbers of samples: [1, 143]

During handling of the above exception, another exception occurred:

Traceback (most recent call last):
  File "/Users/eugenio/Documents/Notebooks_ArtificialIntelligence/.venv/lib/python3.11/site-packages/pycaret/utils/generic.py", line 583, in _calculate_metric
    calculated_metric = score_func(y_test, target, **kwargs)
                        ^^^^^^^^^^^^^^^^^^^^^^^^^^^^^^^^^^^^
  File "/Users/eugenio/Documents/Notebooks_ArtificialIntelligence/.venv/lib/python3.11/site-packages/sklearn/utils/_param_validation.py", line 213, in wrapper
    return func(*args, **kwargs)
           ^^^^^^^^^^^^^^^^^^^^^
  File "/Users/eugenio/Documents/Notebooks_ArtificialIntelligence/.venv/lib/python3.11/site-packages/sklearn/metrics/_regression.py", line 207, in mean_absolute_error
    y_type, y_true, y_pred, multioutput = _check_reg_targets(
                                          ^^^^^^^^^^^^^^^^^^^
  File "/Users/eugenio/Documents/Notebooks_ArtificialIntelligence/.venv/lib/python3.11/site-packages/sklearn/metrics/_regression.py", line 102, in _check_reg_targets
    check_consistent_length(y_true, y_pred)
  File "/Users/eugenio/Documents/Notebooks_ArtificialIntelligence/.venv/lib/python3.11/site-packages/sklearn/utils/validation.py", line 457, in check_consistent_length
    raise ValueError(
ValueError: Found input variables with inconsistent numbers of samples: [1, 143]



2024-11-06 13:52:08,841:WARNING:/Users/eugenio/Documents/Notebooks_ArtificialIntelligence/.venv/lib/python3.11/site-packages/sklearn/metrics/_regression.py:483: FutureWarning:

'squared' is deprecated in version 1.4 and will be removed in 1.6. To calculate the root mean squared error, use the function'root_mean_squared_error'.


2024-11-06 13:52:08,843:WARNING:/Users/eugenio/Documents/Notebooks_ArtificialIntelligence/.venv/lib/python3.11/site-packages/pycaret/utils/generic.py:585: UserWarning:

Traceback (most recent call last):
  File "/Users/eugenio/Documents/Notebooks_ArtificialIntelligence/.venv/lib/python3.11/site-packages/pycaret/utils/generic.py", line 580, in _calculate_metric
    calculated_metric = score_func(y_test, target, sample_weight=weights, **kwargs)
                        ^^^^^^^^^^^^^^^^^^^^^^^^^^^^^^^^^^^^^^^^^^^^^^^^^^^^^^^^^^^
  File "/Users/eugenio/Documents/Notebooks_ArtificialIntelligence/.venv/lib/python3.11/site-packages/sklearn/utils/_param_validation.py", line 213, in wrapper
    return func(*args, **kwargs)
           ^^^^^^^^^^^^^^^^^^^^^
  File "/Users/eugenio/Documents/Notebooks_ArtificialIntelligence/.venv/lib/python3.11/site-packages/sklearn/metrics/_regression.py", line 493, in mean_squared_error
    return root_mean_squared_error(
           ^^^^^^^^^^^^^^^^^^^^^^^^
  File "/Users/eugenio/Documents/Notebooks_ArtificialIntelligence/.venv/lib/python3.11/site-packages/sklearn/utils/_param_validation.py", line 186, in wrapper
    return func(*args, **kwargs)
           ^^^^^^^^^^^^^^^^^^^^^
  File "/Users/eugenio/Documents/Notebooks_ArtificialIntelligence/.venv/lib/python3.11/site-packages/sklearn/metrics/_regression.py", line 572, in root_mean_squared_error
    mean_squared_error(
  File "/Users/eugenio/Documents/Notebooks_ArtificialIntelligence/.venv/lib/python3.11/site-packages/sklearn/utils/_param_validation.py", line 186, in wrapper
    return func(*args, **kwargs)
           ^^^^^^^^^^^^^^^^^^^^^
  File "/Users/eugenio/Documents/Notebooks_ArtificialIntelligence/.venv/lib/python3.11/site-packages/sklearn/metrics/_regression.py", line 497, in mean_squared_error
    y_type, y_true, y_pred, multioutput = _check_reg_targets(
                                          ^^^^^^^^^^^^^^^^^^^
  File "/Users/eugenio/Documents/Notebooks_ArtificialIntelligence/.venv/lib/python3.11/site-packages/sklearn/metrics/_regression.py", line 102, in _check_reg_targets
    check_consistent_length(y_true, y_pred)
  File "/Users/eugenio/Documents/Notebooks_ArtificialIntelligence/.venv/lib/python3.11/site-packages/sklearn/utils/validation.py", line 457, in check_consistent_length
    raise ValueError(
ValueError: Found input variables with inconsistent numbers of samples: [1, 143]

During handling of the above exception, another exception occurred:

Traceback (most recent call last):
  File "/Users/eugenio/Documents/Notebooks_ArtificialIntelligence/.venv/lib/python3.11/site-packages/pycaret/utils/generic.py", line 583, in _calculate_metric
    calculated_metric = score_func(y_test, target, **kwargs)
                        ^^^^^^^^^^^^^^^^^^^^^^^^^^^^^^^^^^^^
  File "/Users/eugenio/Documents/Notebooks_ArtificialIntelligence/.venv/lib/python3.11/site-packages/sklearn/utils/_param_validation.py", line 213, in wrapper
    return func(*args, **kwargs)
           ^^^^^^^^^^^^^^^^^^^^^
  File "/Users/eugenio/Documents/Notebooks_ArtificialIntelligence/.venv/lib/python3.11/site-packages/sklearn/metrics/_regression.py", line 493, in mean_squared_error
    return root_mean_squared_error(
           ^^^^^^^^^^^^^^^^^^^^^^^^
  File "/Users/eugenio/Documents/Notebooks_ArtificialIntelligence/.venv/lib/python3.11/site-packages/sklearn/utils/_param_validation.py", line 186, in wrapper
    return func(*args, **kwargs)
           ^^^^^^^^^^^^^^^^^^^^^
  File "/Users/eugenio/Documents/Notebooks_ArtificialIntelligence/.venv/lib/python3.11/site-packages/sklearn/metrics/_regression.py", line 572, in root_mean_squared_error
    mean_squared_error(
  File "/Users/eugenio/Documents/Notebooks_ArtificialIntelligence/.venv/lib/python3.11/site-packages/sklearn/utils/_param_validation.py", line 186, in wrapper
    return func(*args, **kwargs)
           ^^^^^^^^^^^^^^^^^^^^^
  File "/Users/eugenio/Documents/Notebooks_ArtificialIntelligence/.venv/lib/python3.11/site-packages/sklearn/metrics/_regression.py", line 497, in mean_squared_error
    y_type, y_true, y_pred, multioutput = _check_reg_targets(
                                          ^^^^^^^^^^^^^^^^^^^
  File "/Users/eugenio/Documents/Notebooks_ArtificialIntelligence/.venv/lib/python3.11/site-packages/sklearn/metrics/_regression.py", line 102, in _check_reg_targets
    check_consistent_length(y_true, y_pred)
  File "/Users/eugenio/Documents/Notebooks_ArtificialIntelligence/.venv/lib/python3.11/site-packages/sklearn/utils/validation.py", line 457, in check_consistent_length
    raise ValueError(
ValueError: Found input variables with inconsistent numbers of samples: [1, 143]



2024-11-06 13:52:08,844:WARNING:/Users/eugenio/Documents/Notebooks_ArtificialIntelligence/.venv/lib/python3.11/site-packages/pycaret/utils/generic.py:585: UserWarning:

Traceback (most recent call last):
  File "/Users/eugenio/Documents/Notebooks_ArtificialIntelligence/.venv/lib/python3.11/site-packages/pycaret/utils/generic.py", line 580, in _calculate_metric
    calculated_metric = score_func(y_test, target, sample_weight=weights, **kwargs)
                        ^^^^^^^^^^^^^^^^^^^^^^^^^^^^^^^^^^^^^^^^^^^^^^^^^^^^^^^^^^^
  File "/Users/eugenio/Documents/Notebooks_ArtificialIntelligence/.venv/lib/python3.11/site-packages/pycaret/containers/metrics/time_series.py", line 168, in mape
    return mean_absolute_percentage_error(
           ^^^^^^^^^^^^^^^^^^^^^^^^^^^^^^^
  File "/Users/eugenio/Documents/Notebooks_ArtificialIntelligence/.venv/lib/python3.11/site-packages/sktime/performance_metrics/forecasting/_functions.py", line 1537, in mean_absolute_percentage_error
    _, y_true, y_pred, multioutput = _check_reg_targets(y_true, y_pred, multioutput)
                                     ^^^^^^^^^^^^^^^^^^^^^^^^^^^^^^^^^^^^^^^^^^^^^^^
  File "/Users/eugenio/Documents/Notebooks_ArtificialIntelligence/.venv/lib/python3.11/site-packages/sklearn/metrics/_regression.py", line 102, in _check_reg_targets
    check_consistent_length(y_true, y_pred)
  File "/Users/eugenio/Documents/Notebooks_ArtificialIntelligence/.venv/lib/python3.11/site-packages/sklearn/utils/validation.py", line 457, in check_consistent_length
    raise ValueError(
ValueError: Found input variables with inconsistent numbers of samples: [1, 143]

During handling of the above exception, another exception occurred:

Traceback (most recent call last):
  File "/Users/eugenio/Documents/Notebooks_ArtificialIntelligence/.venv/lib/python3.11/site-packages/pycaret/utils/generic.py", line 583, in _calculate_metric
    calculated_metric = score_func(y_test, target, **kwargs)
                        ^^^^^^^^^^^^^^^^^^^^^^^^^^^^^^^^^^^^
  File "/Users/eugenio/Documents/Notebooks_ArtificialIntelligence/.venv/lib/python3.11/site-packages/pycaret/containers/metrics/time_series.py", line 168, in mape
    return mean_absolute_percentage_error(
           ^^^^^^^^^^^^^^^^^^^^^^^^^^^^^^^
  File "/Users/eugenio/Documents/Notebooks_ArtificialIntelligence/.venv/lib/python3.11/site-packages/sktime/performance_metrics/forecasting/_functions.py", line 1537, in mean_absolute_percentage_error
    _, y_true, y_pred, multioutput = _check_reg_targets(y_true, y_pred, multioutput)
                                     ^^^^^^^^^^^^^^^^^^^^^^^^^^^^^^^^^^^^^^^^^^^^^^^
  File "/Users/eugenio/Documents/Notebooks_ArtificialIntelligence/.venv/lib/python3.11/site-packages/sklearn/metrics/_regression.py", line 102, in _check_reg_targets
    check_consistent_length(y_true, y_pred)
  File "/Users/eugenio/Documents/Notebooks_ArtificialIntelligence/.venv/lib/python3.11/site-packages/sklearn/utils/validation.py", line 457, in check_consistent_length
    raise ValueError(
ValueError: Found input variables with inconsistent numbers of samples: [1, 143]



2024-11-06 13:52:08,845:WARNING:/Users/eugenio/Documents/Notebooks_ArtificialIntelligence/.venv/lib/python3.11/site-packages/pycaret/utils/generic.py:585: UserWarning:

Traceback (most recent call last):
  File "/Users/eugenio/Documents/Notebooks_ArtificialIntelligence/.venv/lib/python3.11/site-packages/pycaret/utils/generic.py", line 580, in _calculate_metric
    calculated_metric = score_func(y_test, target, sample_weight=weights, **kwargs)
                        ^^^^^^^^^^^^^^^^^^^^^^^^^^^^^^^^^^^^^^^^^^^^^^^^^^^^^^^^^^^
  File "/Users/eugenio/Documents/Notebooks_ArtificialIntelligence/.venv/lib/python3.11/site-packages/pycaret/containers/metrics/time_series.py", line 159, in _smape_loss
    return mean_absolute_percentage_error(
           ^^^^^^^^^^^^^^^^^^^^^^^^^^^^^^^
  File "/Users/eugenio/Documents/Notebooks_ArtificialIntelligence/.venv/lib/python3.11/site-packages/sktime/performance_metrics/forecasting/_functions.py", line 1537, in mean_absolute_percentage_error
    _, y_true, y_pred, multioutput = _check_reg_targets(y_true, y_pred, multioutput)
                                     ^^^^^^^^^^^^^^^^^^^^^^^^^^^^^^^^^^^^^^^^^^^^^^^
  File "/Users/eugenio/Documents/Notebooks_ArtificialIntelligence/.venv/lib/python3.11/site-packages/sklearn/metrics/_regression.py", line 102, in _check_reg_targets
    check_consistent_length(y_true, y_pred)
  File "/Users/eugenio/Documents/Notebooks_ArtificialIntelligence/.venv/lib/python3.11/site-packages/sklearn/utils/validation.py", line 457, in check_consistent_length
    raise ValueError(
ValueError: Found input variables with inconsistent numbers of samples: [1, 143]

During handling of the above exception, another exception occurred:

Traceback (most recent call last):
  File "/Users/eugenio/Documents/Notebooks_ArtificialIntelligence/.venv/lib/python3.11/site-packages/pycaret/utils/generic.py", line 583, in _calculate_metric
    calculated_metric = score_func(y_test, target, **kwargs)
                        ^^^^^^^^^^^^^^^^^^^^^^^^^^^^^^^^^^^^
  File "/Users/eugenio/Documents/Notebooks_ArtificialIntelligence/.venv/lib/python3.11/site-packages/pycaret/containers/metrics/time_series.py", line 159, in _smape_loss
    return mean_absolute_percentage_error(
           ^^^^^^^^^^^^^^^^^^^^^^^^^^^^^^^
  File "/Users/eugenio/Documents/Notebooks_ArtificialIntelligence/.venv/lib/python3.11/site-packages/sktime/performance_metrics/forecasting/_functions.py", line 1537, in mean_absolute_percentage_error
    _, y_true, y_pred, multioutput = _check_reg_targets(y_true, y_pred, multioutput)
                                     ^^^^^^^^^^^^^^^^^^^^^^^^^^^^^^^^^^^^^^^^^^^^^^^
  File "/Users/eugenio/Documents/Notebooks_ArtificialIntelligence/.venv/lib/python3.11/site-packages/sklearn/metrics/_regression.py", line 102, in _check_reg_targets
    check_consistent_length(y_true, y_pred)
  File "/Users/eugenio/Documents/Notebooks_ArtificialIntelligence/.venv/lib/python3.11/site-packages/sklearn/utils/validation.py", line 457, in check_consistent_length
    raise ValueError(
ValueError: Found input variables with inconsistent numbers of samples: [1, 143]



2024-11-06 13:52:08,849:WARNING:predict_model >> Prediction Indices do not match test indices. Metrics will not be displayed.
2024-11-06 13:52:09,227:INFO:Visual Rendered Successfully
2024-11-06 13:52:13,712:WARNING:/Users/eugenio/Documents/Notebooks_ArtificialIntelligence/.venv/lib/python3.11/site-packages/pycaret/utils/generic.py:585: UserWarning:

Traceback (most recent call last):
  File "/Users/eugenio/Documents/Notebooks_ArtificialIntelligence/.venv/lib/python3.11/site-packages/pycaret/utils/generic.py", line 580, in _calculate_metric
    calculated_metric = score_func(y_test, target, sample_weight=weights, **kwargs)
                        ^^^^^^^^^^^^^^^^^^^^^^^^^^^^^^^^^^^^^^^^^^^^^^^^^^^^^^^^^^^
TypeError: mase() got an unexpected keyword argument 'sample_weight'

During handling of the above exception, another exception occurred:

Traceback (most recent call last):
  File "/Users/eugenio/Documents/Notebooks_ArtificialIntelligence/.venv/lib/python3.11/site-packages/pycaret/utils/generic.py", line 583, in _calculate_metric
    calculated_metric = score_func(y_test, target, **kwargs)
                        ^^^^^^^^^^^^^^^^^^^^^^^^^^^^^^^^^^^^
  File "/Users/eugenio/Documents/Notebooks_ArtificialIntelligence/.venv/lib/python3.11/site-packages/pycaret/containers/metrics/time_series.py", line 175, in mase
    return mean_absolute_scaled_error(
           ^^^^^^^^^^^^^^^^^^^^^^^^^^^
  File "/Users/eugenio/Documents/Notebooks_ArtificialIntelligence/.venv/lib/python3.11/site-packages/sktime/performance_metrics/forecasting/_functions.py", line 417, in mean_absolute_scaled_error
    _, y_true, y_pred, multioutput = _check_reg_targets(y_true, y_pred, multioutput)
                                     ^^^^^^^^^^^^^^^^^^^^^^^^^^^^^^^^^^^^^^^^^^^^^^^
  File "/Users/eugenio/Documents/Notebooks_ArtificialIntelligence/.venv/lib/python3.11/site-packages/sklearn/metrics/_regression.py", line 102, in _check_reg_targets
    check_consistent_length(y_true, y_pred)
  File "/Users/eugenio/Documents/Notebooks_ArtificialIntelligence/.venv/lib/python3.11/site-packages/sklearn/utils/validation.py", line 457, in check_consistent_length
    raise ValueError(
ValueError: Found input variables with inconsistent numbers of samples: [1, 24]



2024-11-06 13:52:13,713:WARNING:/Users/eugenio/Documents/Notebooks_ArtificialIntelligence/.venv/lib/python3.11/site-packages/pycaret/utils/generic.py:585: UserWarning:

Traceback (most recent call last):
  File "/Users/eugenio/Documents/Notebooks_ArtificialIntelligence/.venv/lib/python3.11/site-packages/pycaret/utils/generic.py", line 580, in _calculate_metric
    calculated_metric = score_func(y_test, target, sample_weight=weights, **kwargs)
                        ^^^^^^^^^^^^^^^^^^^^^^^^^^^^^^^^^^^^^^^^^^^^^^^^^^^^^^^^^^^
TypeError: rmsse() got an unexpected keyword argument 'sample_weight'

During handling of the above exception, another exception occurred:

Traceback (most recent call last):
  File "/Users/eugenio/Documents/Notebooks_ArtificialIntelligence/.venv/lib/python3.11/site-packages/pycaret/utils/generic.py", line 583, in _calculate_metric
    calculated_metric = score_func(y_test, target, **kwargs)
                        ^^^^^^^^^^^^^^^^^^^^^^^^^^^^^^^^^^^^
  File "/Users/eugenio/Documents/Notebooks_ArtificialIntelligence/.venv/lib/python3.11/site-packages/pycaret/containers/metrics/time_series.py", line 185, in rmsse
    return mean_squared_scaled_error(
           ^^^^^^^^^^^^^^^^^^^^^^^^^^
  File "/Users/eugenio/Documents/Notebooks_ArtificialIntelligence/.venv/lib/python3.11/site-packages/sktime/performance_metrics/forecasting/_functions.py", line 680, in mean_squared_scaled_error
    _, y_true, y_pred, multioutput = _check_reg_targets(y_true, y_pred, multioutput)
                                     ^^^^^^^^^^^^^^^^^^^^^^^^^^^^^^^^^^^^^^^^^^^^^^^
  File "/Users/eugenio/Documents/Notebooks_ArtificialIntelligence/.venv/lib/python3.11/site-packages/sklearn/metrics/_regression.py", line 102, in _check_reg_targets
    check_consistent_length(y_true, y_pred)
  File "/Users/eugenio/Documents/Notebooks_ArtificialIntelligence/.venv/lib/python3.11/site-packages/sklearn/utils/validation.py", line 457, in check_consistent_length
    raise ValueError(
ValueError: Found input variables with inconsistent numbers of samples: [1, 24]



2024-11-06 13:52:13,714:WARNING:/Users/eugenio/Documents/Notebooks_ArtificialIntelligence/.venv/lib/python3.11/site-packages/pycaret/utils/generic.py:585: UserWarning:

Traceback (most recent call last):
  File "/Users/eugenio/Documents/Notebooks_ArtificialIntelligence/.venv/lib/python3.11/site-packages/pycaret/utils/generic.py", line 580, in _calculate_metric
    calculated_metric = score_func(y_test, target, sample_weight=weights, **kwargs)
                        ^^^^^^^^^^^^^^^^^^^^^^^^^^^^^^^^^^^^^^^^^^^^^^^^^^^^^^^^^^^
  File "/Users/eugenio/Documents/Notebooks_ArtificialIntelligence/.venv/lib/python3.11/site-packages/sklearn/utils/_param_validation.py", line 213, in wrapper
    return func(*args, **kwargs)
           ^^^^^^^^^^^^^^^^^^^^^
  File "/Users/eugenio/Documents/Notebooks_ArtificialIntelligence/.venv/lib/python3.11/site-packages/sklearn/metrics/_regression.py", line 207, in mean_absolute_error
    y_type, y_true, y_pred, multioutput = _check_reg_targets(
                                          ^^^^^^^^^^^^^^^^^^^
  File "/Users/eugenio/Documents/Notebooks_ArtificialIntelligence/.venv/lib/python3.11/site-packages/sklearn/metrics/_regression.py", line 102, in _check_reg_targets
    check_consistent_length(y_true, y_pred)
  File "/Users/eugenio/Documents/Notebooks_ArtificialIntelligence/.venv/lib/python3.11/site-packages/sklearn/utils/validation.py", line 457, in check_consistent_length
    raise ValueError(
ValueError: Found input variables with inconsistent numbers of samples: [1, 24]

During handling of the above exception, another exception occurred:

Traceback (most recent call last):
  File "/Users/eugenio/Documents/Notebooks_ArtificialIntelligence/.venv/lib/python3.11/site-packages/pycaret/utils/generic.py", line 583, in _calculate_metric
    calculated_metric = score_func(y_test, target, **kwargs)
                        ^^^^^^^^^^^^^^^^^^^^^^^^^^^^^^^^^^^^
  File "/Users/eugenio/Documents/Notebooks_ArtificialIntelligence/.venv/lib/python3.11/site-packages/sklearn/utils/_param_validation.py", line 213, in wrapper
    return func(*args, **kwargs)
           ^^^^^^^^^^^^^^^^^^^^^
  File "/Users/eugenio/Documents/Notebooks_ArtificialIntelligence/.venv/lib/python3.11/site-packages/sklearn/metrics/_regression.py", line 207, in mean_absolute_error
    y_type, y_true, y_pred, multioutput = _check_reg_targets(
                                          ^^^^^^^^^^^^^^^^^^^
  File "/Users/eugenio/Documents/Notebooks_ArtificialIntelligence/.venv/lib/python3.11/site-packages/sklearn/metrics/_regression.py", line 102, in _check_reg_targets
    check_consistent_length(y_true, y_pred)
  File "/Users/eugenio/Documents/Notebooks_ArtificialIntelligence/.venv/lib/python3.11/site-packages/sklearn/utils/validation.py", line 457, in check_consistent_length
    raise ValueError(
ValueError: Found input variables with inconsistent numbers of samples: [1, 24]



2024-11-06 13:52:13,715:WARNING:/Users/eugenio/Documents/Notebooks_ArtificialIntelligence/.venv/lib/python3.11/site-packages/sklearn/metrics/_regression.py:483: FutureWarning:

'squared' is deprecated in version 1.4 and will be removed in 1.6. To calculate the root mean squared error, use the function'root_mean_squared_error'.


2024-11-06 13:52:13,716:WARNING:/Users/eugenio/Documents/Notebooks_ArtificialIntelligence/.venv/lib/python3.11/site-packages/pycaret/utils/generic.py:585: UserWarning:

Traceback (most recent call last):
  File "/Users/eugenio/Documents/Notebooks_ArtificialIntelligence/.venv/lib/python3.11/site-packages/pycaret/utils/generic.py", line 580, in _calculate_metric
    calculated_metric = score_func(y_test, target, sample_weight=weights, **kwargs)
                        ^^^^^^^^^^^^^^^^^^^^^^^^^^^^^^^^^^^^^^^^^^^^^^^^^^^^^^^^^^^
  File "/Users/eugenio/Documents/Notebooks_ArtificialIntelligence/.venv/lib/python3.11/site-packages/sklearn/utils/_param_validation.py", line 213, in wrapper
    return func(*args, **kwargs)
           ^^^^^^^^^^^^^^^^^^^^^
  File "/Users/eugenio/Documents/Notebooks_ArtificialIntelligence/.venv/lib/python3.11/site-packages/sklearn/metrics/_regression.py", line 493, in mean_squared_error
    return root_mean_squared_error(
           ^^^^^^^^^^^^^^^^^^^^^^^^
  File "/Users/eugenio/Documents/Notebooks_ArtificialIntelligence/.venv/lib/python3.11/site-packages/sklearn/utils/_param_validation.py", line 186, in wrapper
    return func(*args, **kwargs)
           ^^^^^^^^^^^^^^^^^^^^^
  File "/Users/eugenio/Documents/Notebooks_ArtificialIntelligence/.venv/lib/python3.11/site-packages/sklearn/metrics/_regression.py", line 572, in root_mean_squared_error
    mean_squared_error(
  File "/Users/eugenio/Documents/Notebooks_ArtificialIntelligence/.venv/lib/python3.11/site-packages/sklearn/utils/_param_validation.py", line 186, in wrapper
    return func(*args, **kwargs)
           ^^^^^^^^^^^^^^^^^^^^^
  File "/Users/eugenio/Documents/Notebooks_ArtificialIntelligence/.venv/lib/python3.11/site-packages/sklearn/metrics/_regression.py", line 497, in mean_squared_error
    y_type, y_true, y_pred, multioutput = _check_reg_targets(
                                          ^^^^^^^^^^^^^^^^^^^
  File "/Users/eugenio/Documents/Notebooks_ArtificialIntelligence/.venv/lib/python3.11/site-packages/sklearn/metrics/_regression.py", line 102, in _check_reg_targets
    check_consistent_length(y_true, y_pred)
  File "/Users/eugenio/Documents/Notebooks_ArtificialIntelligence/.venv/lib/python3.11/site-packages/sklearn/utils/validation.py", line 457, in check_consistent_length
    raise ValueError(
ValueError: Found input variables with inconsistent numbers of samples: [1, 24]

During handling of the above exception, another exception occurred:

Traceback (most recent call last):
  File "/Users/eugenio/Documents/Notebooks_ArtificialIntelligence/.venv/lib/python3.11/site-packages/pycaret/utils/generic.py", line 583, in _calculate_metric
    calculated_metric = score_func(y_test, target, **kwargs)
                        ^^^^^^^^^^^^^^^^^^^^^^^^^^^^^^^^^^^^
  File "/Users/eugenio/Documents/Notebooks_ArtificialIntelligence/.venv/lib/python3.11/site-packages/sklearn/utils/_param_validation.py", line 213, in wrapper
    return func(*args, **kwargs)
           ^^^^^^^^^^^^^^^^^^^^^
  File "/Users/eugenio/Documents/Notebooks_ArtificialIntelligence/.venv/lib/python3.11/site-packages/sklearn/metrics/_regression.py", line 493, in mean_squared_error
    return root_mean_squared_error(
           ^^^^^^^^^^^^^^^^^^^^^^^^
  File "/Users/eugenio/Documents/Notebooks_ArtificialIntelligence/.venv/lib/python3.11/site-packages/sklearn/utils/_param_validation.py", line 186, in wrapper
    return func(*args, **kwargs)
           ^^^^^^^^^^^^^^^^^^^^^
  File "/Users/eugenio/Documents/Notebooks_ArtificialIntelligence/.venv/lib/python3.11/site-packages/sklearn/metrics/_regression.py", line 572, in root_mean_squared_error
    mean_squared_error(
  File "/Users/eugenio/Documents/Notebooks_ArtificialIntelligence/.venv/lib/python3.11/site-packages/sklearn/utils/_param_validation.py", line 186, in wrapper
    return func(*args, **kwargs)
           ^^^^^^^^^^^^^^^^^^^^^
  File "/Users/eugenio/Documents/Notebooks_ArtificialIntelligence/.venv/lib/python3.11/site-packages/sklearn/metrics/_regression.py", line 497, in mean_squared_error
    y_type, y_true, y_pred, multioutput = _check_reg_targets(
                                          ^^^^^^^^^^^^^^^^^^^
  File "/Users/eugenio/Documents/Notebooks_ArtificialIntelligence/.venv/lib/python3.11/site-packages/sklearn/metrics/_regression.py", line 102, in _check_reg_targets
    check_consistent_length(y_true, y_pred)
  File "/Users/eugenio/Documents/Notebooks_ArtificialIntelligence/.venv/lib/python3.11/site-packages/sklearn/utils/validation.py", line 457, in check_consistent_length
    raise ValueError(
ValueError: Found input variables with inconsistent numbers of samples: [1, 24]



2024-11-06 13:52:13,717:WARNING:/Users/eugenio/Documents/Notebooks_ArtificialIntelligence/.venv/lib/python3.11/site-packages/pycaret/utils/generic.py:585: UserWarning:

Traceback (most recent call last):
  File "/Users/eugenio/Documents/Notebooks_ArtificialIntelligence/.venv/lib/python3.11/site-packages/pycaret/utils/generic.py", line 580, in _calculate_metric
    calculated_metric = score_func(y_test, target, sample_weight=weights, **kwargs)
                        ^^^^^^^^^^^^^^^^^^^^^^^^^^^^^^^^^^^^^^^^^^^^^^^^^^^^^^^^^^^
  File "/Users/eugenio/Documents/Notebooks_ArtificialIntelligence/.venv/lib/python3.11/site-packages/pycaret/containers/metrics/time_series.py", line 168, in mape
    return mean_absolute_percentage_error(
           ^^^^^^^^^^^^^^^^^^^^^^^^^^^^^^^
  File "/Users/eugenio/Documents/Notebooks_ArtificialIntelligence/.venv/lib/python3.11/site-packages/sktime/performance_metrics/forecasting/_functions.py", line 1537, in mean_absolute_percentage_error
    _, y_true, y_pred, multioutput = _check_reg_targets(y_true, y_pred, multioutput)
                                     ^^^^^^^^^^^^^^^^^^^^^^^^^^^^^^^^^^^^^^^^^^^^^^^
  File "/Users/eugenio/Documents/Notebooks_ArtificialIntelligence/.venv/lib/python3.11/site-packages/sklearn/metrics/_regression.py", line 102, in _check_reg_targets
    check_consistent_length(y_true, y_pred)
  File "/Users/eugenio/Documents/Notebooks_ArtificialIntelligence/.venv/lib/python3.11/site-packages/sklearn/utils/validation.py", line 457, in check_consistent_length
    raise ValueError(
ValueError: Found input variables with inconsistent numbers of samples: [1, 24]

During handling of the above exception, another exception occurred:

Traceback (most recent call last):
  File "/Users/eugenio/Documents/Notebooks_ArtificialIntelligence/.venv/lib/python3.11/site-packages/pycaret/utils/generic.py", line 583, in _calculate_metric
    calculated_metric = score_func(y_test, target, **kwargs)
                        ^^^^^^^^^^^^^^^^^^^^^^^^^^^^^^^^^^^^
  File "/Users/eugenio/Documents/Notebooks_ArtificialIntelligence/.venv/lib/python3.11/site-packages/pycaret/containers/metrics/time_series.py", line 168, in mape
    return mean_absolute_percentage_error(
           ^^^^^^^^^^^^^^^^^^^^^^^^^^^^^^^
  File "/Users/eugenio/Documents/Notebooks_ArtificialIntelligence/.venv/lib/python3.11/site-packages/sktime/performance_metrics/forecasting/_functions.py", line 1537, in mean_absolute_percentage_error
    _, y_true, y_pred, multioutput = _check_reg_targets(y_true, y_pred, multioutput)
                                     ^^^^^^^^^^^^^^^^^^^^^^^^^^^^^^^^^^^^^^^^^^^^^^^
  File "/Users/eugenio/Documents/Notebooks_ArtificialIntelligence/.venv/lib/python3.11/site-packages/sklearn/metrics/_regression.py", line 102, in _check_reg_targets
    check_consistent_length(y_true, y_pred)
  File "/Users/eugenio/Documents/Notebooks_ArtificialIntelligence/.venv/lib/python3.11/site-packages/sklearn/utils/validation.py", line 457, in check_consistent_length
    raise ValueError(
ValueError: Found input variables with inconsistent numbers of samples: [1, 24]



2024-11-06 13:52:13,719:WARNING:/Users/eugenio/Documents/Notebooks_ArtificialIntelligence/.venv/lib/python3.11/site-packages/pycaret/utils/generic.py:585: UserWarning:

Traceback (most recent call last):
  File "/Users/eugenio/Documents/Notebooks_ArtificialIntelligence/.venv/lib/python3.11/site-packages/pycaret/utils/generic.py", line 580, in _calculate_metric
    calculated_metric = score_func(y_test, target, sample_weight=weights, **kwargs)
                        ^^^^^^^^^^^^^^^^^^^^^^^^^^^^^^^^^^^^^^^^^^^^^^^^^^^^^^^^^^^
  File "/Users/eugenio/Documents/Notebooks_ArtificialIntelligence/.venv/lib/python3.11/site-packages/pycaret/containers/metrics/time_series.py", line 159, in _smape_loss
    return mean_absolute_percentage_error(
           ^^^^^^^^^^^^^^^^^^^^^^^^^^^^^^^
  File "/Users/eugenio/Documents/Notebooks_ArtificialIntelligence/.venv/lib/python3.11/site-packages/sktime/performance_metrics/forecasting/_functions.py", line 1537, in mean_absolute_percentage_error
    _, y_true, y_pred, multioutput = _check_reg_targets(y_true, y_pred, multioutput)
                                     ^^^^^^^^^^^^^^^^^^^^^^^^^^^^^^^^^^^^^^^^^^^^^^^
  File "/Users/eugenio/Documents/Notebooks_ArtificialIntelligence/.venv/lib/python3.11/site-packages/sklearn/metrics/_regression.py", line 102, in _check_reg_targets
    check_consistent_length(y_true, y_pred)
  File "/Users/eugenio/Documents/Notebooks_ArtificialIntelligence/.venv/lib/python3.11/site-packages/sklearn/utils/validation.py", line 457, in check_consistent_length
    raise ValueError(
ValueError: Found input variables with inconsistent numbers of samples: [1, 24]

During handling of the above exception, another exception occurred:

Traceback (most recent call last):
  File "/Users/eugenio/Documents/Notebooks_ArtificialIntelligence/.venv/lib/python3.11/site-packages/pycaret/utils/generic.py", line 583, in _calculate_metric
    calculated_metric = score_func(y_test, target, **kwargs)
                        ^^^^^^^^^^^^^^^^^^^^^^^^^^^^^^^^^^^^
  File "/Users/eugenio/Documents/Notebooks_ArtificialIntelligence/.venv/lib/python3.11/site-packages/pycaret/containers/metrics/time_series.py", line 159, in _smape_loss
    return mean_absolute_percentage_error(
           ^^^^^^^^^^^^^^^^^^^^^^^^^^^^^^^
  File "/Users/eugenio/Documents/Notebooks_ArtificialIntelligence/.venv/lib/python3.11/site-packages/sktime/performance_metrics/forecasting/_functions.py", line 1537, in mean_absolute_percentage_error
    _, y_true, y_pred, multioutput = _check_reg_targets(y_true, y_pred, multioutput)
                                     ^^^^^^^^^^^^^^^^^^^^^^^^^^^^^^^^^^^^^^^^^^^^^^^
  File "/Users/eugenio/Documents/Notebooks_ArtificialIntelligence/.venv/lib/python3.11/site-packages/sklearn/metrics/_regression.py", line 102, in _check_reg_targets
    check_consistent_length(y_true, y_pred)
  File "/Users/eugenio/Documents/Notebooks_ArtificialIntelligence/.venv/lib/python3.11/site-packages/sklearn/utils/validation.py", line 457, in check_consistent_length
    raise ValueError(
ValueError: Found input variables with inconsistent numbers of samples: [1, 24]



2024-11-06 13:52:13,721:WARNING:predict_model >> Prediction Indices do not match test indices. Metrics will not be displayed.
2024-11-06 13:52:14,004:INFO:Visual Rendered Successfully
2024-11-06 13:52:20,004:WARNING:/Users/eugenio/Documents/Notebooks_ArtificialIntelligence/.venv/lib/python3.11/site-packages/pycaret/utils/generic.py:585: UserWarning:

Traceback (most recent call last):
  File "/Users/eugenio/Documents/Notebooks_ArtificialIntelligence/.venv/lib/python3.11/site-packages/pycaret/utils/generic.py", line 580, in _calculate_metric
    calculated_metric = score_func(y_test, target, sample_weight=weights, **kwargs)
                        ^^^^^^^^^^^^^^^^^^^^^^^^^^^^^^^^^^^^^^^^^^^^^^^^^^^^^^^^^^^
TypeError: mase() got an unexpected keyword argument 'sample_weight'

During handling of the above exception, another exception occurred:

Traceback (most recent call last):
  File "/Users/eugenio/Documents/Notebooks_ArtificialIntelligence/.venv/lib/python3.11/site-packages/pycaret/utils/generic.py", line 583, in _calculate_metric
    calculated_metric = score_func(y_test, target, **kwargs)
                        ^^^^^^^^^^^^^^^^^^^^^^^^^^^^^^^^^^^^
  File "/Users/eugenio/Documents/Notebooks_ArtificialIntelligence/.venv/lib/python3.11/site-packages/pycaret/containers/metrics/time_series.py", line 175, in mase
    return mean_absolute_scaled_error(
           ^^^^^^^^^^^^^^^^^^^^^^^^^^^
  File "/Users/eugenio/Documents/Notebooks_ArtificialIntelligence/.venv/lib/python3.11/site-packages/sktime/performance_metrics/forecasting/_functions.py", line 417, in mean_absolute_scaled_error
    _, y_true, y_pred, multioutput = _check_reg_targets(y_true, y_pred, multioutput)
                                     ^^^^^^^^^^^^^^^^^^^^^^^^^^^^^^^^^^^^^^^^^^^^^^^
  File "/Users/eugenio/Documents/Notebooks_ArtificialIntelligence/.venv/lib/python3.11/site-packages/sklearn/metrics/_regression.py", line 102, in _check_reg_targets
    check_consistent_length(y_true, y_pred)
  File "/Users/eugenio/Documents/Notebooks_ArtificialIntelligence/.venv/lib/python3.11/site-packages/sklearn/utils/validation.py", line 457, in check_consistent_length
    raise ValueError(
ValueError: Found input variables with inconsistent numbers of samples: [1, 143]



2024-11-06 13:52:20,007:WARNING:/Users/eugenio/Documents/Notebooks_ArtificialIntelligence/.venv/lib/python3.11/site-packages/pycaret/utils/generic.py:585: UserWarning:

Traceback (most recent call last):
  File "/Users/eugenio/Documents/Notebooks_ArtificialIntelligence/.venv/lib/python3.11/site-packages/pycaret/utils/generic.py", line 580, in _calculate_metric
    calculated_metric = score_func(y_test, target, sample_weight=weights, **kwargs)
                        ^^^^^^^^^^^^^^^^^^^^^^^^^^^^^^^^^^^^^^^^^^^^^^^^^^^^^^^^^^^
TypeError: rmsse() got an unexpected keyword argument 'sample_weight'

During handling of the above exception, another exception occurred:

Traceback (most recent call last):
  File "/Users/eugenio/Documents/Notebooks_ArtificialIntelligence/.venv/lib/python3.11/site-packages/pycaret/utils/generic.py", line 583, in _calculate_metric
    calculated_metric = score_func(y_test, target, **kwargs)
                        ^^^^^^^^^^^^^^^^^^^^^^^^^^^^^^^^^^^^
  File "/Users/eugenio/Documents/Notebooks_ArtificialIntelligence/.venv/lib/python3.11/site-packages/pycaret/containers/metrics/time_series.py", line 185, in rmsse
    return mean_squared_scaled_error(
           ^^^^^^^^^^^^^^^^^^^^^^^^^^
  File "/Users/eugenio/Documents/Notebooks_ArtificialIntelligence/.venv/lib/python3.11/site-packages/sktime/performance_metrics/forecasting/_functions.py", line 680, in mean_squared_scaled_error
    _, y_true, y_pred, multioutput = _check_reg_targets(y_true, y_pred, multioutput)
                                     ^^^^^^^^^^^^^^^^^^^^^^^^^^^^^^^^^^^^^^^^^^^^^^^
  File "/Users/eugenio/Documents/Notebooks_ArtificialIntelligence/.venv/lib/python3.11/site-packages/sklearn/metrics/_regression.py", line 102, in _check_reg_targets
    check_consistent_length(y_true, y_pred)
  File "/Users/eugenio/Documents/Notebooks_ArtificialIntelligence/.venv/lib/python3.11/site-packages/sklearn/utils/validation.py", line 457, in check_consistent_length
    raise ValueError(
ValueError: Found input variables with inconsistent numbers of samples: [1, 143]



2024-11-06 13:52:20,008:WARNING:/Users/eugenio/Documents/Notebooks_ArtificialIntelligence/.venv/lib/python3.11/site-packages/pycaret/utils/generic.py:585: UserWarning:

Traceback (most recent call last):
  File "/Users/eugenio/Documents/Notebooks_ArtificialIntelligence/.venv/lib/python3.11/site-packages/pycaret/utils/generic.py", line 580, in _calculate_metric
    calculated_metric = score_func(y_test, target, sample_weight=weights, **kwargs)
                        ^^^^^^^^^^^^^^^^^^^^^^^^^^^^^^^^^^^^^^^^^^^^^^^^^^^^^^^^^^^
  File "/Users/eugenio/Documents/Notebooks_ArtificialIntelligence/.venv/lib/python3.11/site-packages/sklearn/utils/_param_validation.py", line 213, in wrapper
    return func(*args, **kwargs)
           ^^^^^^^^^^^^^^^^^^^^^
  File "/Users/eugenio/Documents/Notebooks_ArtificialIntelligence/.venv/lib/python3.11/site-packages/sklearn/metrics/_regression.py", line 207, in mean_absolute_error
    y_type, y_true, y_pred, multioutput = _check_reg_targets(
                                          ^^^^^^^^^^^^^^^^^^^
  File "/Users/eugenio/Documents/Notebooks_ArtificialIntelligence/.venv/lib/python3.11/site-packages/sklearn/metrics/_regression.py", line 102, in _check_reg_targets
    check_consistent_length(y_true, y_pred)
  File "/Users/eugenio/Documents/Notebooks_ArtificialIntelligence/.venv/lib/python3.11/site-packages/sklearn/utils/validation.py", line 457, in check_consistent_length
    raise ValueError(
ValueError: Found input variables with inconsistent numbers of samples: [1, 143]

During handling of the above exception, another exception occurred:

Traceback (most recent call last):
  File "/Users/eugenio/Documents/Notebooks_ArtificialIntelligence/.venv/lib/python3.11/site-packages/pycaret/utils/generic.py", line 583, in _calculate_metric
    calculated_metric = score_func(y_test, target, **kwargs)
                        ^^^^^^^^^^^^^^^^^^^^^^^^^^^^^^^^^^^^
  File "/Users/eugenio/Documents/Notebooks_ArtificialIntelligence/.venv/lib/python3.11/site-packages/sklearn/utils/_param_validation.py", line 213, in wrapper
    return func(*args, **kwargs)
           ^^^^^^^^^^^^^^^^^^^^^
  File "/Users/eugenio/Documents/Notebooks_ArtificialIntelligence/.venv/lib/python3.11/site-packages/sklearn/metrics/_regression.py", line 207, in mean_absolute_error
    y_type, y_true, y_pred, multioutput = _check_reg_targets(
                                          ^^^^^^^^^^^^^^^^^^^
  File "/Users/eugenio/Documents/Notebooks_ArtificialIntelligence/.venv/lib/python3.11/site-packages/sklearn/metrics/_regression.py", line 102, in _check_reg_targets
    check_consistent_length(y_true, y_pred)
  File "/Users/eugenio/Documents/Notebooks_ArtificialIntelligence/.venv/lib/python3.11/site-packages/sklearn/utils/validation.py", line 457, in check_consistent_length
    raise ValueError(
ValueError: Found input variables with inconsistent numbers of samples: [1, 143]



2024-11-06 13:52:20,009:WARNING:/Users/eugenio/Documents/Notebooks_ArtificialIntelligence/.venv/lib/python3.11/site-packages/sklearn/metrics/_regression.py:483: FutureWarning:

'squared' is deprecated in version 1.4 and will be removed in 1.6. To calculate the root mean squared error, use the function'root_mean_squared_error'.


2024-11-06 13:52:20,010:WARNING:/Users/eugenio/Documents/Notebooks_ArtificialIntelligence/.venv/lib/python3.11/site-packages/pycaret/utils/generic.py:585: UserWarning:

Traceback (most recent call last):
  File "/Users/eugenio/Documents/Notebooks_ArtificialIntelligence/.venv/lib/python3.11/site-packages/pycaret/utils/generic.py", line 580, in _calculate_metric
    calculated_metric = score_func(y_test, target, sample_weight=weights, **kwargs)
                        ^^^^^^^^^^^^^^^^^^^^^^^^^^^^^^^^^^^^^^^^^^^^^^^^^^^^^^^^^^^
  File "/Users/eugenio/Documents/Notebooks_ArtificialIntelligence/.venv/lib/python3.11/site-packages/sklearn/utils/_param_validation.py", line 213, in wrapper
    return func(*args, **kwargs)
           ^^^^^^^^^^^^^^^^^^^^^
  File "/Users/eugenio/Documents/Notebooks_ArtificialIntelligence/.venv/lib/python3.11/site-packages/sklearn/metrics/_regression.py", line 493, in mean_squared_error
    return root_mean_squared_error(
           ^^^^^^^^^^^^^^^^^^^^^^^^
  File "/Users/eugenio/Documents/Notebooks_ArtificialIntelligence/.venv/lib/python3.11/site-packages/sklearn/utils/_param_validation.py", line 186, in wrapper
    return func(*args, **kwargs)
           ^^^^^^^^^^^^^^^^^^^^^
  File "/Users/eugenio/Documents/Notebooks_ArtificialIntelligence/.venv/lib/python3.11/site-packages/sklearn/metrics/_regression.py", line 572, in root_mean_squared_error
    mean_squared_error(
  File "/Users/eugenio/Documents/Notebooks_ArtificialIntelligence/.venv/lib/python3.11/site-packages/sklearn/utils/_param_validation.py", line 186, in wrapper
    return func(*args, **kwargs)
           ^^^^^^^^^^^^^^^^^^^^^
  File "/Users/eugenio/Documents/Notebooks_ArtificialIntelligence/.venv/lib/python3.11/site-packages/sklearn/metrics/_regression.py", line 497, in mean_squared_error
    y_type, y_true, y_pred, multioutput = _check_reg_targets(
                                          ^^^^^^^^^^^^^^^^^^^
  File "/Users/eugenio/Documents/Notebooks_ArtificialIntelligence/.venv/lib/python3.11/site-packages/sklearn/metrics/_regression.py", line 102, in _check_reg_targets
    check_consistent_length(y_true, y_pred)
  File "/Users/eugenio/Documents/Notebooks_ArtificialIntelligence/.venv/lib/python3.11/site-packages/sklearn/utils/validation.py", line 457, in check_consistent_length
    raise ValueError(
ValueError: Found input variables with inconsistent numbers of samples: [1, 143]

During handling of the above exception, another exception occurred:

Traceback (most recent call last):
  File "/Users/eugenio/Documents/Notebooks_ArtificialIntelligence/.venv/lib/python3.11/site-packages/pycaret/utils/generic.py", line 583, in _calculate_metric
    calculated_metric = score_func(y_test, target, **kwargs)
                        ^^^^^^^^^^^^^^^^^^^^^^^^^^^^^^^^^^^^
  File "/Users/eugenio/Documents/Notebooks_ArtificialIntelligence/.venv/lib/python3.11/site-packages/sklearn/utils/_param_validation.py", line 213, in wrapper
    return func(*args, **kwargs)
           ^^^^^^^^^^^^^^^^^^^^^
  File "/Users/eugenio/Documents/Notebooks_ArtificialIntelligence/.venv/lib/python3.11/site-packages/sklearn/metrics/_regression.py", line 493, in mean_squared_error
    return root_mean_squared_error(
           ^^^^^^^^^^^^^^^^^^^^^^^^
  File "/Users/eugenio/Documents/Notebooks_ArtificialIntelligence/.venv/lib/python3.11/site-packages/sklearn/utils/_param_validation.py", line 186, in wrapper
    return func(*args, **kwargs)
           ^^^^^^^^^^^^^^^^^^^^^
  File "/Users/eugenio/Documents/Notebooks_ArtificialIntelligence/.venv/lib/python3.11/site-packages/sklearn/metrics/_regression.py", line 572, in root_mean_squared_error
    mean_squared_error(
  File "/Users/eugenio/Documents/Notebooks_ArtificialIntelligence/.venv/lib/python3.11/site-packages/sklearn/utils/_param_validation.py", line 186, in wrapper
    return func(*args, **kwargs)
           ^^^^^^^^^^^^^^^^^^^^^
  File "/Users/eugenio/Documents/Notebooks_ArtificialIntelligence/.venv/lib/python3.11/site-packages/sklearn/metrics/_regression.py", line 497, in mean_squared_error
    y_type, y_true, y_pred, multioutput = _check_reg_targets(
                                          ^^^^^^^^^^^^^^^^^^^
  File "/Users/eugenio/Documents/Notebooks_ArtificialIntelligence/.venv/lib/python3.11/site-packages/sklearn/metrics/_regression.py", line 102, in _check_reg_targets
    check_consistent_length(y_true, y_pred)
  File "/Users/eugenio/Documents/Notebooks_ArtificialIntelligence/.venv/lib/python3.11/site-packages/sklearn/utils/validation.py", line 457, in check_consistent_length
    raise ValueError(
ValueError: Found input variables with inconsistent numbers of samples: [1, 143]



2024-11-06 13:52:20,011:WARNING:/Users/eugenio/Documents/Notebooks_ArtificialIntelligence/.venv/lib/python3.11/site-packages/pycaret/utils/generic.py:585: UserWarning:

Traceback (most recent call last):
  File "/Users/eugenio/Documents/Notebooks_ArtificialIntelligence/.venv/lib/python3.11/site-packages/pycaret/utils/generic.py", line 580, in _calculate_metric
    calculated_metric = score_func(y_test, target, sample_weight=weights, **kwargs)
                        ^^^^^^^^^^^^^^^^^^^^^^^^^^^^^^^^^^^^^^^^^^^^^^^^^^^^^^^^^^^
  File "/Users/eugenio/Documents/Notebooks_ArtificialIntelligence/.venv/lib/python3.11/site-packages/pycaret/containers/metrics/time_series.py", line 168, in mape
    return mean_absolute_percentage_error(
           ^^^^^^^^^^^^^^^^^^^^^^^^^^^^^^^
  File "/Users/eugenio/Documents/Notebooks_ArtificialIntelligence/.venv/lib/python3.11/site-packages/sktime/performance_metrics/forecasting/_functions.py", line 1537, in mean_absolute_percentage_error
    _, y_true, y_pred, multioutput = _check_reg_targets(y_true, y_pred, multioutput)
                                     ^^^^^^^^^^^^^^^^^^^^^^^^^^^^^^^^^^^^^^^^^^^^^^^
  File "/Users/eugenio/Documents/Notebooks_ArtificialIntelligence/.venv/lib/python3.11/site-packages/sklearn/metrics/_regression.py", line 102, in _check_reg_targets
    check_consistent_length(y_true, y_pred)
  File "/Users/eugenio/Documents/Notebooks_ArtificialIntelligence/.venv/lib/python3.11/site-packages/sklearn/utils/validation.py", line 457, in check_consistent_length
    raise ValueError(
ValueError: Found input variables with inconsistent numbers of samples: [1, 143]

During handling of the above exception, another exception occurred:

Traceback (most recent call last):
  File "/Users/eugenio/Documents/Notebooks_ArtificialIntelligence/.venv/lib/python3.11/site-packages/pycaret/utils/generic.py", line 583, in _calculate_metric
    calculated_metric = score_func(y_test, target, **kwargs)
                        ^^^^^^^^^^^^^^^^^^^^^^^^^^^^^^^^^^^^
  File "/Users/eugenio/Documents/Notebooks_ArtificialIntelligence/.venv/lib/python3.11/site-packages/pycaret/containers/metrics/time_series.py", line 168, in mape
    return mean_absolute_percentage_error(
           ^^^^^^^^^^^^^^^^^^^^^^^^^^^^^^^
  File "/Users/eugenio/Documents/Notebooks_ArtificialIntelligence/.venv/lib/python3.11/site-packages/sktime/performance_metrics/forecasting/_functions.py", line 1537, in mean_absolute_percentage_error
    _, y_true, y_pred, multioutput = _check_reg_targets(y_true, y_pred, multioutput)
                                     ^^^^^^^^^^^^^^^^^^^^^^^^^^^^^^^^^^^^^^^^^^^^^^^
  File "/Users/eugenio/Documents/Notebooks_ArtificialIntelligence/.venv/lib/python3.11/site-packages/sklearn/metrics/_regression.py", line 102, in _check_reg_targets
    check_consistent_length(y_true, y_pred)
  File "/Users/eugenio/Documents/Notebooks_ArtificialIntelligence/.venv/lib/python3.11/site-packages/sklearn/utils/validation.py", line 457, in check_consistent_length
    raise ValueError(
ValueError: Found input variables with inconsistent numbers of samples: [1, 143]



2024-11-06 13:52:20,012:WARNING:/Users/eugenio/Documents/Notebooks_ArtificialIntelligence/.venv/lib/python3.11/site-packages/pycaret/utils/generic.py:585: UserWarning:

Traceback (most recent call last):
  File "/Users/eugenio/Documents/Notebooks_ArtificialIntelligence/.venv/lib/python3.11/site-packages/pycaret/utils/generic.py", line 580, in _calculate_metric
    calculated_metric = score_func(y_test, target, sample_weight=weights, **kwargs)
                        ^^^^^^^^^^^^^^^^^^^^^^^^^^^^^^^^^^^^^^^^^^^^^^^^^^^^^^^^^^^
  File "/Users/eugenio/Documents/Notebooks_ArtificialIntelligence/.venv/lib/python3.11/site-packages/pycaret/containers/metrics/time_series.py", line 159, in _smape_loss
    return mean_absolute_percentage_error(
           ^^^^^^^^^^^^^^^^^^^^^^^^^^^^^^^
  File "/Users/eugenio/Documents/Notebooks_ArtificialIntelligence/.venv/lib/python3.11/site-packages/sktime/performance_metrics/forecasting/_functions.py", line 1537, in mean_absolute_percentage_error
    _, y_true, y_pred, multioutput = _check_reg_targets(y_true, y_pred, multioutput)
                                     ^^^^^^^^^^^^^^^^^^^^^^^^^^^^^^^^^^^^^^^^^^^^^^^
  File "/Users/eugenio/Documents/Notebooks_ArtificialIntelligence/.venv/lib/python3.11/site-packages/sklearn/metrics/_regression.py", line 102, in _check_reg_targets
    check_consistent_length(y_true, y_pred)
  File "/Users/eugenio/Documents/Notebooks_ArtificialIntelligence/.venv/lib/python3.11/site-packages/sklearn/utils/validation.py", line 457, in check_consistent_length
    raise ValueError(
ValueError: Found input variables with inconsistent numbers of samples: [1, 143]

During handling of the above exception, another exception occurred:

Traceback (most recent call last):
  File "/Users/eugenio/Documents/Notebooks_ArtificialIntelligence/.venv/lib/python3.11/site-packages/pycaret/utils/generic.py", line 583, in _calculate_metric
    calculated_metric = score_func(y_test, target, **kwargs)
                        ^^^^^^^^^^^^^^^^^^^^^^^^^^^^^^^^^^^^
  File "/Users/eugenio/Documents/Notebooks_ArtificialIntelligence/.venv/lib/python3.11/site-packages/pycaret/containers/metrics/time_series.py", line 159, in _smape_loss
    return mean_absolute_percentage_error(
           ^^^^^^^^^^^^^^^^^^^^^^^^^^^^^^^
  File "/Users/eugenio/Documents/Notebooks_ArtificialIntelligence/.venv/lib/python3.11/site-packages/sktime/performance_metrics/forecasting/_functions.py", line 1537, in mean_absolute_percentage_error
    _, y_true, y_pred, multioutput = _check_reg_targets(y_true, y_pred, multioutput)
                                     ^^^^^^^^^^^^^^^^^^^^^^^^^^^^^^^^^^^^^^^^^^^^^^^
  File "/Users/eugenio/Documents/Notebooks_ArtificialIntelligence/.venv/lib/python3.11/site-packages/sklearn/metrics/_regression.py", line 102, in _check_reg_targets
    check_consistent_length(y_true, y_pred)
  File "/Users/eugenio/Documents/Notebooks_ArtificialIntelligence/.venv/lib/python3.11/site-packages/sklearn/utils/validation.py", line 457, in check_consistent_length
    raise ValueError(
ValueError: Found input variables with inconsistent numbers of samples: [1, 143]



2024-11-06 13:52:20,014:WARNING:predict_model >> Prediction Indices do not match test indices. Metrics will not be displayed.
2024-11-06 13:52:20,403:INFO:Visual Rendered Successfully
2024-11-06 13:52:30,379:WARNING:/Users/eugenio/Documents/Notebooks_ArtificialIntelligence/.venv/lib/python3.11/site-packages/pycaret/utils/generic.py:585: UserWarning:

Traceback (most recent call last):
  File "/Users/eugenio/Documents/Notebooks_ArtificialIntelligence/.venv/lib/python3.11/site-packages/pycaret/utils/generic.py", line 580, in _calculate_metric
    calculated_metric = score_func(y_test, target, sample_weight=weights, **kwargs)
                        ^^^^^^^^^^^^^^^^^^^^^^^^^^^^^^^^^^^^^^^^^^^^^^^^^^^^^^^^^^^
TypeError: mase() got an unexpected keyword argument 'sample_weight'

During handling of the above exception, another exception occurred:

Traceback (most recent call last):
  File "/Users/eugenio/Documents/Notebooks_ArtificialIntelligence/.venv/lib/python3.11/site-packages/pycaret/utils/generic.py", line 583, in _calculate_metric
    calculated_metric = score_func(y_test, target, **kwargs)
                        ^^^^^^^^^^^^^^^^^^^^^^^^^^^^^^^^^^^^
  File "/Users/eugenio/Documents/Notebooks_ArtificialIntelligence/.venv/lib/python3.11/site-packages/pycaret/containers/metrics/time_series.py", line 175, in mase
    return mean_absolute_scaled_error(
           ^^^^^^^^^^^^^^^^^^^^^^^^^^^
  File "/Users/eugenio/Documents/Notebooks_ArtificialIntelligence/.venv/lib/python3.11/site-packages/sktime/performance_metrics/forecasting/_functions.py", line 417, in mean_absolute_scaled_error
    _, y_true, y_pred, multioutput = _check_reg_targets(y_true, y_pred, multioutput)
                                     ^^^^^^^^^^^^^^^^^^^^^^^^^^^^^^^^^^^^^^^^^^^^^^^
  File "/Users/eugenio/Documents/Notebooks_ArtificialIntelligence/.venv/lib/python3.11/site-packages/sklearn/metrics/_regression.py", line 102, in _check_reg_targets
    check_consistent_length(y_true, y_pred)
  File "/Users/eugenio/Documents/Notebooks_ArtificialIntelligence/.venv/lib/python3.11/site-packages/sklearn/utils/validation.py", line 457, in check_consistent_length
    raise ValueError(
ValueError: Found input variables with inconsistent numbers of samples: [1, 143]



2024-11-06 13:52:30,381:WARNING:/Users/eugenio/Documents/Notebooks_ArtificialIntelligence/.venv/lib/python3.11/site-packages/pycaret/utils/generic.py:585: UserWarning:

Traceback (most recent call last):
  File "/Users/eugenio/Documents/Notebooks_ArtificialIntelligence/.venv/lib/python3.11/site-packages/pycaret/utils/generic.py", line 580, in _calculate_metric
    calculated_metric = score_func(y_test, target, sample_weight=weights, **kwargs)
                        ^^^^^^^^^^^^^^^^^^^^^^^^^^^^^^^^^^^^^^^^^^^^^^^^^^^^^^^^^^^
TypeError: rmsse() got an unexpected keyword argument 'sample_weight'

During handling of the above exception, another exception occurred:

Traceback (most recent call last):
  File "/Users/eugenio/Documents/Notebooks_ArtificialIntelligence/.venv/lib/python3.11/site-packages/pycaret/utils/generic.py", line 583, in _calculate_metric
    calculated_metric = score_func(y_test, target, **kwargs)
                        ^^^^^^^^^^^^^^^^^^^^^^^^^^^^^^^^^^^^
  File "/Users/eugenio/Documents/Notebooks_ArtificialIntelligence/.venv/lib/python3.11/site-packages/pycaret/containers/metrics/time_series.py", line 185, in rmsse
    return mean_squared_scaled_error(
           ^^^^^^^^^^^^^^^^^^^^^^^^^^
  File "/Users/eugenio/Documents/Notebooks_ArtificialIntelligence/.venv/lib/python3.11/site-packages/sktime/performance_metrics/forecasting/_functions.py", line 680, in mean_squared_scaled_error
    _, y_true, y_pred, multioutput = _check_reg_targets(y_true, y_pred, multioutput)
                                     ^^^^^^^^^^^^^^^^^^^^^^^^^^^^^^^^^^^^^^^^^^^^^^^
  File "/Users/eugenio/Documents/Notebooks_ArtificialIntelligence/.venv/lib/python3.11/site-packages/sklearn/metrics/_regression.py", line 102, in _check_reg_targets
    check_consistent_length(y_true, y_pred)
  File "/Users/eugenio/Documents/Notebooks_ArtificialIntelligence/.venv/lib/python3.11/site-packages/sklearn/utils/validation.py", line 457, in check_consistent_length
    raise ValueError(
ValueError: Found input variables with inconsistent numbers of samples: [1, 143]



2024-11-06 13:52:30,385:WARNING:/Users/eugenio/Documents/Notebooks_ArtificialIntelligence/.venv/lib/python3.11/site-packages/pycaret/utils/generic.py:585: UserWarning:

Traceback (most recent call last):
  File "/Users/eugenio/Documents/Notebooks_ArtificialIntelligence/.venv/lib/python3.11/site-packages/pycaret/utils/generic.py", line 580, in _calculate_metric
    calculated_metric = score_func(y_test, target, sample_weight=weights, **kwargs)
                        ^^^^^^^^^^^^^^^^^^^^^^^^^^^^^^^^^^^^^^^^^^^^^^^^^^^^^^^^^^^
  File "/Users/eugenio/Documents/Notebooks_ArtificialIntelligence/.venv/lib/python3.11/site-packages/sklearn/utils/_param_validation.py", line 213, in wrapper
    return func(*args, **kwargs)
           ^^^^^^^^^^^^^^^^^^^^^
  File "/Users/eugenio/Documents/Notebooks_ArtificialIntelligence/.venv/lib/python3.11/site-packages/sklearn/metrics/_regression.py", line 207, in mean_absolute_error
    y_type, y_true, y_pred, multioutput = _check_reg_targets(
                                          ^^^^^^^^^^^^^^^^^^^
  File "/Users/eugenio/Documents/Notebooks_ArtificialIntelligence/.venv/lib/python3.11/site-packages/sklearn/metrics/_regression.py", line 102, in _check_reg_targets
    check_consistent_length(y_true, y_pred)
  File "/Users/eugenio/Documents/Notebooks_ArtificialIntelligence/.venv/lib/python3.11/site-packages/sklearn/utils/validation.py", line 457, in check_consistent_length
    raise ValueError(
ValueError: Found input variables with inconsistent numbers of samples: [1, 143]

During handling of the above exception, another exception occurred:

Traceback (most recent call last):
  File "/Users/eugenio/Documents/Notebooks_ArtificialIntelligence/.venv/lib/python3.11/site-packages/pycaret/utils/generic.py", line 583, in _calculate_metric
    calculated_metric = score_func(y_test, target, **kwargs)
                        ^^^^^^^^^^^^^^^^^^^^^^^^^^^^^^^^^^^^
  File "/Users/eugenio/Documents/Notebooks_ArtificialIntelligence/.venv/lib/python3.11/site-packages/sklearn/utils/_param_validation.py", line 213, in wrapper
    return func(*args, **kwargs)
           ^^^^^^^^^^^^^^^^^^^^^
  File "/Users/eugenio/Documents/Notebooks_ArtificialIntelligence/.venv/lib/python3.11/site-packages/sklearn/metrics/_regression.py", line 207, in mean_absolute_error
    y_type, y_true, y_pred, multioutput = _check_reg_targets(
                                          ^^^^^^^^^^^^^^^^^^^
  File "/Users/eugenio/Documents/Notebooks_ArtificialIntelligence/.venv/lib/python3.11/site-packages/sklearn/metrics/_regression.py", line 102, in _check_reg_targets
    check_consistent_length(y_true, y_pred)
  File "/Users/eugenio/Documents/Notebooks_ArtificialIntelligence/.venv/lib/python3.11/site-packages/sklearn/utils/validation.py", line 457, in check_consistent_length
    raise ValueError(
ValueError: Found input variables with inconsistent numbers of samples: [1, 143]



2024-11-06 13:52:30,387:WARNING:/Users/eugenio/Documents/Notebooks_ArtificialIntelligence/.venv/lib/python3.11/site-packages/sklearn/metrics/_regression.py:483: FutureWarning:

'squared' is deprecated in version 1.4 and will be removed in 1.6. To calculate the root mean squared error, use the function'root_mean_squared_error'.


2024-11-06 13:52:30,389:WARNING:/Users/eugenio/Documents/Notebooks_ArtificialIntelligence/.venv/lib/python3.11/site-packages/pycaret/utils/generic.py:585: UserWarning:

Traceback (most recent call last):
  File "/Users/eugenio/Documents/Notebooks_ArtificialIntelligence/.venv/lib/python3.11/site-packages/pycaret/utils/generic.py", line 580, in _calculate_metric
    calculated_metric = score_func(y_test, target, sample_weight=weights, **kwargs)
                        ^^^^^^^^^^^^^^^^^^^^^^^^^^^^^^^^^^^^^^^^^^^^^^^^^^^^^^^^^^^
  File "/Users/eugenio/Documents/Notebooks_ArtificialIntelligence/.venv/lib/python3.11/site-packages/sklearn/utils/_param_validation.py", line 213, in wrapper
    return func(*args, **kwargs)
           ^^^^^^^^^^^^^^^^^^^^^
  File "/Users/eugenio/Documents/Notebooks_ArtificialIntelligence/.venv/lib/python3.11/site-packages/sklearn/metrics/_regression.py", line 493, in mean_squared_error
    return root_mean_squared_error(
           ^^^^^^^^^^^^^^^^^^^^^^^^
  File "/Users/eugenio/Documents/Notebooks_ArtificialIntelligence/.venv/lib/python3.11/site-packages/sklearn/utils/_param_validation.py", line 186, in wrapper
    return func(*args, **kwargs)
           ^^^^^^^^^^^^^^^^^^^^^
  File "/Users/eugenio/Documents/Notebooks_ArtificialIntelligence/.venv/lib/python3.11/site-packages/sklearn/metrics/_regression.py", line 572, in root_mean_squared_error
    mean_squared_error(
  File "/Users/eugenio/Documents/Notebooks_ArtificialIntelligence/.venv/lib/python3.11/site-packages/sklearn/utils/_param_validation.py", line 186, in wrapper
    return func(*args, **kwargs)
           ^^^^^^^^^^^^^^^^^^^^^
  File "/Users/eugenio/Documents/Notebooks_ArtificialIntelligence/.venv/lib/python3.11/site-packages/sklearn/metrics/_regression.py", line 497, in mean_squared_error
    y_type, y_true, y_pred, multioutput = _check_reg_targets(
                                          ^^^^^^^^^^^^^^^^^^^
  File "/Users/eugenio/Documents/Notebooks_ArtificialIntelligence/.venv/lib/python3.11/site-packages/sklearn/metrics/_regression.py", line 102, in _check_reg_targets
    check_consistent_length(y_true, y_pred)
  File "/Users/eugenio/Documents/Notebooks_ArtificialIntelligence/.venv/lib/python3.11/site-packages/sklearn/utils/validation.py", line 457, in check_consistent_length
    raise ValueError(
ValueError: Found input variables with inconsistent numbers of samples: [1, 143]

During handling of the above exception, another exception occurred:

Traceback (most recent call last):
  File "/Users/eugenio/Documents/Notebooks_ArtificialIntelligence/.venv/lib/python3.11/site-packages/pycaret/utils/generic.py", line 583, in _calculate_metric
    calculated_metric = score_func(y_test, target, **kwargs)
                        ^^^^^^^^^^^^^^^^^^^^^^^^^^^^^^^^^^^^
  File "/Users/eugenio/Documents/Notebooks_ArtificialIntelligence/.venv/lib/python3.11/site-packages/sklearn/utils/_param_validation.py", line 213, in wrapper
    return func(*args, **kwargs)
           ^^^^^^^^^^^^^^^^^^^^^
  File "/Users/eugenio/Documents/Notebooks_ArtificialIntelligence/.venv/lib/python3.11/site-packages/sklearn/metrics/_regression.py", line 493, in mean_squared_error
    return root_mean_squared_error(
           ^^^^^^^^^^^^^^^^^^^^^^^^
  File "/Users/eugenio/Documents/Notebooks_ArtificialIntelligence/.venv/lib/python3.11/site-packages/sklearn/utils/_param_validation.py", line 186, in wrapper
    return func(*args, **kwargs)
           ^^^^^^^^^^^^^^^^^^^^^
  File "/Users/eugenio/Documents/Notebooks_ArtificialIntelligence/.venv/lib/python3.11/site-packages/sklearn/metrics/_regression.py", line 572, in root_mean_squared_error
    mean_squared_error(
  File "/Users/eugenio/Documents/Notebooks_ArtificialIntelligence/.venv/lib/python3.11/site-packages/sklearn/utils/_param_validation.py", line 186, in wrapper
    return func(*args, **kwargs)
           ^^^^^^^^^^^^^^^^^^^^^
  File "/Users/eugenio/Documents/Notebooks_ArtificialIntelligence/.venv/lib/python3.11/site-packages/sklearn/metrics/_regression.py", line 497, in mean_squared_error
    y_type, y_true, y_pred, multioutput = _check_reg_targets(
                                          ^^^^^^^^^^^^^^^^^^^
  File "/Users/eugenio/Documents/Notebooks_ArtificialIntelligence/.venv/lib/python3.11/site-packages/sklearn/metrics/_regression.py", line 102, in _check_reg_targets
    check_consistent_length(y_true, y_pred)
  File "/Users/eugenio/Documents/Notebooks_ArtificialIntelligence/.venv/lib/python3.11/site-packages/sklearn/utils/validation.py", line 457, in check_consistent_length
    raise ValueError(
ValueError: Found input variables with inconsistent numbers of samples: [1, 143]



2024-11-06 13:52:30,390:WARNING:/Users/eugenio/Documents/Notebooks_ArtificialIntelligence/.venv/lib/python3.11/site-packages/pycaret/utils/generic.py:585: UserWarning:

Traceback (most recent call last):
  File "/Users/eugenio/Documents/Notebooks_ArtificialIntelligence/.venv/lib/python3.11/site-packages/pycaret/utils/generic.py", line 580, in _calculate_metric
    calculated_metric = score_func(y_test, target, sample_weight=weights, **kwargs)
                        ^^^^^^^^^^^^^^^^^^^^^^^^^^^^^^^^^^^^^^^^^^^^^^^^^^^^^^^^^^^
  File "/Users/eugenio/Documents/Notebooks_ArtificialIntelligence/.venv/lib/python3.11/site-packages/pycaret/containers/metrics/time_series.py", line 168, in mape
    return mean_absolute_percentage_error(
           ^^^^^^^^^^^^^^^^^^^^^^^^^^^^^^^
  File "/Users/eugenio/Documents/Notebooks_ArtificialIntelligence/.venv/lib/python3.11/site-packages/sktime/performance_metrics/forecasting/_functions.py", line 1537, in mean_absolute_percentage_error
    _, y_true, y_pred, multioutput = _check_reg_targets(y_true, y_pred, multioutput)
                                     ^^^^^^^^^^^^^^^^^^^^^^^^^^^^^^^^^^^^^^^^^^^^^^^
  File "/Users/eugenio/Documents/Notebooks_ArtificialIntelligence/.venv/lib/python3.11/site-packages/sklearn/metrics/_regression.py", line 102, in _check_reg_targets
    check_consistent_length(y_true, y_pred)
  File "/Users/eugenio/Documents/Notebooks_ArtificialIntelligence/.venv/lib/python3.11/site-packages/sklearn/utils/validation.py", line 457, in check_consistent_length
    raise ValueError(
ValueError: Found input variables with inconsistent numbers of samples: [1, 143]

During handling of the above exception, another exception occurred:

Traceback (most recent call last):
  File "/Users/eugenio/Documents/Notebooks_ArtificialIntelligence/.venv/lib/python3.11/site-packages/pycaret/utils/generic.py", line 583, in _calculate_metric
    calculated_metric = score_func(y_test, target, **kwargs)
                        ^^^^^^^^^^^^^^^^^^^^^^^^^^^^^^^^^^^^
  File "/Users/eugenio/Documents/Notebooks_ArtificialIntelligence/.venv/lib/python3.11/site-packages/pycaret/containers/metrics/time_series.py", line 168, in mape
    return mean_absolute_percentage_error(
           ^^^^^^^^^^^^^^^^^^^^^^^^^^^^^^^
  File "/Users/eugenio/Documents/Notebooks_ArtificialIntelligence/.venv/lib/python3.11/site-packages/sktime/performance_metrics/forecasting/_functions.py", line 1537, in mean_absolute_percentage_error
    _, y_true, y_pred, multioutput = _check_reg_targets(y_true, y_pred, multioutput)
                                     ^^^^^^^^^^^^^^^^^^^^^^^^^^^^^^^^^^^^^^^^^^^^^^^
  File "/Users/eugenio/Documents/Notebooks_ArtificialIntelligence/.venv/lib/python3.11/site-packages/sklearn/metrics/_regression.py", line 102, in _check_reg_targets
    check_consistent_length(y_true, y_pred)
  File "/Users/eugenio/Documents/Notebooks_ArtificialIntelligence/.venv/lib/python3.11/site-packages/sklearn/utils/validation.py", line 457, in check_consistent_length
    raise ValueError(
ValueError: Found input variables with inconsistent numbers of samples: [1, 143]



2024-11-06 13:52:30,391:WARNING:/Users/eugenio/Documents/Notebooks_ArtificialIntelligence/.venv/lib/python3.11/site-packages/pycaret/utils/generic.py:585: UserWarning:

Traceback (most recent call last):
  File "/Users/eugenio/Documents/Notebooks_ArtificialIntelligence/.venv/lib/python3.11/site-packages/pycaret/utils/generic.py", line 580, in _calculate_metric
    calculated_metric = score_func(y_test, target, sample_weight=weights, **kwargs)
                        ^^^^^^^^^^^^^^^^^^^^^^^^^^^^^^^^^^^^^^^^^^^^^^^^^^^^^^^^^^^
  File "/Users/eugenio/Documents/Notebooks_ArtificialIntelligence/.venv/lib/python3.11/site-packages/pycaret/containers/metrics/time_series.py", line 159, in _smape_loss
    return mean_absolute_percentage_error(
           ^^^^^^^^^^^^^^^^^^^^^^^^^^^^^^^
  File "/Users/eugenio/Documents/Notebooks_ArtificialIntelligence/.venv/lib/python3.11/site-packages/sktime/performance_metrics/forecasting/_functions.py", line 1537, in mean_absolute_percentage_error
    _, y_true, y_pred, multioutput = _check_reg_targets(y_true, y_pred, multioutput)
                                     ^^^^^^^^^^^^^^^^^^^^^^^^^^^^^^^^^^^^^^^^^^^^^^^
  File "/Users/eugenio/Documents/Notebooks_ArtificialIntelligence/.venv/lib/python3.11/site-packages/sklearn/metrics/_regression.py", line 102, in _check_reg_targets
    check_consistent_length(y_true, y_pred)
  File "/Users/eugenio/Documents/Notebooks_ArtificialIntelligence/.venv/lib/python3.11/site-packages/sklearn/utils/validation.py", line 457, in check_consistent_length
    raise ValueError(
ValueError: Found input variables with inconsistent numbers of samples: [1, 143]

During handling of the above exception, another exception occurred:

Traceback (most recent call last):
  File "/Users/eugenio/Documents/Notebooks_ArtificialIntelligence/.venv/lib/python3.11/site-packages/pycaret/utils/generic.py", line 583, in _calculate_metric
    calculated_metric = score_func(y_test, target, **kwargs)
                        ^^^^^^^^^^^^^^^^^^^^^^^^^^^^^^^^^^^^
  File "/Users/eugenio/Documents/Notebooks_ArtificialIntelligence/.venv/lib/python3.11/site-packages/pycaret/containers/metrics/time_series.py", line 159, in _smape_loss
    return mean_absolute_percentage_error(
           ^^^^^^^^^^^^^^^^^^^^^^^^^^^^^^^
  File "/Users/eugenio/Documents/Notebooks_ArtificialIntelligence/.venv/lib/python3.11/site-packages/sktime/performance_metrics/forecasting/_functions.py", line 1537, in mean_absolute_percentage_error
    _, y_true, y_pred, multioutput = _check_reg_targets(y_true, y_pred, multioutput)
                                     ^^^^^^^^^^^^^^^^^^^^^^^^^^^^^^^^^^^^^^^^^^^^^^^
  File "/Users/eugenio/Documents/Notebooks_ArtificialIntelligence/.venv/lib/python3.11/site-packages/sklearn/metrics/_regression.py", line 102, in _check_reg_targets
    check_consistent_length(y_true, y_pred)
  File "/Users/eugenio/Documents/Notebooks_ArtificialIntelligence/.venv/lib/python3.11/site-packages/sklearn/utils/validation.py", line 457, in check_consistent_length
    raise ValueError(
ValueError: Found input variables with inconsistent numbers of samples: [1, 143]



2024-11-06 13:52:30,394:WARNING:predict_model >> Prediction Indices do not match test indices. Metrics will not be displayed.
2024-11-06 13:52:30,846:INFO:Visual Rendered Successfully
