Id,Credit_Score,Usage
0,Good,Public
1,Poor,Public
2,Good,Public
3,Poor,Public
4,Good,Public
5,Poor,Public
6,Good,Public
7,Poor,Public
8,Good,Public
9,Standard,Public
10,Standard,Public
11,Poor,Public
12,Standard,Public
13,Poor,Public
14,Poor,Public
15,Standard,Public
16,Good,Public
17,Poor,Public
18,Standard,Public
19,Standard,Public
20,Standard,Public
21,Poor,Public
22,Good,Public
23,Standard,Public
24,Poor,Public
25,Good,Public
26,Good,Public
27,Standard,Public
28,Poor,Public
29,Poor,Public
30,Poor,Public
31,Poor,Public
32,Standard,Public
33,Poor,Public
34,Standard,Public
35,Good,Public
36,Standard,Public
37,Poor,Public
38,Good,Public
39,Poor,Public
40,Poor,Public
41,Standard,Public
42,Standard,Public
43,Standard,Public
44,Standard,Public
45,Standard,Public
46,Poor,Public
47,Good,Public
48,Poor,Public
49,Poor,Public
50,Standard,Public
51,Standard,Public
52,Good,Public
53,Good,Public
54,Good,Public
55,Standard,Public
56,Standard,Public
57,Good,Public
58,Standard,Public
59,Standard,Public
60,Standard,Public
61,Standard,Public
62,Poor,Public
63,Good,Public
64,Standard,Public
65,Standard,Public
66,Poor,Public
67,Standard,Public
68,Good,Public
69,Good,Public
70,Good,Public
71,Standard,Public
72,Standard,Public
73,Standard,Public
74,Standard,Public
75,Poor,Public
76,Good,Public
77,Good,Public
78,Standard,Public
79,Poor,Public
80,Standard,Public
81,Standard,Public
82,Standard,Public
83,Poor,Public
84,Standard,Public
85,Standard,Public
86,Standard,Public
87,Standard,Public
88,Poor,Public
89,Good,Public
90,Standard,Public
91,Standard,Public
92,Standard,Public
93,Standard,Public
94,Standard,Public
95,Poor,Public
96,Poor,Public
97,Standard,Public
98,Good,Public
99,Poor,Public
100,Poor,Public
101,Standard,Public
102,Good,Public
103,Standard,Public
104,Good,Public
105,Poor,Public
106,Poor,Public
107,Standard,Public
108,Good,Public
109,Good,Public
110,Standard,Public
111,Poor,Public
112,Poor,Public
113,Standard,Public
114,Standard,Public
115,Poor,Public
116,Standard,Public
117,Standard,Public
118,Poor,Public
119,Poor,Public
120,Poor,Public
121,Good,Public
122,Standard,Public
123,Standard,Public
124,Standard,Public
125,Standard,Public
126,Standard,Public
127,Poor,Public
128,Standard,Public
129,Standard,Public
130,Standard,Public
131,Poor,Public
132,Poor,Public
133,Poor,Public
134,Standard,Public
135,Standard,Public
136,Standard,Public
137,Poor,Public
138,Poor,Public
139,Good,Public
140,Poor,Public
141,Standard,Public
142,Poor,Public
143,Standard,Public
144,Standard,Public
145,Standard,Public
146,Standard,Public
147,Standard,Public
148,Poor,Public
149,Poor,Public
150,Standard,Public
151,Standard,Public
152,Standard,Public
153,Standard,Public
154,Standard,Public
155,Poor,Public
156,Good,Public
157,Good,Public
158,Standard,Public
159,Standard,Public
160,Good,Public
161,Standard,Public
162,Standard,Public
163,Good,Public
164,Standard,Public
165,Standard,Public
166,Good,Public
167,Good,Public
168,Good,Public
169,Poor,Public
170,Standard,Public
171,Standard,Public
172,Standard,Public
173,Good,Public
174,Good,Public
175,Poor,Public
176,Good,Public
177,Standard,Public
178,Poor,Public
179,Standard,Public
180,Standard,Public
181,Standard,Public
182,Standard,Public
183,Standard,Public
184,Standard,Public
185,Good,Public
186,Standard,Public
187,Poor,Public
188,Poor,Public
189,Poor,Public
190,Poor,Public
191,Standard,Public
192,Good,Public
193,Standard,Public
194,Standard,Public
195,Good,Public
196,Standard,Public
197,Poor,Public
198,Poor,Public
199,Good,Public
200,Standard,Public
201,Standard,Public
202,Standard,Public
203,Poor,Public
204,Good,Public
205,Poor,Public
206,Poor,Public
207,Standard,Public
208,Poor,Public
209,Good,Public
210,Standard,Public
211,Standard,Public
212,Poor,Public
213,Poor,Public
214,Standard,Public
215,Good,Public
216,Good,Public
217,Standard,Public
218,Poor,Public
219,Standard,Public
220,Standard,Public
221,Standard,Public
222,Standard,Public
223,Standard,Public
224,Poor,Public
225,Good,Public
226,Standard,Public
227,Poor,Public
228,Standard,Public
229,Standard,Public
230,Standard,Public
231,Standard,Public
232,Standard,Public
233,Standard,Public
234,Good,Public
235,Standard,Public
236,Poor,Public
237,Good,Public
238,Poor,Public
239,Poor,Public
240,Standard,Public
241,Standard,Public
242,Standard,Public
243,Poor,Public
244,Poor,Public
245,Standard,Public
246,Poor,Public
247,Standard,Public
248,Poor,Public
249,Standard,Public
250,Standard,Public
251,Standard,Public
252,Good,Public
253,Poor,Public
254,Poor,Public
255,Poor,Public
256,Standard,Public
257,Good,Public
258,Poor,Public
259,Standard,Public
260,Good,Public
261,Poor,Public
262,Poor,Public
263,Good,Public
264,Standard,Public
265,Standard,Public
266,Standard,Public
267,Poor,Public
268,Good,Public
269,Standard,Public
270,Poor,Public
271,Poor,Public
272,Good,Public
273,Poor,Public
274,Standard,Public
275,Standard,Public
276,Poor,Public
277,Standard,Public
278,Standard,Public
279,Good,Public
280,Standard,Public
281,Standard,Public
282,Poor,Public
283,Standard,Public
284,Good,Public
285,Poor,Public
286,Poor,Public
287,Good,Public
288,Standard,Public
289,Standard,Public
290,Standard,Public
291,Standard,Public
292,Standard,Public
293,Standard,Public
294,Standard,Public
295,Poor,Public
296,Poor,Public
297,Poor,Public
298,Poor,Public
299,Standard,Public
300,Good,Public
301,Poor,Public
302,Standard,Public
303,Poor,Public
304,Poor,Public
305,Standard,Public
306,Poor,Public
307,Poor,Public
308,Good,Public
309,Standard,Public
310,Standard,Public
311,Standard,Public
312,Standard,Public
313,Good,Public
314,Poor,Public
315,Poor,Public
316,Standard,Public
317,Poor,Public
318,Standard,Public
319,Good,Public
320,Poor,Public
321,Poor,Public
322,Standard,Public
323,Poor,Public
324,Standard,Public
325,Standard,Public
326,Standard,Public
327,Standard,Public
328,Good,Public
329,Poor,Public
330,Standard,Public
331,Standard,Public
332,Standard,Public
333,Poor,Public
334,Standard,Public
335,Standard,Public
336,Poor,Public
337,Standard,Public
338,Standard,Public
339,Standard,Public
340,Standard,Public
341,Poor,Public
342,Standard,Public
343,Standard,Public
344,Good,Public
345,Standard,Public
346,Standard,Public
347,Standard,Public
348,Standard,Public
349,Poor,Public
350,Standard,Public
351,Standard,Public
352,Poor,Public
353,Good,Public
354,Standard,Public
355,Good,Public
356,Standard,Public
357,Standard,Public
358,Standard,Public
359,Good,Public
360,Standard,Public
361,Standard,Public
362,Standard,Public
363,Poor,Public
364,Poor,Public
365,Poor,Public
366,Good,Public
367,Standard,Public
368,Poor,Public
369,Standard,Public
370,Good,Public
371,Standard,Public
372,Standard,Public
373,Poor,Public
374,Standard,Public
375,Poor,Public
376,Good,Public
377,Poor,Public
378,Poor,Public
379,Standard,Public
380,Good,Public
381,Poor,Public
382,Standard,Public
383,Standard,Public
384,Standard,Public
385,Standard,Public
386,Standard,Public
387,Standard,Public
388,Poor,Public
389,Poor,Public
390,Poor,Public
391,Good,Public
392,Good,Public
393,Good,Public
394,Poor,Public
395,Poor,Public
396,Standard,Public
397,Standard,Public
398,Standard,Public
399,Standard,Public
400,Standard,Public
401,Poor,Public
402,Poor,Public
403,Standard,Public
404,Standard,Public
405,Standard,Public
406,Poor,Public
407,Standard,Public
408,Standard,Public
409,Standard,Public
410,Good,Public
411,Poor,Public
412,Poor,Public
413,Poor,Public
414,Poor,Public
415,Good,Public
416,Standard,Public
417,Good,Public
418,Standard,Public
419,Standard,Public
420,Poor,Public
421,Standard,Public
422,Poor,Public
423,Poor,Public
424,Standard,Public
425,Standard,Public
426,Good,Public
427,Standard,Public
428,Standard,Public
429,Good,Public
430,Standard,Public
431,Poor,Public
432,Standard,Public
433,Good,Public
434,Standard,Public
435,Poor,Public
436,Good,Public
437,Poor,Public
438,Poor,Public
439,Standard,Public
440,Poor,Public
441,Good,Public
442,Poor,Public
443,Standard,Public
444,Standard,Public
445,Standard,Public
446,Standard,Public
447,Poor,Public
448,Standard,Public
449,Standard,Public
450,Good,Public
451,Good,Public
452,Standard,Public
453,Good,Public
454,Good,Public
455,Standard,Public
456,Good,Public
457,Standard,Public
458,Good,Public
459,Poor,Public
460,Good,Public
461,Poor,Public
462,Good,Public
463,Standard,Public
464,Standard,Public
465,Standard,Public
466,Good,Public
467,Poor,Public
468,Standard,Public
469,Poor,Public
470,Standard,Public
471,Standard,Public
472,Poor,Public
473,Standard,Public
474,Good,Public
475,Good,Public
476,Standard,Public
477,Standard,Public
478,Standard,Public
479,Standard,Public
480,Standard,Public
481,Standard,Public
482,Standard,Public
483,Standard,Public
484,Standard,Public
485,Poor,Public
486,Standard,Public
487,Standard,Public
488,Standard,Public
489,Standard,Public
490,Poor,Public
491,Poor,Public
492,Standard,Public
493,Good,Public
494,Standard,Public
495,Standard,Public
496,Poor,Public
497,Standard,Public
498,Poor,Public
499,Poor,Public
500,Standard,Public
501,Poor,Public
502,Standard,Public
503,Standard,Public
504,Good,Public
505,Standard,Public
506,Poor,Public
507,Standard,Public
508,Standard,Public
509,Standard,Public
510,Good,Public
511,Poor,Public
512,Standard,Public
513,Standard,Public
514,Standard,Public
515,Standard,Public
516,Good,Public
517,Poor,Public
518,Good,Public
519,Standard,Public
520,Good,Public
521,Standard,Public
522,Good,Public
523,Poor,Public
524,Good,Public
525,Standard,Public
526,Standard,Public
527,Poor,Public
528,Good,Public
529,Standard,Public
530,Poor,Public
531,Poor,Public
532,Standard,Public
533,Good,Public
534,Good,Public
535,Poor,Public
536,Standard,Public
537,Standard,Public
538,Standard,Public
539,Standard,Public
540,Standard,Public
541,Standard,Public
542,Standard,Public
543,Standard,Public
544,Poor,Public
545,Poor,Public
546,Standard,Public
547,Poor,Public
548,Standard,Public
549,Standard,Public
550,Poor,Public
551,Standard,Public
552,Standard,Public
553,Standard,Public
554,Good,Public
555,Standard,Public
556,Good,Public
557,Good,Public
558,Poor,Public
559,Standard,Public
560,Standard,Public
561,Poor,Public
562,Standard,Public
563,Standard,Public
564,Good,Public
565,Good,Public
566,Good,Public
567,Standard,Public
568,Standard,Public
569,Good,Public
570,Standard,Public
571,Poor,Public
572,Good,Public
573,Standard,Public
574,Good,Public
575,Standard,Public
576,Standard,Public
577,Poor,Public
578,Poor,Public
579,Poor,Public
580,Standard,Public
581,Standard,Public
582,Poor,Public
583,Standard,Public
584,Standard,Public
585,Standard,Public
586,Good,Public
587,Poor,Public
588,Standard,Public
589,Standard,Public
590,Standard,Public
591,Standard,Public
592,Standard,Public
593,Good,Public
594,Standard,Public
595,Good,Public
596,Standard,Public
597,Poor,Public
598,Poor,Public
599,Standard,Public
600,Standard,Public
601,Standard,Public
602,Good,Public
603,Good,Public
604,Good,Public
605,Standard,Public
606,Standard,Public
607,Standard,Public
608,Standard,Public
609,Standard,Public
610,Poor,Public
611,Standard,Public
612,Good,Public
613,Poor,Public
614,Standard,Public
615,Good,Public
616,Poor,Public
617,Good,Public
618,Poor,Public
619,Poor,Public
620,Poor,Public
621,Standard,Public
622,Standard,Public
623,Good,Public
624,Poor,Public
625,Poor,Public
626,Poor,Public
627,Poor,Public
628,Poor,Public
629,Good,Public
630,Poor,Public
631,Good,Public
632,Standard,Public
633,Standard,Public
634,Standard,Public
635,Poor,Public
636,Good,Public
637,Good,Public
638,Good,Public
639,Poor,Public
640,Poor,Public
641,Poor,Public
642,Standard,Public
643,Poor,Public
644,Standard,Public
645,Poor,Public
646,Standard,Public
647,Standard,Public
648,Standard,Public
649,Standard,Public
650,Good,Public
651,Poor,Public
652,Standard,Public
653,Poor,Public
654,Good,Public
655,Poor,Public
656,Standard,Public
657,Standard,Public
658,Standard,Public
659,Standard,Public
660,Good,Public
661,Standard,Public
662,Poor,Public
663,Good,Public
664,Standard,Public
665,Standard,Public
666,Poor,Public
667,Standard,Public
668,Poor,Public
669,Good,Public
670,Poor,Public
671,Standard,Public
672,Standard,Public
673,Poor,Public
674,Good,Public
675,Standard,Public
676,Good,Public
677,Good,Public
678,Standard,Public
679,Good,Public
680,Standard,Public
681,Standard,Public
682,Standard,Public
683,Poor,Public
684,Poor,Public
685,Good,Public
686,Standard,Public
687,Standard,Public
688,Standard,Public
689,Poor,Public
690,Standard,Public
691,Standard,Public
692,Good,Public
693,Standard,Public
694,Standard,Public
695,Poor,Public
696,Standard,Public
697,Poor,Public
698,Standard,Public
699,Standard,Public
700,Poor,Public
701,Poor,Public
702,Standard,Public
703,Standard,Public
704,Standard,Public
705,Good,Public
706,Standard,Public
707,Standard,Public
708,Standard,Public
709,Poor,Public
710,Standard,Public
711,Good,Public
712,Good,Public
713,Good,Public
714,Standard,Public
715,Standard,Public
716,Standard,Public
717,Standard,Public
718,Standard,Public
719,Standard,Public
720,Standard,Public
721,Standard,Public
722,Good,Public
723,Poor,Public
724,Standard,Public
725,Standard,Public
726,Poor,Public
727,Poor,Public
728,Poor,Public
729,Poor,Public
730,Good,Public
731,Poor,Public
732,Good,Public
733,Standard,Public
734,Poor,Public
735,Good,Public
736,Poor,Public
737,Standard,Public
738,Standard,Public
739,Standard,Public
740,Good,Public
741,Good,Public
742,Poor,Public
743,Standard,Public
744,Good,Public
745,Standard,Public
746,Poor,Public
747,Poor,Public
748,Good,Public
749,Good,Public
750,Standard,Public
751,Poor,Public
752,Standard,Public
753,Standard,Public
754,Standard,Public
755,Standard,Public
756,Poor,Public
757,Standard,Public
758,Standard,Public
759,Standard,Public
760,Standard,Public
761,Standard,Public
762,Standard,Public
763,Standard,Public
764,Poor,Public
765,Good,Public
766,Standard,Public
767,Standard,Public
768,Standard,Public
769,Poor,Public
770,Good,Public
771,Standard,Public
772,Standard,Public
773,Standard,Public
774,Good,Public
775,Poor,Public
776,Standard,Public
777,Standard,Public
778,Poor,Public
779,Standard,Public
780,Standard,Public
781,Standard,Public
782,Poor,Public
783,Poor,Public
784,Standard,Public
785,Standard,Public
786,Poor,Public
787,Poor,Public
788,Standard,Public
789,Standard,Public
790,Poor,Public
791,Poor,Public
792,Standard,Public
793,Standard,Public
794,Standard,Public
795,Poor,Public
796,Poor,Public
797,Good,Public
798,Good,Public
799,Standard,Public
800,Good,Public
801,Standard,Public
802,Poor,Public
803,Standard,Public
804,Poor,Public
805,Standard,Public
806,Poor,Public
807,Standard,Public
808,Standard,Public
809,Standard,Public
810,Poor,Public
811,Standard,Public
812,Standard,Public
813,Standard,Public
814,Poor,Public
815,Poor,Public
816,Standard,Public
817,Standard,Public
818,Standard,Public
819,Standard,Public
820,Standard,Public
821,Standard,Public
822,Poor,Public
823,Good,Public
824,Standard,Public
825,Standard,Public
826,Good,Public
827,Standard,Public
828,Standard,Public
829,Standard,Public
830,Poor,Public
831,Standard,Public
832,Poor,Public
833,Standard,Public
834,Standard,Public
835,Good,Public
836,Poor,Public
837,Standard,Public
838,Standard,Public
839,Poor,Public
840,Poor,Public
841,Standard,Public
842,Standard,Public
843,Standard,Public
844,Good,Public
845,Good,Public
846,Poor,Public
847,Poor,Public
848,Standard,Public
849,Standard,Public
850,Standard,Public
851,Good,Public
852,Good,Public
853,Standard,Public
854,Good,Public
855,Poor,Public
856,Poor,Public
857,Poor,Public
858,Standard,Public
859,Poor,Public
860,Good,Public
861,Standard,Public
862,Standard,Public
863,Standard,Public
864,Standard,Public
865,Poor,Public
866,Standard,Public
867,Standard,Public
868,Standard,Public
869,Good,Public
870,Poor,Public
871,Poor,Public
872,Standard,Public
873,Poor,Public
874,Standard,Public
875,Poor,Public
876,Standard,Public
877,Standard,Public
878,Good,Public
879,Standard,Public
880,Good,Public
881,Good,Public
882,Standard,Public
883,Standard,Public
884,Standard,Public
885,Standard,Public
886,Standard,Public
887,Standard,Public
888,Standard,Public
889,Poor,Public
890,Standard,Public
891,Standard,Public
892,Standard,Public
893,Poor,Public
894,Standard,Public
895,Good,Public
896,Poor,Public
897,Standard,Public
898,Poor,Public
899,Poor,Public
900,Good,Public
901,Standard,Public
902,Standard,Public
903,Standard,Public
904,Standard,Public
905,Standard,Public
906,Standard,Public
907,Standard,Public
908,Good,Public
909,Standard,Public
910,Good,Public
911,Poor,Public
912,Standard,Public
913,Standard,Public
914,Good,Public
915,Standard,Public
916,Good,Public
917,Poor,Public
918,Good,Public
919,Standard,Public
920,Good,Public
921,Good,Public
922,Poor,Public
923,Poor,Public
924,Good,Public
925,Poor,Public
926,Poor,Public
927,Standard,Public
928,Good,Public
929,Standard,Public
930,Standard,Public
931,Good,Public
932,Poor,Public
933,Standard,Public
934,Standard,Public
935,Poor,Public
936,Standard,Public
937,Standard,Public
938,Standard,Public
939,Standard,Public
940,Good,Public
941,Standard,Public
942,Good,Public
943,Standard,Public
944,Poor,Public
945,Standard,Public
946,Poor,Public
947,Good,Public
948,Standard,Public
949,Poor,Public
950,Standard,Public
951,Standard,Public
952,Standard,Public
953,Poor,Public
954,Standard,Public
955,Standard,Public
956,Good,Public
957,Standard,Public
958,Good,Public
959,Poor,Public
960,Poor,Public
961,Standard,Public
962,Poor,Public
963,Standard,Public
964,Standard,Public
965,Poor,Public
966,Poor,Public
967,Standard,Public
968,Good,Public
969,Good,Public
970,Poor,Public
971,Good,Public
972,Poor,Public
973,Poor,Public
974,Standard,Public
975,Good,Public
976,Good,Public
977,Poor,Public
978,Standard,Public
979,Standard,Public
980,Standard,Public
981,Poor,Public
982,Poor,Public
983,Standard,Public
984,Standard,Public
985,Poor,Public
986,Standard,Public
987,Standard,Public
988,Standard,Public
989,Standard,Public
990,Standard,Public
991,Good,Public
992,Standard,Public
993,Poor,Public
994,Poor,Public
995,Standard,Public
996,Standard,Public
997,Poor,Public
998,Good,Public
999,Standard,Public
1000,Standard,Public
1001,Good,Public
1002,Poor,Public
1003,Standard,Public
1004,Standard,Public
1005,Standard,Public
1006,Poor,Public
1007,Good,Public
1008,Standard,Public
1009,Standard,Public
1010,Poor,Public
1011,Standard,Public
1012,Good,Public
1013,Poor,Public
1014,Standard,Public
1015,Standard,Public
1016,Poor,Public
1017,Good,Public
1018,Poor,Public
1019,Standard,Public
1020,Good,Public
1021,Poor,Public
1022,Good,Public
1023,Good,Public
1024,Standard,Public
1025,Good,Public
1026,Good,Public
1027,Standard,Public
1028,Standard,Public
1029,Standard,Public
1030,Standard,Public
1031,Standard,Public
1032,Poor,Public
1033,Standard,Public
1034,Good,Public
1035,Poor,Public
1036,Poor,Public
1037,Poor,Public
1038,Standard,Public
1039,Poor,Public
1040,Standard,Public
1041,Poor,Public
1042,Standard,Public
1043,Poor,Public
1044,Poor,Public
1045,Poor,Public
1046,Poor,Public
1047,Poor,Public
1048,Standard,Public
1049,Standard,Public
1050,Poor,Public
1051,Standard,Public
1052,Standard,Public
1053,Poor,Public
1054,Poor,Public
1055,Standard,Public
1056,Poor,Public
1057,Good,Public
1058,Poor,Public
1059,Standard,Public
1060,Good,Public
1061,Poor,Public
1062,Poor,Public
1063,Poor,Public
1064,Standard,Public
1065,Standard,Public
1066,Poor,Public
1067,Good,Public
1068,Standard,Public
1069,Standard,Public
1070,Standard,Public
1071,Standard,Public
1072,Standard,Public
1073,Standard,Public
1074,Poor,Public
1075,Good,Public
1076,Standard,Public
1077,Standard,Public
1078,Good,Public
1079,Standard,Public
1080,Standard,Public
1081,Good,Public
1082,Standard,Public
1083,Poor,Public
1084,Good,Public
1085,Standard,Public
1086,Standard,Public
1087,Poor,Public
1088,Poor,Public
1089,Poor,Public
1090,Standard,Public
1091,Standard,Public
1092,Standard,Public
1093,Standard,Public
1094,Poor,Public
1095,Standard,Public
1096,Standard,Public
1097,Standard,Public
1098,Standard,Public
1099,Standard,Public
1100,Standard,Public
1101,Poor,Public
1102,Good,Public
1103,Good,Public
1104,Standard,Public
1105,Standard,Public
1106,Poor,Public
1107,Standard,Public
1108,Standard,Public
1109,Standard,Public
1110,Standard,Public
1111,Standard,Public
1112,Good,Public
1113,Standard,Public
1114,Poor,Public
1115,Standard,Public
1116,Poor,Public
1117,Poor,Public
1118,Standard,Public
1119,Poor,Public
1120,Standard,Public
1121,Poor,Public
1122,Poor,Public
1123,Standard,Public
1124,Standard,Public
1125,Standard,Public
1126,Good,Public
1127,Good,Public
1128,Good,Public
1129,Good,Public
1130,Poor,Public
1131,Standard,Public
1132,Poor,Public
1133,Poor,Public
1134,Standard,Public
1135,Standard,Public
1136,Poor,Public
1137,Standard,Public
1138,Poor,Public
1139,Poor,Public
1140,Standard,Public
1141,Standard,Public
1142,Good,Public
1143,Poor,Public
1144,Good,Public
1145,Standard,Public
1146,Good,Public
1147,Standard,Public
1148,Standard,Public
1149,Poor,Public
1150,Poor,Public
1151,Standard,Public
1152,Standard,Public
1153,Standard,Public
1154,Poor,Public
1155,Poor,Public
1156,Good,Public
1157,Standard,Public
1158,Standard,Public
1159,Standard,Public
1160,Poor,Public
1161,Good,Public
1162,Good,Public
1163,Good,Public
1164,Standard,Public
1165,Standard,Public
1166,Standard,Public
1167,Standard,Public
1168,Standard,Public
1169,Standard,Public
1170,Standard,Public
1171,Standard,Public
1172,Standard,Public
1173,Standard,Public
1174,Poor,Public
1175,Poor,Public
1176,Standard,Public
1177,Poor,Public
1178,Good,Public
1179,Standard,Public
1180,Poor,Public
1181,Poor,Public
1182,Standard,Public
1183,Standard,Public
1184,Good,Public
1185,Standard,Public
1186,Good,Public
1187,Poor,Public
1188,Poor,Public
1189,Standard,Public
1190,Good,Public
1191,Standard,Public
1192,Standard,Public
1193,Poor,Public
1194,Standard,Public
1195,Poor,Public
1196,Poor,Public
1197,Standard,Public
1198,Standard,Public
1199,Poor,Public
1200,Standard,Public
1201,Poor,Public
1202,Poor,Public
1203,Standard,Public
1204,Good,Public
1205,Good,Public
1206,Standard,Public
1207,Standard,Public
1208,Standard,Public
1209,Good,Public
1210,Standard,Public
1211,Standard,Public
1212,Good,Public
1213,Poor,Public
1214,Standard,Public
1215,Good,Public
1216,Standard,Public
1217,Standard,Public
1218,Standard,Public
1219,Good,Public
1220,Standard,Public
1221,Poor,Public
1222,Standard,Public
1223,Poor,Public
1224,Standard,Public
1225,Standard,Public
1226,Good,Public
1227,Standard,Public
1228,Poor,Public
1229,Poor,Public
1230,Poor,Public
1231,Standard,Public
1232,Standard,Public
1233,Standard,Public
1234,Poor,Public
1235,Good,Public
1236,Poor,Public
1237,Poor,Public
1238,Poor,Public
1239,Poor,Public
1240,Standard,Public
1241,Standard,Public
1242,Good,Public
1243,Good,Public
1244,Standard,Public
1245,Standard,Public
1246,Poor,Public
1247,Standard,Public
1248,Standard,Public
1249,Standard,Public
1250,Standard,Public
1251,Poor,Public
1252,Poor,Public
1253,Good,Public
1254,Poor,Public
1255,Standard,Public
1256,Standard,Public
1257,Standard,Public
1258,Standard,Public
1259,Good,Public
1260,Poor,Public
1261,Standard,Public
1262,Good,Public
1263,Poor,Public
1264,Good,Public
1265,Standard,Public
1266,Standard,Public
1267,Poor,Public
1268,Poor,Public
1269,Poor,Public
1270,Poor,Public
1271,Standard,Public
1272,Poor,Public
1273,Standard,Public
1274,Poor,Public
1275,Standard,Public
1276,Standard,Public
1277,Standard,Public
1278,Standard,Public
1279,Standard,Public
1280,Poor,Public
1281,Poor,Public
1282,Standard,Public
1283,Good,Public
1284,Poor,Public
1285,Standard,Public
1286,Poor,Public
1287,Good,Public
1288,Standard,Public
1289,Poor,Public
1290,Standard,Public
1291,Standard,Public
1292,Standard,Public
1293,Standard,Public
1294,Standard,Public
1295,Good,Public
1296,Standard,Public
1297,Good,Public
1298,Good,Public
1299,Standard,Public
1300,Poor,Public
1301,Poor,Public
1302,Poor,Public
1303,Standard,Public
1304,Poor,Public
1305,Standard,Public
1306,Poor,Public
1307,Good,Public
1308,Standard,Public
1309,Good,Public
1310,Standard,Public
1311,Standard,Public
1312,Poor,Public
1313,Standard,Public
1314,Good,Public
1315,Standard,Public
1316,Good,Public
1317,Standard,Public
1318,Standard,Public
1319,Standard,Public
1320,Good,Public
1321,Standard,Public
1322,Poor,Public
1323,Standard,Public
1324,Standard,Public
1325,Standard,Public
1326,Poor,Public
1327,Good,Public
1328,Standard,Public
1329,Good,Public
1330,Standard,Public
1331,Poor,Public
1332,Good,Public
1333,Poor,Public
1334,Standard,Public
1335,Standard,Public
1336,Good,Public
1337,Standard,Public
1338,Good,Public
1339,Poor,Public
1340,Poor,Public
1341,Poor,Public
1342,Standard,Public
1343,Poor,Public
1344,Standard,Public
1345,Standard,Public
1346,Poor,Public
1347,Standard,Public
1348,Standard,Public
1349,Standard,Public
1350,Good,Public
1351,Standard,Public
1352,Poor,Public
1353,Standard,Public
1354,Standard,Public
1355,Good,Public
1356,Poor,Public
1357,Good,Public
1358,Standard,Public
1359,Good,Public
1360,Good,Public
1361,Good,Public
1362,Standard,Public
1363,Standard,Public
1364,Poor,Public
1365,Standard,Public
1366,Standard,Public
1367,Poor,Public
1368,Standard,Public
1369,Good,Public
1370,Poor,Public
1371,Good,Public
1372,Poor,Public
1373,Standard,Public
1374,Standard,Public
1375,Standard,Public
1376,Good,Public
1377,Standard,Public
1378,Good,Public
1379,Poor,Public
1380,Standard,Public
1381,Poor,Public
1382,Poor,Public
1383,Standard,Public
1384,Good,Public
1385,Good,Public
1386,Good,Public
1387,Poor,Public
1388,Standard,Public
1389,Poor,Public
1390,Standard,Public
1391,Poor,Public
1392,Standard,Public
1393,Poor,Public
1394,Standard,Public
1395,Standard,Public
1396,Poor,Public
1397,Standard,Public
1398,Good,Public
1399,Standard,Public
1400,Standard,Public
1401,Poor,Public
1402,Poor,Public
1403,Poor,Public
1404,Good,Public
1405,Good,Public
1406,Standard,Public
1407,Standard,Public
1408,Poor,Public
1409,Standard,Public
1410,Good,Public
1411,Standard,Public
1412,Standard,Public
1413,Good,Public
1414,Good,Public
1415,Standard,Public
1416,Poor,Public
1417,Poor,Public
1418,Good,Public
1419,Good,Public
1420,Standard,Public
1421,Standard,Public
1422,Standard,Public
1423,Standard,Public
1424,Standard,Public
1425,Standard,Public
1426,Good,Public
1427,Standard,Public
1428,Poor,Public
1429,Poor,Public
1430,Standard,Public
1431,Poor,Public
1432,Standard,Public
1433,Standard,Public
1434,Standard,Public
1435,Good,Public
1436,Standard,Public
1437,Good,Public
1438,Poor,Public
1439,Poor,Public
1440,Standard,Public
1441,Good,Public
1442,Standard,Public
1443,Standard,Public
1444,Poor,Public
1445,Standard,Public
1446,Standard,Public
1447,Good,Public
1448,Poor,Public
1449,Standard,Public
1450,Standard,Public
1451,Good,Public
1452,Poor,Public
1453,Poor,Public
1454,Standard,Public
1455,Standard,Public
1456,Standard,Public
1457,Standard,Public
1458,Good,Public
1459,Poor,Public
1460,Poor,Public
1461,Poor,Public
1462,Standard,Public
1463,Poor,Public
1464,Standard,Public
1465,Poor,Public
1466,Standard,Public
1467,Standard,Public
1468,Standard,Public
1469,Standard,Public
1470,Standard,Public
1471,Standard,Public
1472,Standard,Public
1473,Standard,Public
1474,Poor,Public
1475,Good,Public
1476,Standard,Public
1477,Good,Public
1478,Good,Public
1479,Good,Public
1480,Good,Public
1481,Good,Public
1482,Good,Public
1483,Standard,Public
1484,Standard,Public
1485,Poor,Public
1486,Standard,Public
1487,Standard,Public
1488,Poor,Public
1489,Standard,Public
1490,Good,Public
1491,Standard,Public
1492,Standard,Public
1493,Good,Public
1494,Poor,Public
1495,Standard,Public
1496,Standard,Public
1497,Standard,Public
1498,Standard,Public
1499,Standard,Public
1500,Good,Public
1501,Poor,Public
1502,Standard,Public
1503,Standard,Public
1504,Standard,Public
1505,Poor,Public
1506,Poor,Public
1507,Good,Public
1508,Good,Public
1509,Standard,Public
1510,Good,Public
1511,Standard,Public
1512,Standard,Public
1513,Standard,Public
1514,Standard,Public
1515,Poor,Public
1516,Standard,Public
1517,Standard,Public
1518,Standard,Public
1519,Poor,Public
1520,Standard,Public
1521,Poor,Public
1522,Poor,Public
1523,Good,Public
1524,Good,Public
1525,Standard,Public
1526,Standard,Public
1527,Standard,Public
1528,Standard,Public
1529,Good,Public
1530,Standard,Public
1531,Poor,Public
1532,Standard,Public
1533,Standard,Public
1534,Standard,Public
1535,Poor,Public
1536,Standard,Public
1537,Poor,Public
1538,Poor,Public
1539,Standard,Public
1540,Standard,Public
1541,Standard,Public
1542,Poor,Public
1543,Good,Public
1544,Standard,Public
1545,Standard,Public
1546,Standard,Public
1547,Standard,Public
1548,Poor,Public
1549,Standard,Public
1550,Standard,Public
1551,Standard,Public
1552,Standard,Public
1553,Poor,Public
1554,Standard,Public
1555,Standard,Public
1556,Good,Public
1557,Standard,Public
1558,Poor,Public
1559,Poor,Public
1560,Standard,Public
1561,Standard,Public
1562,Poor,Public
1563,Standard,Public
1564,Standard,Public
1565,Standard,Public
1566,Poor,Public
1567,Good,Public
1568,Standard,Public
1569,Standard,Public
1570,Standard,Public
1571,Good,Public
1572,Good,Public
1573,Good,Public
1574,Standard,Public
1575,Standard,Public
1576,Poor,Public
1577,Good,Public
1578,Standard,Public
1579,Standard,Public
1580,Good,Public
1581,Standard,Public
1582,Poor,Public
1583,Standard,Public
1584,Poor,Public
1585,Standard,Public
1586,Standard,Public
1587,Standard,Public
1588,Standard,Public
1589,Standard,Public
1590,Good,Public
1591,Good,Public
1592,Poor,Public
1593,Good,Public
1594,Poor,Public
1595,Standard,Public
1596,Standard,Public
1597,Good,Public
1598,Standard,Public
1599,Standard,Public
1600,Poor,Public
1601,Standard,Public
1602,Standard,Public
1603,Standard,Public
1604,Poor,Public
1605,Poor,Public
1606,Poor,Public
1607,Poor,Public
1608,Standard,Public
1609,Poor,Public
1610,Standard,Public
1611,Standard,Public
1612,Standard,Public
1613,Standard,Public
1614,Poor,Public
1615,Standard,Public
1616,Standard,Public
1617,Good,Public
1618,Good,Public
1619,Poor,Public
1620,Poor,Public
1621,Poor,Public
1622,Standard,Public
1623,Poor,Public
1624,Standard,Public
1625,Poor,Public
1626,Standard,Public
1627,Standard,Public
1628,Standard,Public
1629,Standard,Public
1630,Standard,Public
1631,Poor,Public
1632,Good,Public
1633,Poor,Public
1634,Standard,Public
1635,Standard,Public
1636,Standard,Public
1637,Standard,Public
1638,Poor,Public
1639,Poor,Public
1640,Standard,Public
1641,Poor,Public
1642,Standard,Public
1643,Standard,Public
1644,Good,Public
1645,Poor,Public
1646,Poor,Public
1647,Poor,Public
1648,Poor,Public
1649,Standard,Public
1650,Good,Public
1651,Poor,Public
1652,Standard,Public
1653,Standard,Public
1654,Standard,Public
1655,Good,Public
1656,Poor,Public
1657,Standard,Public
1658,Standard,Public
1659,Standard,Public
1660,Standard,Public
1661,Poor,Public
1662,Good,Public
1663,Standard,Public
1664,Standard,Public
1665,Poor,Public
1666,Good,Public
1667,Standard,Public
1668,Poor,Public
1669,Standard,Public
1670,Poor,Public
1671,Standard,Public
1672,Good,Public
1673,Poor,Public
1674,Poor,Public
1675,Standard,Public
1676,Standard,Public
1677,Poor,Public
1678,Standard,Public
1679,Standard,Public
1680,Standard,Public
1681,Poor,Public
1682,Standard,Public
1683,Standard,Public
1684,Standard,Public
1685,Poor,Public
1686,Good,Public
1687,Good,Public
1688,Standard,Public
1689,Standard,Public
1690,Standard,Public
1691,Standard,Public
1692,Standard,Public
1693,Poor,Public
1694,Good,Public
1695,Poor,Public
1696,Poor,Public
1697,Standard,Public
1698,Standard,Public
1699,Standard,Public
1700,Poor,Public
1701,Standard,Public
1702,Poor,Public
1703,Standard,Public
1704,Standard,Public
1705,Standard,Public
1706,Standard,Public
1707,Poor,Public
1708,Standard,Public
1709,Standard,Public
1710,Good,Public
1711,Standard,Public
1712,Poor,Public
1713,Standard,Public
1714,Standard,Public
1715,Standard,Public
1716,Poor,Public
1717,Good,Public
1718,Standard,Public
1719,Good,Public
1720,Poor,Public
1721,Standard,Public
1722,Poor,Public
1723,Standard,Public
1724,Standard,Public
1725,Standard,Public
1726,Good,Public
1727,Poor,Public
1728,Standard,Public
1729,Standard,Public
1730,Poor,Public
1731,Standard,Public
1732,Standard,Public
1733,Standard,Public
1734,Standard,Public
1735,Poor,Public
1736,Good,Public
1737,Standard,Public
1738,Standard,Public
1739,Good,Public
1740,Poor,Public
1741,Poor,Public
1742,Standard,Public
1743,Poor,Public
1744,Standard,Public
1745,Good,Public
1746,Standard,Public
1747,Poor,Public
1748,Standard,Public
1749,Poor,Public
1750,Standard,Public
1751,Poor,Public
1752,Standard,Public
1753,Poor,Public
1754,Good,Public
1755,Good,Public
1756,Poor,Public
1757,Poor,Public
1758,Standard,Public
1759,Standard,Public
1760,Poor,Public
1761,Good,Public
1762,Poor,Public
1763,Standard,Public
1764,Standard,Public
1765,Poor,Public
1766,Poor,Public
1767,Standard,Public
1768,Good,Public
1769,Standard,Public
1770,Poor,Public
1771,Poor,Public
1772,Good,Public
1773,Poor,Public
1774,Good,Public
1775,Poor,Public
1776,Standard,Public
1777,Standard,Public
1778,Standard,Public
1779,Poor,Public
1780,Standard,Public
1781,Poor,Public
1782,Standard,Public
1783,Standard,Public
1784,Standard,Public
1785,Standard,Public
1786,Poor,Public
1787,Poor,Public
1788,Standard,Public
1789,Poor,Public
1790,Poor,Public
1791,Poor,Public
1792,Standard,Public
1793,Poor,Public
1794,Poor,Public
1795,Poor,Public
1796,Poor,Public
1797,Standard,Public
1798,Good,Public
1799,Poor,Public
1800,Standard,Public
1801,Poor,Public
1802,Standard,Public
1803,Good,Public
1804,Poor,Public
1805,Poor,Public
1806,Poor,Public
1807,Poor,Public
1808,Poor,Public
1809,Poor,Public
1810,Good,Public
1811,Standard,Public
1812,Poor,Public
1813,Poor,Public
1814,Standard,Public
1815,Poor,Public
1816,Standard,Public
1817,Poor,Public
1818,Standard,Public
1819,Good,Public
1820,Standard,Public
1821,Poor,Public
1822,Good,Public
1823,Standard,Public
1824,Standard,Public
1825,Standard,Public
1826,Standard,Public
1827,Standard,Public
1828,Standard,Public
1829,Standard,Public
1830,Poor,Public
1831,Standard,Public
1832,Good,Public
1833,Standard,Public
1834,Standard,Public
1835,Standard,Public
1836,Good,Public
1837,Poor,Public
1838,Standard,Public
1839,Good,Public
1840,Standard,Public
1841,Poor,Public
1842,Poor,Public
1843,Good,Public
1844,Standard,Public
1845,Standard,Public
1846,Standard,Public
1847,Poor,Public
1848,Good,Public
1849,Standard,Public
1850,Poor,Public
1851,Standard,Public
1852,Standard,Public
1853,Standard,Public
1854,Standard,Public
1855,Poor,Public
1856,Standard,Public
1857,Standard,Public
1858,Standard,Public
1859,Standard,Public
1860,Standard,Public
1861,Good,Public
1862,Good,Public
1863,Standard,Public
1864,Poor,Public
1865,Standard,Public
1866,Poor,Public
1867,Poor,Public
1868,Good,Public
1869,Standard,Public
1870,Standard,Public
1871,Standard,Public
1872,Good,Public
1873,Good,Public
1874,Standard,Public
1875,Standard,Public
1876,Standard,Public
1877,Standard,Public
1878,Poor,Public
1879,Poor,Public
1880,Good,Public
1881,Poor,Public
1882,Standard,Public
1883,Poor,Public
1884,Standard,Public
1885,Standard,Public
1886,Standard,Public
1887,Standard,Public
1888,Poor,Public
1889,Standard,Public
1890,Poor,Public
1891,Standard,Public
1892,Good,Public
1893,Standard,Public
1894,Poor,Public
1895,Poor,Public
1896,Standard,Public
1897,Good,Public
1898,Standard,Public
1899,Standard,Public
1900,Standard,Public
1901,Good,Public
1902,Standard,Public
1903,Standard,Public
1904,Standard,Public
1905,Standard,Public
1906,Standard,Public
1907,Good,Public
1908,Good,Public
1909,Standard,Public
1910,Standard,Public
1911,Standard,Public
1912,Poor,Public
1913,Poor,Public
1914,Poor,Public
1915,Poor,Public
1916,Standard,Public
1917,Poor,Public
1918,Standard,Public
1919,Good,Public
1920,Poor,Public
1921,Standard,Public
1922,Good,Public
1923,Standard,Public
1924,Standard,Public
1925,Poor,Public
1926,Poor,Public
1927,Poor,Public
1928,Good,Public
1929,Standard,Public
1930,Standard,Public
1931,Good,Public
1932,Standard,Public
1933,Poor,Public
1934,Standard,Public
1935,Standard,Public
1936,Standard,Public
1937,Standard,Public
1938,Poor,Public
1939,Standard,Public
1940,Standard,Public
1941,Standard,Public
1942,Standard,Public
1943,Standard,Public
1944,Standard,Public
1945,Good,Public
1946,Good,Public
1947,Good,Public
1948,Poor,Public
1949,Standard,Public
1950,Standard,Public
1951,Good,Public
1952,Poor,Public
1953,Poor,Public
1954,Poor,Public
1955,Standard,Public
1956,Standard,Public
1957,Standard,Public
1958,Standard,Public
1959,Standard,Public
1960,Poor,Public
1961,Standard,Public
1962,Poor,Public
1963,Standard,Public
1964,Good,Public
1965,Standard,Public
1966,Standard,Public
1967,Standard,Public
1968,Good,Public
1969,Good,Public
1970,Good,Public
1971,Poor,Public
1972,Standard,Public
1973,Standard,Public
1974,Good,Public
1975,Poor,Public
1976,Standard,Public
1977,Standard,Public
1978,Standard,Public
1979,Standard,Public
1980,Standard,Public
1981,Good,Public
1982,Standard,Public
1983,Standard,Public
1984,Standard,Public
1985,Poor,Public
1986,Standard,Public
1987,Standard,Public
1988,Poor,Public
1989,Standard,Public
1990,Standard,Public
1991,Poor,Public
1992,Poor,Public
1993,Good,Public
1994,Standard,Public
1995,Good,Public
1996,Standard,Public
1997,Standard,Public
1998,Good,Public
1999,Poor,Public
2000,Standard,Public
2001,Poor,Public
2002,Standard,Public
2003,Good,Public
2004,Poor,Public
2005,Standard,Public
2006,Good,Public
2007,Poor,Public
2008,Standard,Public
2009,Poor,Public
2010,Good,Public
2011,Poor,Public
2012,Standard,Public
2013,Poor,Public
2014,Standard,Public
2015,Standard,Public
2016,Standard,Public
2017,Standard,Public
2018,Good,Public
2019,Standard,Public
2020,Good,Public
2021,Standard,Public
2022,Good,Public
2023,Standard,Public
2024,Poor,Public
2025,Standard,Public
2026,Standard,Public
2027,Standard,Public
2028,Standard,Public
2029,Standard,Public
2030,Poor,Public
2031,Poor,Public
2032,Poor,Public
2033,Good,Public
2034,Good,Public
2035,Good,Public
2036,Poor,Public
2037,Standard,Public
2038,Poor,Public
2039,Poor,Public
2040,Poor,Public
2041,Poor,Public
2042,Poor,Public
2043,Poor,Public
2044,Standard,Public
2045,Poor,Public
2046,Good,Public
2047,Standard,Public
2048,Poor,Public
2049,Standard,Public
2050,Poor,Public
2051,Good,Public
2052,Good,Public
2053,Standard,Public
2054,Poor,Public
2055,Poor,Public
2056,Good,Public
2057,Good,Public
2058,Poor,Public
2059,Standard,Public
2060,Good,Public
2061,Good,Public
2062,Standard,Public
2063,Poor,Public
2064,Standard,Public
2065,Poor,Public
2066,Standard,Public
2067,Good,Public
2068,Poor,Public
2069,Good,Public
2070,Poor,Public
2071,Standard,Public
2072,Good,Public
2073,Standard,Public
2074,Standard,Public
2075,Poor,Public
2076,Standard,Public
2077,Standard,Public
2078,Standard,Public
2079,Poor,Public
2080,Poor,Public
2081,Standard,Public
2082,Poor,Public
2083,Poor,Public
2084,Poor,Public
2085,Standard,Public
2086,Poor,Public
2087,Good,Public
2088,Standard,Public
2089,Standard,Public
2090,Standard,Public
2091,Good,Public
2092,Standard,Public
2093,Standard,Public
2094,Standard,Public
2095,Poor,Public
2096,Good,Public
2097,Standard,Public
2098,Good,Public
2099,Standard,Public
2100,Standard,Public
2101,Poor,Public
2102,Good,Public
2103,Poor,Public
2104,Poor,Public
2105,Poor,Public
2106,Poor,Public
2107,Standard,Public
2108,Poor,Public
2109,Good,Public
2110,Standard,Public
2111,Standard,Public
2112,Good,Public
2113,Poor,Public
2114,Poor,Public
2115,Poor,Public
2116,Good,Public
2117,Poor,Public
2118,Standard,Public
2119,Poor,Public
2120,Standard,Public
2121,Poor,Public
2122,Good,Public
2123,Good,Public
2124,Standard,Public
2125,Poor,Public
2126,Poor,Public
2127,Poor,Public
2128,Poor,Public
2129,Standard,Public
2130,Poor,Public
2131,Standard,Public
2132,Standard,Public
2133,Good,Public
2134,Standard,Public
2135,Standard,Public
2136,Standard,Public
2137,Standard,Public
2138,Poor,Public
2139,Standard,Public
2140,Good,Public
2141,Standard,Public
2142,Standard,Public
2143,Standard,Public
2144,Poor,Public
2145,Standard,Public
2146,Good,Public
2147,Standard,Public
2148,Standard,Public
2149,Standard,Public
2150,Poor,Public
2151,Poor,Public
2152,Standard,Public
2153,Poor,Public
2154,Poor,Public
2155,Good,Public
2156,Standard,Public
2157,Poor,Public
2158,Standard,Public
2159,Good,Public
2160,Standard,Public
2161,Poor,Public
2162,Standard,Public
2163,Standard,Public
2164,Standard,Public
2165,Standard,Public
2166,Standard,Public
2167,Good,Public
2168,Standard,Public
2169,Standard,Public
2170,Poor,Public
2171,Poor,Public
2172,Good,Public
2173,Poor,Public
2174,Standard,Public
2175,Poor,Public
2176,Good,Public
2177,Poor,Public
2178,Poor,Public
2179,Good,Public
2180,Good,Public
2181,Standard,Public
2182,Standard,Public
2183,Poor,Public
2184,Standard,Public
2185,Good,Public
2186,Poor,Public
2187,Standard,Public
2188,Poor,Public
2189,Standard,Public
2190,Standard,Public
2191,Good,Public
2192,Standard,Public
2193,Good,Public
2194,Standard,Public
2195,Standard,Public
2196,Standard,Public
2197,Standard,Public
2198,Poor,Public
2199,Poor,Public
2200,Standard,Public
2201,Standard,Public
2202,Poor,Public
2203,Poor,Public
2204,Poor,Public
2205,Poor,Public
2206,Standard,Public
2207,Standard,Public
2208,Standard,Public
2209,Standard,Public
2210,Standard,Public
2211,Good,Public
2212,Good,Public
2213,Standard,Public
2214,Standard,Public
2215,Standard,Public
2216,Standard,Public
2217,Good,Public
2218,Poor,Public
2219,Poor,Public
2220,Poor,Public
2221,Poor,Public
2222,Good,Public
2223,Standard,Public
2224,Standard,Public
2225,Standard,Public
2226,Standard,Public
2227,Good,Public
2228,Standard,Public
2229,Poor,Public
2230,Poor,Public
2231,Poor,Public
2232,Standard,Public
2233,Good,Public
2234,Standard,Public
2235,Poor,Public
2236,Standard,Public
2237,Poor,Public
2238,Poor,Public
2239,Standard,Public
2240,Standard,Public
2241,Good,Public
2242,Standard,Public
2243,Standard,Public
2244,Good,Public
2245,Standard,Public
2246,Standard,Public
2247,Standard,Public
2248,Good,Public
2249,Good,Public
2250,Poor,Public
2251,Standard,Public
2252,Standard,Public
2253,Poor,Public
2254,Poor,Public
2255,Good,Public
2256,Good,Public
2257,Standard,Public
2258,Standard,Public
2259,Poor,Public
2260,Poor,Public
2261,Standard,Public
2262,Standard,Public
2263,Standard,Public
2264,Standard,Public
2265,Standard,Public
2266,Poor,Public
2267,Standard,Public
2268,Standard,Public
2269,Standard,Public
2270,Standard,Public
2271,Standard,Public
2272,Standard,Public
2273,Poor,Public
2274,Standard,Public
2275,Standard,Public
2276,Good,Public
2277,Poor,Public
2278,Poor,Public
2279,Standard,Public
2280,Standard,Public
2281,Standard,Public
2282,Standard,Public
2283,Good,Public
2284,Standard,Public
2285,Standard,Public
2286,Standard,Public
2287,Standard,Public
2288,Standard,Public
2289,Good,Public
2290,Good,Public
2291,Standard,Public
2292,Standard,Public
2293,Poor,Public
2294,Standard,Public
2295,Standard,Public
2296,Standard,Public
2297,Standard,Public
2298,Poor,Public
2299,Poor,Public
2300,Standard,Public
2301,Poor,Public
2302,Standard,Public
2303,Poor,Public
2304,Poor,Public
2305,Standard,Public
2306,Standard,Public
2307,Good,Public
2308,Standard,Public
2309,Standard,Public
2310,Poor,Public
2311,Standard,Public
2312,Poor,Public
2313,Good,Public
2314,Standard,Public
2315,Standard,Public
2316,Standard,Public
2317,Good,Public
2318,Standard,Public
2319,Standard,Public
2320,Poor,Public
2321,Good,Public
2322,Standard,Public
2323,Poor,Public
2324,Standard,Public
2325,Standard,Public
2326,Standard,Public
2327,Standard,Public
2328,Standard,Public
2329,Standard,Public
2330,Standard,Public
2331,Good,Public
2332,Poor,Public
2333,Good,Public
2334,Poor,Public
2335,Good,Public
2336,Standard,Public
2337,Poor,Public
2338,Standard,Public
2339,Poor,Public
2340,Standard,Public
2341,Standard,Public
2342,Standard,Public
2343,Poor,Public
2344,Poor,Public
2345,Poor,Public
2346,Standard,Public
2347,Standard,Public
2348,Poor,Public
2349,Good,Public
2350,Poor,Public
2351,Standard,Public
2352,Poor,Public
2353,Standard,Public
2354,Poor,Public
2355,Standard,Public
2356,Good,Public
2357,Standard,Public
2358,Standard,Public
2359,Poor,Public
2360,Poor,Public
2361,Poor,Public
2362,Poor,Public
2363,Standard,Public
2364,Standard,Public
2365,Standard,Public
2366,Poor,Public
2367,Good,Public
2368,Standard,Public
2369,Poor,Public
2370,Poor,Public
2371,Standard,Public
2372,Poor,Public
2373,Standard,Public
2374,Good,Public
2375,Standard,Public
2376,Standard,Public
2377,Poor,Public
2378,Poor,Public
2379,Standard,Public
2380,Standard,Public
2381,Standard,Public
2382,Standard,Public
2383,Standard,Public
2384,Poor,Public
2385,Poor,Public
2386,Standard,Public
2387,Poor,Public
2388,Standard,Public
2389,Poor,Public
2390,Standard,Public
2391,Standard,Public
2392,Good,Public
2393,Poor,Public
2394,Standard,Public
2395,Standard,Public
2396,Poor,Public
2397,Good,Public
2398,Standard,Public
2399,Good,Public
2400,Good,Public
2401,Poor,Public
2402,Standard,Public
2403,Standard,Public
2404,Standard,Public
2405,Good,Public
2406,Poor,Public
2407,Poor,Public
2408,Standard,Public
2409,Good,Public
2410,Standard,Public
2411,Poor,Public
2412,Standard,Public
2413,Standard,Public
2414,Poor,Public
2415,Poor,Public
2416,Standard,Public
2417,Standard,Public
2418,Standard,Public
2419,Poor,Public
2420,Poor,Public
2421,Standard,Public
2422,Standard,Public
2423,Good,Public
2424,Poor,Public
2425,Good,Public
2426,Good,Public
2427,Standard,Public
2428,Good,Public
2429,Standard,Public
2430,Standard,Public
2431,Poor,Public
2432,Good,Public
2433,Standard,Public
2434,Good,Public
2435,Good,Public
2436,Poor,Public
2437,Poor,Public
2438,Poor,Public
2439,Standard,Public
2440,Standard,Public
2441,Good,Public
2442,Standard,Public
2443,Good,Public
2444,Standard,Public
2445,Poor,Public
2446,Poor,Public
2447,Standard,Public
2448,Standard,Public
2449,Standard,Public
2450,Standard,Public
2451,Standard,Public
2452,Poor,Public
2453,Good,Public
2454,Standard,Public
2455,Standard,Public
2456,Poor,Public
2457,Standard,Public
2458,Poor,Public
2459,Good,Public
2460,Poor,Public
2461,Standard,Public
2462,Standard,Public
2463,Standard,Public
2464,Poor,Public
2465,Standard,Public
2466,Good,Public
2467,Poor,Public
2468,Poor,Public
2469,Standard,Public
2470,Poor,Public
2471,Standard,Public
2472,Standard,Public
2473,Good,Public
2474,Standard,Public
2475,Standard,Public
2476,Standard,Public
2477,Good,Public
2478,Standard,Public
2479,Standard,Public
2480,Standard,Public
2481,Standard,Public
2482,Standard,Public
2483,Standard,Public
2484,Poor,Public
2485,Standard,Public
2486,Standard,Public
2487,Standard,Public
2488,Good,Public
2489,Standard,Public
2490,Standard,Public
2491,Standard,Public
2492,Poor,Public
2493,Standard,Public
2494,Standard,Public
2495,Standard,Public
2496,Standard,Public
2497,Poor,Public
2498,Standard,Public
2499,Poor,Public
2500,Poor,Public
2501,Standard,Public
2502,Poor,Public
2503,Good,Public
2504,Poor,Public
2505,Standard,Public
2506,Poor,Public
2507,Standard,Public
2508,Standard,Public
2509,Good,Public
2510,Standard,Public
2511,Standard,Public
2512,Standard,Public
2513,Good,Public
2514,Good,Public
2515,Poor,Public
2516,Standard,Public
2517,Poor,Public
2518,Poor,Public
2519,Good,Public
2520,Good,Public
2521,Good,Public
2522,Good,Public
2523,Poor,Public
2524,Standard,Public
2525,Poor,Public
2526,Standard,Public
2527,Standard,Public
2528,Standard,Public
2529,Standard,Public
2530,Standard,Public
2531,Good,Public
2532,Good,Public
2533,Standard,Public
2534,Standard,Public
2535,Standard,Public
2536,Poor,Public
2537,Poor,Public
2538,Poor,Public
2539,Poor,Public
2540,Standard,Public
2541,Poor,Public
2542,Standard,Public
2543,Good,Public
2544,Poor,Public
2545,Poor,Public
2546,Standard,Public
2547,Standard,Public
2548,Good,Public
2549,Good,Public
2550,Standard,Public
2551,Standard,Public
2552,Standard,Public
2553,Poor,Public
2554,Good,Public
2555,Standard,Public
2556,Standard,Public
2557,Standard,Public
2558,Standard,Public
2559,Standard,Public
2560,Standard,Public
2561,Standard,Public
2562,Good,Public
2563,Poor,Public
2564,Good,Public
2565,Standard,Public
2566,Good,Public
2567,Standard,Public
2568,Good,Public
2569,Good,Public
2570,Standard,Public
2571,Good,Public
2572,Standard,Public
2573,Poor,Public
2574,Poor,Public
2575,Standard,Public
2576,Poor,Public
2577,Good,Public
2578,Standard,Public
2579,Good,Public
2580,Standard,Public
2581,Standard,Public
2582,Poor,Public
2583,Poor,Public
2584,Standard,Public
2585,Good,Public
2586,Poor,Public
2587,Standard,Public
2588,Standard,Public
2589,Good,Public
2590,Standard,Public
2591,Standard,Public
2592,Good,Public
2593,Good,Public
2594,Standard,Public
2595,Poor,Public
2596,Standard,Public
2597,Poor,Public
2598,Poor,Public
2599,Standard,Public
2600,Good,Public
2601,Good,Public
2602,Good,Public
2603,Good,Public
2604,Standard,Public
2605,Good,Public
2606,Poor,Public
2607,Poor,Public
2608,Standard,Public
2609,Poor,Public
2610,Poor,Public
2611,Poor,Public
2612,Good,Public
2613,Standard,Public
2614,Poor,Public
2615,Poor,Public
2616,Poor,Public
2617,Poor,Public
2618,Poor,Public
2619,Good,Public
2620,Standard,Public
2621,Standard,Public
2622,Standard,Public
2623,Poor,Public
2624,Standard,Public
2625,Good,Public
2626,Standard,Public
2627,Good,Public
2628,Standard,Public
2629,Poor,Public
2630,Standard,Public
2631,Standard,Public
2632,Poor,Public
2633,Poor,Public
2634,Good,Public
2635,Standard,Public
2636,Standard,Public
2637,Good,Public
2638,Poor,Public
2639,Standard,Public
2640,Standard,Public
2641,Poor,Public
2642,Standard,Public
2643,Good,Public
2644,Poor,Public
2645,Standard,Public
2646,Standard,Public
2647,Poor,Public
2648,Standard,Public
2649,Poor,Public
2650,Standard,Public
2651,Standard,Public
2652,Good,Public
2653,Standard,Public
2654,Poor,Public
2655,Standard,Public
2656,Standard,Public
2657,Standard,Public
2658,Standard,Public
2659,Standard,Public
2660,Poor,Public
2661,Standard,Public
2662,Good,Public
2663,Good,Public
2664,Standard,Public
2665,Poor,Public
2666,Poor,Public
2667,Good,Public
2668,Standard,Public
2669,Standard,Public
2670,Poor,Public
2671,Poor,Public
2672,Standard,Public
2673,Standard,Public
2674,Standard,Public
2675,Standard,Public
2676,Standard,Public
2677,Poor,Public
2678,Standard,Public
2679,Good,Public
2680,Standard,Public
2681,Poor,Public
2682,Standard,Public
2683,Poor,Public
2684,Standard,Public
2685,Good,Public
2686,Good,Public
2687,Poor,Public
2688,Standard,Public
2689,Poor,Public
2690,Standard,Public
2691,Poor,Public
2692,Poor,Public
2693,Standard,Public
2694,Good,Public
2695,Poor,Public
2696,Standard,Public
2697,Good,Public
2698,Good,Public
2699,Standard,Public
2700,Poor,Public
2701,Standard,Public
2702,Standard,Public
2703,Standard,Public
2704,Standard,Public
2705,Poor,Public
2706,Poor,Public
2707,Standard,Public
2708,Good,Public
2709,Standard,Public
2710,Poor,Public
2711,Poor,Public
2712,Standard,Public
2713,Standard,Public
2714,Standard,Public
2715,Good,Public
2716,Poor,Public
2717,Standard,Public
2718,Good,Public
2719,Standard,Public
2720,Poor,Public
2721,Standard,Public
2722,Good,Public
2723,Standard,Public
2724,Standard,Public
2725,Standard,Public
2726,Poor,Public
2727,Standard,Public
2728,Standard,Public
2729,Standard,Public
2730,Standard,Public
2731,Standard,Public
2732,Poor,Public
2733,Standard,Public
2734,Good,Public
2735,Standard,Public
2736,Poor,Public
2737,Standard,Public
2738,Good,Public
2739,Standard,Public
2740,Poor,Public
2741,Standard,Public
2742,Good,Public
2743,Poor,Public
2744,Poor,Public
2745,Standard,Public
2746,Poor,Public
2747,Poor,Public
2748,Standard,Public
2749,Standard,Public
2750,Good,Public
2751,Standard,Public
2752,Standard,Public
2753,Standard,Public
2754,Poor,Public
2755,Good,Public
2756,Standard,Public
2757,Good,Public
2758,Poor,Public
2759,Poor,Public
2760,Good,Public
2761,Standard,Public
2762,Good,Public
2763,Standard,Public
2764,Standard,Public
2765,Standard,Public
2766,Standard,Public
2767,Poor,Public
2768,Standard,Public
2769,Standard,Public
2770,Poor,Public
2771,Standard,Public
2772,Standard,Public
2773,Good,Public
2774,Standard,Public
2775,Standard,Public
2776,Standard,Public
2777,Standard,Public
2778,Standard,Public
2779,Standard,Public
2780,Good,Public
2781,Standard,Public
2782,Good,Public
2783,Standard,Public
2784,Poor,Public
2785,Poor,Public
2786,Poor,Public
2787,Poor,Public
2788,Poor,Public
2789,Standard,Public
2790,Poor,Public
2791,Good,Public
2792,Standard,Public
2793,Standard,Public
2794,Standard,Public
2795,Good,Public
2796,Standard,Public
2797,Poor,Public
2798,Poor,Public
2799,Poor,Public
2800,Standard,Public
2801,Poor,Public
2802,Poor,Public
2803,Good,Public
2804,Poor,Public
2805,Standard,Public
2806,Standard,Public
2807,Poor,Public
2808,Standard,Public
2809,Standard,Public
2810,Poor,Public
2811,Standard,Public
2812,Standard,Public
2813,Standard,Public
2814,Good,Public
2815,Standard,Public
2816,Standard,Public
2817,Standard,Public
2818,Standard,Public
2819,Poor,Public
2820,Poor,Public
2821,Standard,Public
2822,Standard,Public
2823,Standard,Public
2824,Poor,Public
2825,Standard,Public
2826,Standard,Public
2827,Standard,Public
2828,Standard,Public
2829,Poor,Public
2830,Standard,Public
2831,Poor,Public
2832,Poor,Public
2833,Standard,Public
2834,Standard,Public
2835,Standard,Public
2836,Standard,Public
2837,Good,Public
2838,Standard,Public
2839,Standard,Public
2840,Standard,Public
2841,Poor,Public
2842,Standard,Public
2843,Poor,Public
2844,Standard,Public
2845,Good,Public
2846,Standard,Public
2847,Poor,Public
2848,Standard,Public
2849,Good,Public
2850,Good,Public
2851,Standard,Public
2852,Good,Public
2853,Standard,Public
2854,Standard,Public
2855,Good,Public
2856,Good,Public
2857,Poor,Public
2858,Good,Public
2859,Poor,Public
2860,Poor,Public
2861,Standard,Public
2862,Standard,Public
2863,Standard,Public
2864,Poor,Public
2865,Standard,Public
2866,Poor,Public
2867,Standard,Public
2868,Standard,Public
2869,Standard,Public
2870,Standard,Public
2871,Poor,Public
2872,Standard,Public
2873,Standard,Public
2874,Standard,Public
2875,Standard,Public
2876,Good,Public
2877,Standard,Public
2878,Good,Public
2879,Standard,Public
2880,Standard,Public
2881,Standard,Public
2882,Good,Public
2883,Poor,Public
2884,Standard,Public
2885,Standard,Public
2886,Good,Public
2887,Poor,Public
2888,Good,Public
2889,Good,Public
2890,Good,Public
2891,Poor,Public
2892,Poor,Public
2893,Poor,Public
2894,Poor,Public
2895,Standard,Public
2896,Poor,Public
2897,Standard,Public
2898,Standard,Public
2899,Standard,Public
2900,Standard,Public
2901,Standard,Public
2902,Standard,Public
2903,Poor,Public
2904,Good,Public
2905,Standard,Public
2906,Good,Public
2907,Standard,Public
2908,Standard,Public
2909,Good,Public
2910,Standard,Public
2911,Standard,Public
2912,Poor,Public
2913,Standard,Public
2914,Standard,Public
2915,Standard,Public
2916,Poor,Public
2917,Standard,Public
2918,Standard,Public
2919,Poor,Public
2920,Standard,Public
2921,Standard,Public
2922,Standard,Public
2923,Poor,Public
2924,Standard,Public
2925,Good,Public
2926,Standard,Public
2927,Poor,Public
2928,Poor,Public
2929,Standard,Public
2930,Poor,Public
2931,Standard,Public
2932,Poor,Public
2933,Good,Public
2934,Standard,Public
2935,Poor,Public
2936,Poor,Public
2937,Standard,Public
2938,Poor,Public
2939,Good,Public
2940,Good,Public
2941,Standard,Public
2942,Standard,Public
2943,Standard,Public
2944,Poor,Public
2945,Standard,Public
2946,Standard,Public
2947,Poor,Public
2948,Standard,Public
2949,Standard,Public
2950,Poor,Public
2951,Poor,Public
2952,Standard,Public
2953,Poor,Public
2954,Poor,Public
2955,Standard,Public
2956,Standard,Public
2957,Standard,Public
2958,Standard,Public
2959,Poor,Public
2960,Standard,Public
2961,Standard,Public
2962,Poor,Public
2963,Poor,Public
2964,Standard,Public
2965,Standard,Public
2966,Good,Public
2967,Poor,Public
2968,Good,Public
2969,Standard,Public
2970,Poor,Public
2971,Standard,Public
2972,Standard,Public
2973,Standard,Public
2974,Poor,Public
2975,Standard,Public
2976,Standard,Public
2977,Poor,Public
2978,Standard,Public
2979,Standard,Public
2980,Poor,Public
2981,Standard,Public
2982,Poor,Public
2983,Standard,Public
2984,Good,Public
2985,Poor,Public
2986,Standard,Public
2987,Standard,Public
2988,Standard,Public
2989,Standard,Public
2990,Poor,Public
2991,Poor,Public
2992,Poor,Public
2993,Good,Public
2994,Good,Public
2995,Poor,Public
2996,Standard,Public
2997,Poor,Public
2998,Poor,Public
2999,Good,Public
3000,Poor,Public
3001,Standard,Public
3002,Good,Public
3003,Standard,Public
3004,Poor,Public
3005,Standard,Public
3006,Standard,Public
3007,Standard,Public
3008,Standard,Public
3009,Standard,Public
3010,Standard,Public
3011,Standard,Public
3012,Standard,Public
3013,Standard,Public
3014,Good,Public
3015,Standard,Public
3016,Standard,Public
3017,Standard,Public
3018,Standard,Public
3019,Poor,Public
3020,Poor,Public
3021,Standard,Public
3022,Poor,Public
3023,Poor,Public
3024,Good,Public
3025,Standard,Public
3026,Poor,Public
3027,Standard,Public
3028,Good,Public
3029,Poor,Public
3030,Standard,Public
3031,Good,Public
3032,Good,Public
3033,Standard,Public
3034,Standard,Public
3035,Standard,Public
3036,Standard,Public
3037,Standard,Public
3038,Standard,Public
3039,Standard,Public
3040,Poor,Public
3041,Poor,Public
3042,Standard,Public
3043,Standard,Public
3044,Poor,Public
3045,Good,Public
3046,Standard,Public
3047,Poor,Public
3048,Good,Public
3049,Poor,Public
3050,Good,Public
3051,Standard,Public
3052,Poor,Public
3053,Standard,Public
3054,Good,Public
3055,Good,Public
3056,Good,Public
3057,Standard,Public
3058,Poor,Public
3059,Good,Public
3060,Standard,Public
3061,Standard,Public
3062,Standard,Public
3063,Good,Public
3064,Standard,Public
3065,Standard,Public
3066,Good,Public
3067,Poor,Public
3068,Standard,Public
3069,Good,Public
3070,Poor,Public
3071,Poor,Public
3072,Standard,Public
3073,Standard,Public
3074,Standard,Public
3075,Standard,Public
3076,Standard,Public
3077,Good,Public
3078,Poor,Public
3079,Standard,Public
3080,Standard,Public
3081,Standard,Public
3082,Poor,Public
3083,Standard,Public
3084,Poor,Public
3085,Standard,Public
3086,Standard,Public
3087,Standard,Public
3088,Standard,Public
3089,Standard,Public
3090,Standard,Public
3091,Good,Public
3092,Good,Public
3093,Standard,Public
3094,Standard,Public
3095,Standard,Public
3096,Standard,Public
3097,Poor,Public
3098,Standard,Public
3099,Standard,Public
3100,Poor,Public
3101,Standard,Public
3102,Standard,Public
3103,Poor,Public
3104,Standard,Public
3105,Good,Public
3106,Standard,Public
3107,Standard,Public
3108,Standard,Public
3109,Standard,Public
3110,Good,Public
3111,Good,Public
3112,Standard,Public
3113,Standard,Public
3114,Standard,Public
3115,Standard,Public
3116,Standard,Public
3117,Standard,Public
3118,Standard,Public
3119,Standard,Public
3120,Standard,Public
3121,Standard,Public
3122,Standard,Public
3123,Standard,Public
3124,Poor,Public
3125,Standard,Public
3126,Standard,Public
3127,Poor,Public
3128,Poor,Public
3129,Standard,Public
3130,Standard,Public
3131,Poor,Public
3132,Standard,Public
3133,Poor,Public
3134,Standard,Public
3135,Standard,Public
3136,Standard,Public
3137,Poor,Public
3138,Standard,Public
3139,Poor,Public
3140,Standard,Public
3141,Standard,Public
3142,Poor,Public
3143,Standard,Public
3144,Standard,Public
3145,Good,Public
3146,Standard,Public
3147,Standard,Public
3148,Poor,Public
3149,Good,Public
3150,Standard,Public
3151,Good,Public
3152,Standard,Public
3153,Standard,Public
3154,Standard,Public
3155,Standard,Public
3156,Poor,Public
3157,Standard,Public
3158,Good,Public
3159,Good,Public
3160,Standard,Public
3161,Standard,Public
3162,Standard,Public
3163,Standard,Public
3164,Poor,Public
3165,Poor,Public
3166,Good,Public
3167,Standard,Public
3168,Standard,Public
3169,Standard,Public
3170,Standard,Public
3171,Poor,Public
3172,Standard,Public
3173,Standard,Public
3174,Standard,Public
3175,Poor,Public
3176,Standard,Public
3177,Standard,Public
3178,Standard,Public
3179,Good,Public
3180,Good,Public
3181,Standard,Public
3182,Poor,Public
3183,Standard,Public
3184,Good,Public
3185,Poor,Public
3186,Poor,Public
3187,Standard,Public
3188,Standard,Public
3189,Poor,Public
3190,Standard,Public
3191,Standard,Public
3192,Poor,Public
3193,Good,Public
3194,Poor,Public
3195,Standard,Public
3196,Standard,Public
3197,Standard,Public
3198,Poor,Public
3199,Standard,Public
3200,Poor,Public
3201,Poor,Public
3202,Standard,Public
3203,Poor,Public
3204,Poor,Public
3205,Standard,Public
3206,Standard,Public
3207,Standard,Public
3208,Standard,Public
3209,Poor,Public
3210,Standard,Public
3211,Poor,Public
3212,Standard,Public
3213,Poor,Public
3214,Standard,Public
3215,Poor,Public
3216,Good,Public
3217,Standard,Public
3218,Standard,Public
3219,Standard,Public
3220,Standard,Public
3221,Poor,Public
3222,Standard,Public
3223,Poor,Public
3224,Poor,Public
3225,Standard,Public
3226,Poor,Public
3227,Standard,Public
3228,Good,Public
3229,Good,Public
3230,Good,Public
3231,Poor,Public
3232,Good,Public
3233,Poor,Public
3234,Good,Public
3235,Poor,Public
3236,Standard,Public
3237,Standard,Public
3238,Standard,Public
3239,Poor,Public
3240,Poor,Public
3241,Standard,Public
3242,Standard,Public
3243,Standard,Public
3244,Good,Public
3245,Standard,Public
3246,Poor,Public
3247,Standard,Public
3248,Poor,Public
3249,Standard,Public
3250,Poor,Public
3251,Standard,Public
3252,Standard,Public
3253,Standard,Public
3254,Standard,Public
3255,Standard,Public
3256,Standard,Public
3257,Standard,Public
3258,Poor,Public
3259,Poor,Public
3260,Standard,Public
3261,Standard,Public
3262,Standard,Public
3263,Standard,Public
3264,Standard,Public
3265,Poor,Public
3266,Good,Public
3267,Standard,Public
3268,Standard,Public
3269,Standard,Public
3270,Poor,Public
3271,Good,Public
3272,Standard,Public
3273,Standard,Public
3274,Poor,Public
3275,Standard,Public
3276,Poor,Public
3277,Poor,Public
3278,Standard,Public
3279,Standard,Public
3280,Poor,Public
3281,Good,Public
3282,Standard,Public
3283,Standard,Public
3284,Poor,Public
3285,Standard,Public
3286,Good,Public
3287,Poor,Public
3288,Standard,Public
3289,Standard,Public
3290,Poor,Public
3291,Poor,Public
3292,Good,Public
3293,Standard,Public
3294,Standard,Public
3295,Good,Public
3296,Standard,Public
3297,Standard,Public
3298,Standard,Public
3299,Poor,Public
3300,Good,Public
3301,Standard,Public
3302,Standard,Public
3303,Standard,Public
3304,Standard,Public
3305,Standard,Public
3306,Standard,Public
3307,Standard,Public
3308,Standard,Public
3309,Standard,Public
3310,Good,Public
3311,Standard,Public
3312,Standard,Public
3313,Standard,Public
3314,Good,Public
3315,Poor,Public
3316,Good,Public
3317,Standard,Public
3318,Standard,Public
3319,Standard,Public
3320,Poor,Public
3321,Poor,Public
3322,Standard,Public
3323,Poor,Public
3324,Standard,Public
3325,Poor,Public
3326,Standard,Public
3327,Poor,Public
3328,Standard,Public
3329,Standard,Public
3330,Standard,Public
3331,Good,Public
3332,Poor,Public
3333,Poor,Public
3334,Poor,Public
3335,Good,Public
3336,Poor,Public
3337,Standard,Public
3338,Standard,Public
3339,Good,Public
3340,Poor,Public
3341,Poor,Public
3342,Good,Public
3343,Poor,Public
3344,Poor,Public
3345,Good,Public
3346,Poor,Public
3347,Good,Public
3348,Good,Public
3349,Poor,Public
3350,Standard,Public
3351,Standard,Public
3352,Poor,Public
3353,Poor,Public
3354,Good,Public
3355,Standard,Public
3356,Poor,Public
3357,Good,Public
3358,Standard,Public
3359,Standard,Public
3360,Good,Public
3361,Standard,Public
3362,Good,Public
3363,Good,Public
3364,Good,Public
3365,Poor,Public
3366,Standard,Public
3367,Standard,Public
3368,Poor,Public
3369,Poor,Public
3370,Poor,Public
3371,Poor,Public
3372,Standard,Public
3373,Standard,Public
3374,Poor,Public
3375,Standard,Public
3376,Poor,Public
3377,Standard,Public
3378,Poor,Public
3379,Standard,Public
3380,Standard,Public
3381,Standard,Public
3382,Standard,Public
3383,Standard,Public
3384,Standard,Public
3385,Standard,Public
3386,Standard,Public
3387,Standard,Public
3388,Standard,Public
3389,Poor,Public
3390,Poor,Public
3391,Good,Public
3392,Standard,Public
3393,Good,Public
3394,Standard,Public
3395,Standard,Public
3396,Poor,Public
3397,Standard,Public
3398,Good,Public
3399,Standard,Public
3400,Standard,Public
3401,Standard,Public
3402,Poor,Public
3403,Standard,Public
3404,Standard,Public
3405,Poor,Public
3406,Standard,Public
3407,Good,Public
3408,Good,Public
3409,Good,Public
3410,Standard,Public
3411,Poor,Public
3412,Poor,Public
3413,Standard,Public
3414,Standard,Public
3415,Standard,Public
3416,Standard,Public
3417,Standard,Public
3418,Standard,Public
3419,Poor,Public
3420,Standard,Public
3421,Standard,Public
3422,Standard,Public
3423,Good,Public
3424,Poor,Public
3425,Standard,Public
3426,Poor,Public
3427,Standard,Public
3428,Standard,Public
3429,Poor,Public
3430,Standard,Public
3431,Good,Public
3432,Standard,Public
3433,Poor,Public
3434,Standard,Public
3435,Standard,Public
3436,Standard,Public
3437,Poor,Public
3438,Standard,Public
3439,Poor,Public
3440,Good,Public
3441,Poor,Public
3442,Good,Public
3443,Standard,Public
3444,Good,Public
3445,Poor,Public
3446,Standard,Public
3447,Poor,Public
3448,Standard,Public
3449,Standard,Public
3450,Poor,Public
3451,Poor,Public
3452,Standard,Public
3453,Standard,Public
3454,Poor,Public
3455,Standard,Public
3456,Standard,Public
3457,Poor,Public
3458,Standard,Public
3459,Standard,Public
3460,Poor,Public
3461,Standard,Public
3462,Standard,Public
3463,Standard,Public
3464,Good,Public
3465,Poor,Public
3466,Poor,Public
3467,Standard,Public
3468,Standard,Public
3469,Poor,Public
3470,Standard,Public
3471,Poor,Public
3472,Standard,Public
3473,Standard,Public
3474,Standard,Public
3475,Standard,Public
3476,Standard,Public
3477,Good,Public
3478,Good,Public
3479,Standard,Public
3480,Good,Public
3481,Standard,Public
3482,Standard,Public
3483,Standard,Public
3484,Standard,Public
3485,Good,Public
3486,Standard,Public
3487,Standard,Public
3488,Standard,Public
3489,Standard,Public
3490,Standard,Public
3491,Good,Public
3492,Poor,Public
3493,Good,Public
3494,Poor,Public
3495,Standard,Public
3496,Standard,Public
3497,Poor,Public
3498,Standard,Public
3499,Standard,Public
3500,Standard,Public
3501,Poor,Public
3502,Good,Public
3503,Good,Public
3504,Standard,Public
3505,Standard,Public
3506,Poor,Public
3507,Standard,Public
3508,Standard,Public
3509,Poor,Public
3510,Standard,Public
3511,Standard,Public
3512,Poor,Public
3513,Standard,Public
3514,Standard,Public
3515,Poor,Public
3516,Standard,Public
3517,Standard,Public
3518,Good,Public
3519,Standard,Public
3520,Poor,Public
3521,Poor,Public
3522,Standard,Public
3523,Poor,Public
3524,Good,Public
3525,Standard,Public
3526,Standard,Public
3527,Poor,Public
3528,Standard,Public
3529,Good,Public
3530,Poor,Public
3531,Poor,Public
3532,Good,Public
3533,Good,Public
3534,Standard,Public
3535,Good,Public
3536,Good,Public
3537,Standard,Public
3538,Poor,Public
3539,Poor,Public
3540,Standard,Public
3541,Standard,Public
3542,Standard,Public
3543,Poor,Public
3544,Standard,Public
3545,Poor,Public
3546,Standard,Public
3547,Poor,Public
3548,Standard,Public
3549,Poor,Public
3550,Good,Public
3551,Poor,Public
3552,Good,Public
3553,Poor,Public
3554,Standard,Public
3555,Good,Public
3556,Standard,Public
3557,Standard,Public
3558,Standard,Public
3559,Good,Public
3560,Standard,Public
3561,Standard,Public
3562,Good,Public
3563,Poor,Public
3564,Standard,Public
3565,Poor,Public
3566,Standard,Public
3567,Standard,Public
3568,Poor,Public
3569,Standard,Public
3570,Poor,Public
3571,Standard,Public
3572,Good,Public
3573,Poor,Public
3574,Standard,Public
3575,Good,Public
3576,Good,Public
3577,Standard,Public
3578,Poor,Public
3579,Standard,Public
3580,Poor,Public
3581,Standard,Public
3582,Standard,Public
3583,Standard,Public
3584,Poor,Public
3585,Standard,Public
3586,Good,Public
3587,Standard,Public
3588,Standard,Public
3589,Standard,Public
3590,Good,Public
3591,Standard,Public
3592,Good,Public
3593,Standard,Public
3594,Standard,Public
3595,Poor,Public
3596,Standard,Public
3597,Standard,Public
3598,Standard,Public
3599,Standard,Public
3600,Standard,Public
3601,Poor,Public
3602,Poor,Public
3603,Standard,Public
3604,Poor,Public
3605,Good,Public
3606,Standard,Public
3607,Standard,Public
3608,Standard,Public
3609,Standard,Public
3610,Poor,Public
3611,Standard,Public
3612,Poor,Public
3613,Good,Public
3614,Standard,Public
3615,Standard,Public
3616,Good,Public
3617,Poor,Public
3618,Standard,Public
3619,Standard,Public
3620,Poor,Public
3621,Good,Public
3622,Standard,Public
3623,Standard,Public
3624,Good,Public
3625,Poor,Public
3626,Good,Public
3627,Standard,Public
3628,Poor,Public
3629,Standard,Public
3630,Standard,Public
3631,Standard,Public
3632,Poor,Public
3633,Standard,Public
3634,Standard,Public
3635,Standard,Public
3636,Good,Public
3637,Poor,Public
3638,Standard,Public
3639,Standard,Public
3640,Standard,Public
3641,Standard,Public
3642,Poor,Public
3643,Standard,Public
3644,Standard,Public
3645,Standard,Public
3646,Standard,Public
3647,Standard,Public
3648,Standard,Public
3649,Standard,Public
3650,Poor,Public
3651,Standard,Public
3652,Standard,Public
3653,Good,Public
3654,Standard,Public
3655,Standard,Public
3656,Standard,Public
3657,Standard,Public
3658,Standard,Public
3659,Standard,Public
3660,Good,Public
3661,Poor,Public
3662,Standard,Public
3663,Standard,Public
3664,Good,Public
3665,Good,Public
3666,Poor,Public
3667,Good,Public
3668,Good,Public
3669,Standard,Public
3670,Standard,Public
3671,Standard,Public
3672,Good,Public
3673,Good,Public
3674,Good,Public
3675,Standard,Public
3676,Standard,Public
3677,Standard,Public
3678,Poor,Public
3679,Poor,Public
3680,Good,Public
3681,Poor,Public
3682,Poor,Public
3683,Standard,Public
3684,Poor,Public
3685,Standard,Public
3686,Standard,Public
3687,Poor,Public
3688,Poor,Public
3689,Standard,Public
3690,Poor,Public
3691,Standard,Public
3692,Standard,Public
3693,Standard,Public
3694,Good,Public
3695,Poor,Public
3696,Standard,Public
3697,Poor,Public
3698,Standard,Public
3699,Standard,Public
3700,Standard,Public
3701,Poor,Public
3702,Standard,Public
3703,Standard,Public
3704,Poor,Public
3705,Poor,Public
3706,Standard,Public
3707,Poor,Public
3708,Standard,Public
3709,Standard,Public
3710,Poor,Public
3711,Good,Public
3712,Standard,Public
3713,Good,Public
3714,Standard,Public
3715,Standard,Public
3716,Poor,Public
3717,Standard,Public
3718,Standard,Public
3719,Standard,Public
3720,Good,Public
3721,Standard,Public
3722,Standard,Public
3723,Standard,Public
3724,Standard,Public
3725,Standard,Public
3726,Standard,Public
3727,Standard,Public
3728,Good,Public
3729,Standard,Public
3730,Standard,Public
3731,Good,Public
3732,Standard,Public
3733,Standard,Public
3734,Poor,Public
3735,Poor,Public
3736,Standard,Public
3737,Standard,Public
3738,Standard,Public
3739,Poor,Public
3740,Standard,Public
3741,Standard,Public
3742,Poor,Public
3743,Good,Public
3744,Standard,Public
3745,Standard,Public
3746,Poor,Public
3747,Standard,Public
3748,Standard,Public
3749,Poor,Public
3750,Good,Public
3751,Standard,Public
3752,Standard,Public
3753,Standard,Public
3754,Standard,Public
3755,Standard,Public
3756,Poor,Public
3757,Good,Public
3758,Poor,Public
3759,Standard,Public
3760,Standard,Public
3761,Standard,Public
3762,Poor,Public
3763,Standard,Public
3764,Poor,Public
3765,Standard,Public
3766,Good,Public
3767,Standard,Public
3768,Standard,Public
3769,Good,Public
3770,Poor,Public
3771,Standard,Public
3772,Poor,Public
3773,Standard,Public
3774,Standard,Public
3775,Standard,Public
3776,Standard,Public
3777,Poor,Public
3778,Good,Public
3779,Standard,Public
3780,Standard,Public
3781,Standard,Public
3782,Standard,Public
3783,Poor,Public
3784,Good,Public
3785,Good,Public
3786,Standard,Public
3787,Standard,Public
3788,Standard,Public
3789,Good,Public
3790,Good,Public
3791,Poor,Public
3792,Good,Public
3793,Standard,Public
3794,Poor,Public
3795,Good,Public
3796,Standard,Public
3797,Standard,Public
3798,Standard,Public
3799,Good,Public
3800,Poor,Public
3801,Standard,Public
3802,Standard,Public
3803,Standard,Public
3804,Poor,Public
3805,Poor,Public
3806,Standard,Public
3807,Poor,Public
3808,Standard,Public
3809,Poor,Public
3810,Standard,Public
3811,Standard,Public
3812,Poor,Public
3813,Poor,Public
3814,Standard,Public
3815,Good,Public
3816,Standard,Public
3817,Good,Public
3818,Good,Public
3819,Standard,Public
3820,Poor,Public
3821,Standard,Public
3822,Good,Public
3823,Poor,Public
3824,Standard,Public
3825,Poor,Public
3826,Good,Public
3827,Standard,Public
3828,Standard,Public
3829,Poor,Public
3830,Standard,Public
3831,Standard,Public
3832,Standard,Public
3833,Standard,Public
3834,Standard,Public
3835,Standard,Public
3836,Poor,Public
3837,Standard,Public
3838,Standard,Public
3839,Poor,Public
3840,Good,Public
3841,Poor,Public
3842,Standard,Public
3843,Standard,Public
3844,Good,Public
3845,Poor,Public
3846,Standard,Public
3847,Standard,Public
3848,Standard,Public
3849,Standard,Public
3850,Standard,Public
3851,Standard,Public
3852,Good,Public
3853,Standard,Public
3854,Standard,Public
3855,Standard,Public
3856,Standard,Public
3857,Standard,Public
3858,Standard,Public
3859,Poor,Public
3860,Poor,Public
3861,Poor,Public
3862,Standard,Public
3863,Standard,Public
3864,Standard,Public
3865,Poor,Public
3866,Standard,Public
3867,Standard,Public
3868,Poor,Public
3869,Standard,Public
3870,Poor,Public
3871,Poor,Public
3872,Standard,Public
3873,Standard,Public
3874,Standard,Public
3875,Standard,Public
3876,Good,Public
3877,Poor,Public
3878,Poor,Public
3879,Good,Public
3880,Standard,Public
3881,Standard,Public
3882,Good,Public
3883,Poor,Public
3884,Poor,Public
3885,Standard,Public
3886,Standard,Public
3887,Poor,Public
3888,Poor,Public
3889,Poor,Public
3890,Standard,Public
3891,Standard,Public
3892,Poor,Public
3893,Standard,Public
3894,Standard,Public
3895,Standard,Public
3896,Poor,Public
3897,Poor,Public
3898,Standard,Public
3899,Standard,Public
3900,Standard,Public
3901,Standard,Public
3902,Standard,Public
3903,Standard,Public
3904,Standard,Public
3905,Good,Public
3906,Standard,Public
3907,Standard,Public
3908,Poor,Public
3909,Good,Public
3910,Good,Public
3911,Good,Public
3912,Standard,Public
3913,Poor,Public
3914,Good,Public
3915,Standard,Public
3916,Standard,Public
3917,Poor,Public
3918,Standard,Public
3919,Standard,Public
3920,Standard,Public
3921,Good,Public
3922,Poor,Public
3923,Poor,Public
3924,Poor,Public
3925,Standard,Public
3926,Poor,Public
3927,Standard,Public
3928,Poor,Public
3929,Standard,Public
3930,Standard,Public
3931,Standard,Public
3932,Standard,Public
3933,Standard,Public
3934,Standard,Public
3935,Standard,Public
3936,Poor,Public
3937,Standard,Public
3938,Poor,Public
3939,Poor,Public
3940,Poor,Public
3941,Poor,Public
3942,Poor,Public
3943,Good,Public
3944,Standard,Public
3945,Standard,Public
3946,Standard,Public
3947,Poor,Public
3948,Standard,Public
3949,Standard,Public
3950,Standard,Public
3951,Standard,Public
3952,Poor,Public
3953,Standard,Public
3954,Standard,Public
3955,Standard,Public
3956,Standard,Public
3957,Standard,Public
3958,Standard,Public
3959,Standard,Public
3960,Good,Public
3961,Good,Public
3962,Standard,Public
3963,Poor,Public
3964,Poor,Public
3965,Good,Public
3966,Standard,Public
3967,Standard,Public
3968,Good,Public
3969,Good,Public
3970,Good,Public
3971,Poor,Public
3972,Standard,Public
3973,Standard,Public
3974,Standard,Public
3975,Standard,Public
3976,Standard,Public
3977,Standard,Public
3978,Poor,Public
3979,Standard,Public
3980,Standard,Public
3981,Standard,Public
3982,Standard,Public
3983,Poor,Public
3984,Standard,Public
3985,Good,Public
3986,Poor,Public
3987,Standard,Public
3988,Poor,Public
3989,Good,Public
3990,Good,Public
3991,Standard,Public
3992,Good,Public
3993,Poor,Public
3994,Standard,Public
3995,Poor,Public
3996,Poor,Public
3997,Poor,Public
3998,Good,Public
3999,Good,Public
4000,Poor,Public
4001,Standard,Public
4002,Good,Public
4003,Good,Public
4004,Poor,Public
4005,Poor,Public
4006,Standard,Public
4007,Standard,Public
4008,Good,Public
4009,Standard,Public
4010,Standard,Public
4011,Poor,Public
4012,Poor,Public
4013,Poor,Public
4014,Standard,Public
4015,Standard,Public
4016,Poor,Public
4017,Poor,Public
4018,Poor,Public
4019,Poor,Public
4020,Standard,Public
4021,Standard,Public
4022,Standard,Public
4023,Standard,Public
4024,Poor,Public
4025,Standard,Public
4026,Poor,Public
4027,Standard,Public
4028,Standard,Public
4029,Standard,Public
4030,Poor,Public
4031,Standard,Public
4032,Poor,Public
4033,Standard,Public
4034,Standard,Public
4035,Standard,Public
4036,Good,Public
4037,Standard,Public
4038,Good,Public
4039,Good,Public
4040,Good,Public
4041,Good,Public
4042,Standard,Public
4043,Standard,Public
4044,Poor,Public
4045,Standard,Public
4046,Poor,Public
4047,Standard,Public
4048,Good,Public
4049,Standard,Public
4050,Standard,Public
4051,Standard,Public
4052,Standard,Public
4053,Good,Public
4054,Standard,Public
4055,Poor,Public
4056,Standard,Public
4057,Standard,Public
4058,Standard,Public
4059,Standard,Public
4060,Good,Public
4061,Standard,Public
4062,Poor,Public
4063,Standard,Public
4064,Good,Public
4065,Poor,Public
4066,Standard,Public
4067,Poor,Public
4068,Standard,Public
4069,Poor,Public
4070,Good,Public
4071,Standard,Public
4072,Good,Public
4073,Poor,Public
4074,Poor,Public
4075,Standard,Public
4076,Standard,Public
4077,Standard,Public
4078,Standard,Public
4079,Standard,Public
4080,Standard,Public
4081,Standard,Public
4082,Poor,Public
4083,Poor,Public
4084,Standard,Public
4085,Standard,Public
4086,Poor,Public
4087,Standard,Public
4088,Poor,Public
4089,Standard,Public
4090,Good,Public
4091,Poor,Public
4092,Poor,Public
4093,Poor,Public
4094,Good,Public
4095,Standard,Public
4096,Standard,Public
4097,Poor,Public
4098,Standard,Public
4099,Poor,Public
4100,Standard,Public
4101,Poor,Public
4102,Poor,Public
4103,Standard,Public
4104,Poor,Public
4105,Standard,Public
4106,Standard,Public
4107,Poor,Public
4108,Good,Public
4109,Good,Public
4110,Standard,Public
4111,Good,Public
4112,Poor,Public
4113,Standard,Public
4114,Standard,Public
4115,Standard,Public
4116,Poor,Public
4117,Standard,Public
4118,Standard,Public
4119,Standard,Public
4120,Standard,Public
4121,Poor,Public
4122,Poor,Public
4123,Good,Public
4124,Standard,Public
4125,Standard,Public
4126,Standard,Public
4127,Poor,Public
4128,Standard,Public
4129,Standard,Public
4130,Good,Public
4131,Good,Public
4132,Standard,Public
4133,Poor,Public
4134,Standard,Public
4135,Poor,Public
4136,Standard,Public
4137,Poor,Public
4138,Standard,Public
4139,Poor,Public
4140,Standard,Public
4141,Poor,Public
4142,Poor,Public
4143,Standard,Public
4144,Good,Public
4145,Poor,Public
4146,Standard,Public
4147,Standard,Public
4148,Standard,Public
4149,Good,Public
4150,Poor,Public
4151,Poor,Public
4152,Standard,Public
4153,Poor,Public
4154,Standard,Public
4155,Good,Public
4156,Standard,Public
4157,Standard,Public
4158,Good,Public
4159,Standard,Public
4160,Good,Public
4161,Standard,Public
4162,Poor,Public
4163,Standard,Public
4164,Standard,Public
4165,Standard,Public
4166,Standard,Public
4167,Good,Public
4168,Standard,Public
4169,Standard,Public
4170,Poor,Public
4171,Standard,Public
4172,Poor,Public
4173,Standard,Public
4174,Poor,Public
4175,Standard,Public
4176,Standard,Public
4177,Good,Public
4178,Standard,Public
4179,Good,Public
4180,Poor,Public
4181,Standard,Public
4182,Standard,Public
4183,Good,Public
4184,Standard,Public
4185,Good,Public
4186,Poor,Public
4187,Standard,Public
4188,Poor,Public
4189,Poor,Public
4190,Standard,Public
4191,Standard,Public
4192,Standard,Public
4193,Good,Public
4194,Good,Public
4195,Standard,Public
4196,Poor,Public
4197,Good,Public
4198,Standard,Public
4199,Good,Public
4200,Standard,Public
4201,Standard,Public
4202,Standard,Public
4203,Poor,Public
4204,Poor,Public
4205,Good,Public
4206,Standard,Public
4207,Standard,Public
4208,Standard,Public
4209,Poor,Public
4210,Poor,Public
4211,Poor,Public
4212,Poor,Public
4213,Standard,Public
4214,Poor,Public
4215,Standard,Public
4216,Poor,Public
4217,Standard,Public
4218,Poor,Public
4219,Standard,Public
4220,Standard,Public
4221,Standard,Public
4222,Standard,Public
4223,Standard,Public
4224,Standard,Public
4225,Standard,Public
4226,Standard,Public
4227,Standard,Public
4228,Standard,Public
4229,Poor,Public
4230,Poor,Public
4231,Poor,Public
4232,Good,Public
4233,Standard,Public
4234,Poor,Public
4235,Standard,Public
4236,Poor,Public
4237,Standard,Public
4238,Good,Public
4239,Poor,Public
4240,Good,Public
4241,Standard,Public
4242,Standard,Public
4243,Good,Public
4244,Standard,Public
4245,Standard,Public
4246,Standard,Public
4247,Good,Public
4248,Standard,Public
4249,Good,Public
4250,Standard,Public
4251,Standard,Public
4252,Good,Public
4253,Poor,Public
4254,Poor,Public
4255,Standard,Public
4256,Standard,Public
4257,Poor,Public
4258,Poor,Public
4259,Poor,Public
4260,Standard,Public
4261,Poor,Public
4262,Standard,Public
4263,Standard,Public
4264,Poor,Public
4265,Standard,Public
4266,Poor,Public
4267,Standard,Public
4268,Poor,Public
4269,Poor,Public
4270,Poor,Public
4271,Poor,Public
4272,Standard,Public
4273,Standard,Public
4274,Good,Public
4275,Good,Public
4276,Standard,Public
4277,Poor,Public
4278,Standard,Public
4279,Standard,Public
4280,Standard,Public
4281,Poor,Public
4282,Standard,Public
4283,Standard,Public
4284,Poor,Public
4285,Good,Public
4286,Poor,Public
4287,Standard,Public
4288,Standard,Public
4289,Standard,Public
4290,Standard,Public
4291,Good,Public
4292,Good,Public
4293,Poor,Public
4294,Poor,Public
4295,Poor,Public
4296,Standard,Public
4297,Standard,Public
4298,Standard,Public
4299,Good,Public
4300,Standard,Public
4301,Good,Public
4302,Standard,Public
4303,Standard,Public
4304,Good,Public
4305,Standard,Public
4306,Standard,Public
4307,Good,Public
4308,Standard,Public
4309,Standard,Public
4310,Poor,Public
4311,Standard,Public
4312,Standard,Public
4313,Standard,Public
4314,Good,Public
4315,Standard,Public
4316,Poor,Public
4317,Standard,Public
4318,Standard,Public
4319,Good,Public
4320,Standard,Public
4321,Good,Public
4322,Standard,Public
4323,Standard,Public
4324,Poor,Public
4325,Poor,Public
4326,Poor,Public
4327,Standard,Public
4328,Good,Public
4329,Good,Public
4330,Standard,Public
4331,Poor,Public
4332,Good,Public
4333,Standard,Public
4334,Poor,Public
4335,Poor,Public
4336,Good,Public
4337,Good,Public
4338,Standard,Public
4339,Standard,Public
4340,Standard,Public
4341,Good,Public
4342,Standard,Public
4343,Standard,Public
4344,Standard,Public
4345,Poor,Public
4346,Poor,Public
4347,Standard,Public
4348,Good,Public
4349,Standard,Public
4350,Standard,Public
4351,Poor,Public
4352,Standard,Public
4353,Good,Public
4354,Poor,Public
4355,Standard,Public
4356,Standard,Public
4357,Standard,Public
4358,Poor,Public
4359,Standard,Public
4360,Standard,Public
4361,Poor,Public
4362,Standard,Public
4363,Standard,Public
4364,Poor,Public
4365,Standard,Public
4366,Poor,Public
4367,Standard,Public
4368,Standard,Public
4369,Poor,Public
4370,Poor,Public
4371,Poor,Public
4372,Standard,Public
4373,Standard,Public
4374,Standard,Public
4375,Standard,Public
4376,Poor,Public
4377,Good,Public
4378,Poor,Public
4379,Standard,Public
4380,Standard,Public
4381,Standard,Public
4382,Standard,Public
4383,Poor,Public
4384,Standard,Public
4385,Poor,Public
4386,Standard,Public
4387,Good,Public
4388,Standard,Public
4389,Standard,Public
4390,Good,Public
4391,Standard,Public
4392,Poor,Public
4393,Standard,Public
4394,Standard,Public
4395,Standard,Public
4396,Standard,Public
4397,Good,Public
4398,Poor,Public
4399,Standard,Public
4400,Good,Public
4401,Standard,Public
4402,Poor,Public
4403,Poor,Public
4404,Good,Public
4405,Poor,Public
4406,Standard,Public
4407,Standard,Public
4408,Standard,Public
4409,Standard,Public
4410,Standard,Public
4411,Standard,Public
4412,Poor,Public
4413,Poor,Public
4414,Good,Public
4415,Good,Public
4416,Standard,Public
4417,Good,Public
4418,Good,Public
4419,Standard,Public
4420,Poor,Public
4421,Standard,Public
4422,Poor,Public
4423,Standard,Public
4424,Poor,Public
4425,Poor,Public
4426,Poor,Public
4427,Poor,Public
4428,Standard,Public
4429,Poor,Public
4430,Poor,Public
4431,Standard,Public
4432,Standard,Public
4433,Poor,Public
4434,Standard,Public
4435,Poor,Public
4436,Standard,Public
4437,Standard,Public
4438,Standard,Public
4439,Poor,Public
4440,Standard,Public
4441,Good,Public
4442,Poor,Public
4443,Poor,Public
4444,Standard,Public
4445,Standard,Public
4446,Standard,Public
4447,Standard,Public
4448,Standard,Public
4449,Standard,Public
4450,Standard,Public
4451,Poor,Public
4452,Standard,Public
4453,Poor,Public
4454,Poor,Public
4455,Poor,Public
4456,Poor,Public
4457,Standard,Public
4458,Standard,Public
4459,Standard,Public
4460,Standard,Public
4461,Poor,Public
4462,Poor,Public
4463,Standard,Public
4464,Standard,Public
4465,Standard,Public
4466,Good,Public
4467,Standard,Public
4468,Poor,Public
4469,Standard,Public
4470,Standard,Public
4471,Standard,Public
4472,Standard,Public
4473,Good,Public
4474,Poor,Public
4475,Standard,Public
4476,Good,Public
4477,Standard,Public
4478,Standard,Public
4479,Standard,Public
4480,Poor,Public
4481,Standard,Public
4482,Standard,Public
4483,Poor,Public
4484,Poor,Public
4485,Standard,Public
4486,Good,Public
4487,Standard,Public
4488,Standard,Public
4489,Standard,Public
4490,Good,Public
4491,Good,Public
4492,Poor,Public
4493,Standard,Public
4494,Standard,Public
4495,Standard,Public
4496,Standard,Public
4497,Poor,Public
4498,Standard,Public
4499,Poor,Public
4500,Standard,Public
4501,Standard,Public
4502,Standard,Public
4503,Good,Public
4504,Poor,Public
4505,Good,Public
4506,Good,Public
4507,Standard,Public
4508,Poor,Public
4509,Good,Public
4510,Standard,Public
4511,Poor,Public
4512,Standard,Public
4513,Standard,Public
4514,Standard,Public
4515,Standard,Public
4516,Standard,Public
4517,Standard,Public
4518,Good,Public
4519,Poor,Public
4520,Standard,Public
4521,Standard,Public
4522,Poor,Public
4523,Poor,Public
4524,Standard,Public
4525,Standard,Public
4526,Poor,Public
4527,Standard,Public
4528,Standard,Public
4529,Standard,Public
4530,Standard,Public
4531,Standard,Public
4532,Standard,Public
4533,Good,Public
4534,Standard,Public
4535,Poor,Public
4536,Standard,Public
4537,Standard,Public
4538,Standard,Public
4539,Poor,Public
4540,Standard,Public
4541,Standard,Public
4542,Standard,Public
4543,Poor,Public
4544,Standard,Public
4545,Standard,Public
4546,Standard,Public
4547,Standard,Public
4548,Standard,Public
4549,Good,Public
4550,Poor,Public
4551,Standard,Public
4552,Standard,Public
4553,Standard,Public
4554,Good,Public
4555,Good,Public
4556,Standard,Public
4557,Poor,Public
4558,Standard,Public
4559,Standard,Public
4560,Standard,Public
4561,Poor,Public
4562,Standard,Public
4563,Standard,Public
4564,Standard,Public
4565,Standard,Public
4566,Standard,Public
4567,Standard,Public
4568,Standard,Public
4569,Poor,Public
4570,Standard,Public
4571,Standard,Public
4572,Poor,Public
4573,Standard,Public
4574,Standard,Public
4575,Poor,Public
4576,Standard,Public
4577,Good,Public
4578,Standard,Public
4579,Standard,Public
4580,Standard,Public
4581,Standard,Public
4582,Standard,Public
4583,Standard,Public
4584,Standard,Public
4585,Poor,Public
4586,Good,Public
4587,Good,Public
4588,Standard,Public
4589,Standard,Public
4590,Poor,Public
4591,Standard,Public
4592,Standard,Public
4593,Poor,Public
4594,Standard,Public
4595,Good,Public
4596,Poor,Public
4597,Poor,Public
4598,Good,Public
4599,Standard,Public
4600,Standard,Public
4601,Poor,Public
4602,Standard,Public
4603,Standard,Public
4604,Poor,Public
4605,Good,Public
4606,Standard,Public
4607,Standard,Public
4608,Standard,Public
4609,Standard,Public
4610,Standard,Public
4611,Poor,Public
4612,Standard,Public
4613,Standard,Public
4614,Standard,Public
4615,Standard,Public
4616,Standard,Public
4617,Poor,Public
4618,Standard,Public
4619,Good,Public
4620,Standard,Public
4621,Poor,Public
4622,Standard,Public
4623,Poor,Public
4624,Standard,Public
4625,Good,Public
4626,Standard,Public
4627,Poor,Public
4628,Standard,Public
4629,Good,Public
4630,Standard,Public
4631,Poor,Public
4632,Standard,Public
4633,Standard,Public
4634,Poor,Public
4635,Standard,Public
4636,Standard,Public
4637,Poor,Public
4638,Poor,Public
4639,Standard,Public
4640,Poor,Public
4641,Standard,Public
4642,Poor,Public
4643,Standard,Public
4644,Standard,Public
4645,Standard,Public
4646,Standard,Public
4647,Poor,Public
4648,Poor,Public
4649,Standard,Public
4650,Poor,Public
4651,Standard,Public
4652,Standard,Public
4653,Poor,Public
4654,Good,Public
4655,Poor,Public
4656,Standard,Public
4657,Standard,Public
4658,Standard,Public
4659,Standard,Public
4660,Standard,Public
4661,Poor,Public
4662,Standard,Public
4663,Standard,Public
4664,Poor,Public
4665,Standard,Public
4666,Standard,Public
4667,Standard,Public
4668,Standard,Public
4669,Good,Public
4670,Standard,Public
4671,Standard,Public
4672,Standard,Public
4673,Standard,Public
4674,Standard,Public
4675,Good,Public
4676,Standard,Public
4677,Good,Public
4678,Standard,Public
4679,Standard,Public
4680,Standard,Public
4681,Poor,Public
4682,Standard,Public
4683,Good,Public
4684,Standard,Public
4685,Poor,Public
4686,Poor,Public
4687,Poor,Public
4688,Standard,Public
4689,Standard,Public
4690,Standard,Public
4691,Poor,Public
4692,Standard,Public
4693,Poor,Public
4694,Poor,Public
4695,Poor,Public
4696,Standard,Public
4697,Standard,Public
4698,Standard,Public
4699,Poor,Public
4700,Poor,Public
4701,Standard,Public
4702,Poor,Public
4703,Standard,Public
4704,Standard,Public
4705,Standard,Public
4706,Standard,Public
4707,Standard,Public
4708,Standard,Public
4709,Good,Public
4710,Standard,Public
4711,Standard,Public
4712,Good,Public
4713,Poor,Public
4714,Standard,Public
4715,Poor,Public
4716,Good,Public
4717,Standard,Public
4718,Poor,Public
4719,Standard,Public
4720,Poor,Public
4721,Poor,Public
4722,Standard,Public
4723,Standard,Public
4724,Good,Public
4725,Poor,Public
4726,Poor,Public
4727,Standard,Public
4728,Standard,Public
4729,Good,Public
4730,Poor,Public
4731,Poor,Public
4732,Standard,Public
4733,Poor,Public
4734,Standard,Public
4735,Good,Public
4736,Standard,Public
4737,Good,Public
4738,Good,Public
4739,Poor,Public
4740,Poor,Public
4741,Standard,Public
4742,Poor,Public
4743,Standard,Public
4744,Standard,Public
4745,Good,Public
4746,Good,Public
4747,Poor,Public
4748,Standard,Public
4749,Standard,Public
4750,Standard,Public
4751,Poor,Public
4752,Good,Public
4753,Good,Public
4754,Poor,Public
4755,Poor,Public
4756,Standard,Public
4757,Standard,Public
4758,Poor,Public
4759,Standard,Public
4760,Poor,Public
4761,Standard,Public
4762,Good,Public
4763,Poor,Public
4764,Poor,Public
4765,Standard,Public
4766,Standard,Public
4767,Poor,Public
4768,Poor,Public
4769,Good,Public
4770,Poor,Public
4771,Standard,Public
4772,Standard,Public
4773,Standard,Public
4774,Good,Public
4775,Good,Public
4776,Good,Public
4777,Standard,Public
4778,Standard,Public
4779,Standard,Public
4780,Standard,Public
4781,Good,Public
4782,Standard,Public
4783,Poor,Public
4784,Standard,Public
4785,Good,Public
4786,Good,Public
4787,Standard,Public
4788,Standard,Public
4789,Poor,Public
4790,Poor,Public
4791,Good,Public
4792,Standard,Public
4793,Poor,Public
4794,Poor,Public
4795,Standard,Public
4796,Good,Public
4797,Standard,Public
4798,Standard,Public
4799,Standard,Public
4800,Standard,Public
4801,Standard,Public
4802,Standard,Public
4803,Standard,Public
4804,Standard,Public
4805,Standard,Public
4806,Poor,Public
4807,Standard,Public
4808,Standard,Public
4809,Poor,Public
4810,Standard,Public
4811,Standard,Public
4812,Standard,Public
4813,Good,Public
4814,Poor,Public
4815,Standard,Public
4816,Standard,Public
4817,Standard,Public
4818,Standard,Public
4819,Standard,Public
4820,Standard,Public
4821,Poor,Public
4822,Good,Public
4823,Standard,Public
4824,Poor,Public
4825,Standard,Public
4826,Poor,Public
4827,Poor,Public
4828,Good,Public
4829,Standard,Public
4830,Standard,Public
4831,Poor,Public
4832,Standard,Public
4833,Poor,Public
4834,Standard,Public
4835,Standard,Public
4836,Good,Public
4837,Standard,Public
4838,Poor,Public
4839,Standard,Public
4840,Standard,Public
4841,Poor,Public
4842,Standard,Public
4843,Standard,Public
4844,Poor,Public
4845,Standard,Public
4846,Standard,Public
4847,Poor,Public
4848,Good,Public
4849,Poor,Public
4850,Poor,Public
4851,Standard,Public
4852,Good,Public
4853,Poor,Public
4854,Standard,Public
4855,Poor,Public
4856,Poor,Public
4857,Standard,Public
4858,Poor,Public
4859,Good,Public
4860,Standard,Public
4861,Standard,Public
4862,Standard,Public
4863,Standard,Public
4864,Good,Public
4865,Poor,Public
4866,Poor,Public
4867,Good,Public
4868,Standard,Public
4869,Good,Public
4870,Good,Public
4871,Standard,Public
4872,Standard,Public
4873,Poor,Public
4874,Standard,Public
4875,Standard,Public
4876,Poor,Public
4877,Standard,Public
4878,Poor,Public
4879,Standard,Public
4880,Poor,Public
4881,Poor,Public
4882,Poor,Public
4883,Poor,Public
4884,Poor,Public
4885,Good,Public
4886,Standard,Public
4887,Poor,Public
4888,Standard,Public
4889,Standard,Public
4890,Poor,Public
4891,Good,Public
4892,Standard,Public
4893,Good,Public
4894,Good,Public
4895,Good,Public
4896,Standard,Public
4897,Good,Public
4898,Standard,Public
4899,Good,Public
4900,Standard,Public
4901,Standard,Public
4902,Good,Public
4903,Poor,Public
4904,Poor,Public
4905,Good,Public
4906,Good,Public
4907,Good,Public
4908,Standard,Public
4909,Poor,Public
4910,Standard,Public
4911,Standard,Public
4912,Standard,Public
4913,Poor,Public
4914,Standard,Public
4915,Standard,Public
4916,Good,Public
4917,Standard,Public
4918,Standard,Public
4919,Standard,Public
4920,Good,Public
4921,Standard,Public
4922,Standard,Public
4923,Good,Public
4924,Standard,Public
4925,Standard,Public
4926,Standard,Public
4927,Standard,Public
4928,Poor,Public
4929,Poor,Public
4930,Poor,Public
4931,Poor,Public
4932,Good,Public
4933,Standard,Public
4934,Standard,Public
4935,Poor,Public
4936,Poor,Public
4937,Standard,Public
4938,Poor,Public
4939,Standard,Public
4940,Standard,Public
4941,Poor,Public
4942,Standard,Public
4943,Standard,Public
4944,Poor,Public
4945,Standard,Public
4946,Poor,Public
4947,Standard,Public
4948,Good,Public
4949,Poor,Public
4950,Standard,Public
4951,Standard,Public
4952,Standard,Public
4953,Standard,Public
4954,Good,Public
4955,Standard,Public
4956,Poor,Public
4957,Standard,Public
4958,Standard,Public
4959,Poor,Public
4960,Standard,Public
4961,Poor,Public
4962,Standard,Public
4963,Standard,Public
4964,Standard,Public
4965,Standard,Public
4966,Poor,Public
4967,Poor,Public
4968,Poor,Public
4969,Poor,Public
4970,Standard,Public
4971,Good,Public
4972,Standard,Public
4973,Good,Public
4974,Poor,Public
4975,Standard,Public
4976,Poor,Public
4977,Standard,Public
4978,Poor,Public
4979,Standard,Public
4980,Standard,Public
4981,Good,Public
4982,Standard,Public
4983,Good,Public
4984,Poor,Public
4985,Poor,Public
4986,Poor,Public
4987,Standard,Public
4988,Poor,Public
4989,Standard,Public
4990,Standard,Public
4991,Poor,Public
4992,Poor,Public
4993,Good,Public
4994,Standard,Public
4995,Good,Public
4996,Standard,Public
4997,Standard,Public
4998,Poor,Public
4999,Good,Public
5000,Good,Public
5001,Standard,Public
5002,Standard,Public
5003,Poor,Public
5004,Standard,Public
5005,Poor,Public
5006,Standard,Public
5007,Poor,Public
5008,Standard,Public
5009,Standard,Public
5010,Poor,Public
5011,Standard,Public
5012,Standard,Public
5013,Standard,Public
5014,Poor,Public
5015,Standard,Public
5016,Standard,Public
5017,Standard,Public
5018,Standard,Public
5019,Standard,Public
5020,Poor,Public
5021,Standard,Public
5022,Standard,Public
5023,Standard,Public
5024,Standard,Public
5025,Poor,Public
5026,Good,Public
5027,Standard,Public
5028,Standard,Public
5029,Standard,Public
5030,Standard,Public
5031,Standard,Public
5032,Standard,Public
5033,Poor,Public
5034,Poor,Public
5035,Standard,Public
5036,Good,Public
5037,Good,Public
5038,Standard,Public
5039,Standard,Public
5040,Standard,Public
5041,Good,Public
5042,Standard,Public
5043,Standard,Public
5044,Good,Public
5045,Standard,Public
5046,Standard,Public
5047,Poor,Public
5048,Standard,Public
5049,Good,Public
5050,Standard,Public
5051,Standard,Public
5052,Standard,Public
5053,Poor,Public
5054,Good,Public
5055,Good,Public
5056,Standard,Public
5057,Poor,Public
5058,Standard,Public
5059,Good,Public
5060,Poor,Public
5061,Poor,Public
5062,Standard,Public
5063,Standard,Public
5064,Standard,Public
5065,Good,Public
5066,Standard,Public
5067,Poor,Public
5068,Good,Public
5069,Poor,Public
5070,Poor,Public
5071,Standard,Public
5072,Poor,Public
5073,Standard,Public
5074,Poor,Public
5075,Standard,Public
5076,Poor,Public
5077,Standard,Public
5078,Good,Public
5079,Poor,Public
5080,Standard,Public
5081,Good,Public
5082,Standard,Public
5083,Standard,Public
5084,Standard,Public
5085,Standard,Public
5086,Good,Public
5087,Standard,Public
5088,Standard,Public
5089,Poor,Public
5090,Good,Public
5091,Poor,Public
5092,Standard,Public
5093,Poor,Public
5094,Good,Public
5095,Good,Public
5096,Poor,Public
5097,Standard,Public
5098,Standard,Public
5099,Standard,Public
5100,Standard,Public
5101,Standard,Public
5102,Poor,Public
5103,Poor,Public
5104,Poor,Public
5105,Poor,Public
5106,Good,Public
5107,Standard,Public
5108,Standard,Public
5109,Good,Public
5110,Standard,Public
5111,Standard,Public
5112,Standard,Public
5113,Poor,Public
5114,Standard,Public
5115,Standard,Public
5116,Poor,Public
5117,Poor,Public
5118,Poor,Public
5119,Standard,Public
5120,Standard,Public
5121,Standard,Public
5122,Poor,Public
5123,Good,Public
5124,Good,Public
5125,Poor,Public
5126,Poor,Public
5127,Standard,Public
5128,Poor,Public
5129,Poor,Public
5130,Poor,Public
5131,Standard,Public
5132,Poor,Public
5133,Poor,Public
5134,Standard,Public
5135,Standard,Public
5136,Standard,Public
5137,Poor,Public
5138,Poor,Public
5139,Standard,Public
5140,Poor,Public
5141,Standard,Public
5142,Good,Public
5143,Standard,Public
5144,Standard,Public
5145,Standard,Public
5146,Poor,Public
5147,Standard,Public
5148,Standard,Public
5149,Standard,Public
5150,Good,Public
5151,Standard,Public
5152,Standard,Public
5153,Poor,Public
5154,Standard,Public
5155,Standard,Public
5156,Poor,Public
5157,Standard,Public
5158,Poor,Public
5159,Standard,Public
5160,Poor,Public
5161,Standard,Public
5162,Poor,Public
5163,Poor,Public
5164,Standard,Public
5165,Standard,Public
5166,Good,Public
5167,Standard,Public
5168,Standard,Public
5169,Good,Public
5170,Poor,Public
5171,Standard,Public
5172,Standard,Public
5173,Standard,Public
5174,Standard,Public
5175,Standard,Public
5176,Standard,Public
5177,Poor,Public
5178,Standard,Public
5179,Standard,Public
5180,Standard,Public
5181,Standard,Public
5182,Poor,Public
5183,Poor,Public
5184,Standard,Public
5185,Standard,Public
5186,Good,Public
5187,Poor,Public
5188,Standard,Public
5189,Good,Public
5190,Poor,Public
5191,Standard,Public
5192,Poor,Public
5193,Poor,Public
5194,Standard,Public
5195,Standard,Public
5196,Poor,Public
5197,Poor,Public
5198,Standard,Public
5199,Good,Public
5200,Standard,Public
5201,Poor,Public
5202,Standard,Public
5203,Standard,Public
5204,Standard,Public
5205,Standard,Public
5206,Standard,Public
5207,Poor,Public
5208,Poor,Public
5209,Poor,Public
5210,Standard,Public
5211,Standard,Public
5212,Poor,Public
5213,Poor,Public
5214,Good,Public
5215,Poor,Public
5216,Standard,Public
5217,Standard,Public
5218,Standard,Public
5219,Standard,Public
5220,Poor,Public
5221,Standard,Public
5222,Poor,Public
5223,Good,Public
5224,Poor,Public
5225,Standard,Public
5226,Poor,Public
5227,Good,Public
5228,Standard,Public
5229,Poor,Public
5230,Standard,Public
5231,Poor,Public
5232,Good,Public
5233,Poor,Public
5234,Poor,Public
5235,Standard,Public
5236,Good,Public
5237,Poor,Public
5238,Poor,Public
5239,Standard,Public
5240,Poor,Public
5241,Good,Public
5242,Good,Public
5243,Poor,Public
5244,Standard,Public
5245,Poor,Public
5246,Poor,Public
5247,Good,Public
5248,Standard,Public
5249,Standard,Public
5250,Standard,Public
5251,Good,Public
5252,Standard,Public
5253,Standard,Public
5254,Standard,Public
5255,Poor,Public
5256,Standard,Public
5257,Standard,Public
5258,Poor,Public
5259,Poor,Public
5260,Poor,Public
5261,Standard,Public
5262,Good,Public
5263,Standard,Public
5264,Standard,Public
5265,Standard,Public
5266,Good,Public
5267,Good,Public
5268,Poor,Public
5269,Standard,Public
5270,Good,Public
5271,Poor,Public
5272,Standard,Public
5273,Standard,Public
5274,Standard,Public
5275,Standard,Public
5276,Poor,Public
5277,Standard,Public
5278,Poor,Public
5279,Good,Public
5280,Standard,Public
5281,Standard,Public
5282,Standard,Public
5283,Poor,Public
5284,Standard,Public
5285,Poor,Public
5286,Poor,Public
5287,Standard,Public
5288,Poor,Public
5289,Standard,Public
5290,Standard,Public
5291,Poor,Public
5292,Standard,Public
5293,Standard,Public
5294,Poor,Public
5295,Poor,Public
5296,Standard,Public
5297,Standard,Public
5298,Standard,Public
5299,Standard,Public
5300,Poor,Public
5301,Poor,Public
5302,Standard,Public
5303,Poor,Public
5304,Poor,Public
5305,Standard,Public
5306,Poor,Public
5307,Standard,Public
5308,Standard,Public
5309,Standard,Public
5310,Good,Public
5311,Standard,Public
5312,Good,Public
5313,Good,Public
5314,Poor,Public
5315,Poor,Public
5316,Standard,Public
5317,Standard,Public
5318,Standard,Public
5319,Good,Public
5320,Standard,Public
5321,Poor,Public
5322,Standard,Public
5323,Good,Public
5324,Good,Public
5325,Poor,Public
5326,Poor,Public
5327,Standard,Public
5328,Poor,Public
5329,Poor,Public
5330,Standard,Public
5331,Poor,Public
5332,Standard,Public
5333,Good,Public
5334,Standard,Public
5335,Standard,Public
5336,Good,Public
5337,Poor,Public
5338,Poor,Public
5339,Standard,Public
5340,Standard,Public
5341,Standard,Public
5342,Good,Public
5343,Good,Public
5344,Standard,Public
5345,Standard,Public
5346,Standard,Public
5347,Standard,Public
5348,Poor,Public
5349,Standard,Public
5350,Poor,Public
5351,Standard,Public
5352,Standard,Public
5353,Good,Public
5354,Standard,Public
5355,Standard,Public
5356,Good,Public
5357,Poor,Public
5358,Standard,Public
5359,Good,Public
5360,Standard,Public
5361,Standard,Public
5362,Standard,Public
5363,Poor,Public
5364,Poor,Public
5365,Standard,Public
5366,Poor,Public
5367,Standard,Public
5368,Standard,Public
5369,Standard,Public
5370,Poor,Public
5371,Standard,Public
5372,Standard,Public
5373,Standard,Public
5374,Good,Public
5375,Standard,Public
5376,Poor,Public
5377,Poor,Public
5378,Poor,Public
5379,Standard,Public
5380,Poor,Public
5381,Standard,Public
5382,Good,Public
5383,Poor,Public
5384,Standard,Public
5385,Standard,Public
5386,Good,Public
5387,Standard,Public
5388,Good,Public
5389,Standard,Public
5390,Standard,Public
5391,Standard,Public
5392,Poor,Public
5393,Good,Public
5394,Standard,Public
5395,Standard,Public
5396,Standard,Public
5397,Poor,Public
5398,Standard,Public
5399,Good,Public
5400,Poor,Public
5401,Good,Public
5402,Poor,Public
5403,Standard,Public
5404,Standard,Public
5405,Poor,Public
5406,Standard,Public
5407,Poor,Public
5408,Standard,Public
5409,Poor,Public
5410,Good,Public
5411,Poor,Public
5412,Standard,Public
5413,Poor,Public
5414,Standard,Public
5415,Standard,Public
5416,Standard,Public
5417,Poor,Public
5418,Standard,Public
5419,Standard,Public
5420,Standard,Public
5421,Poor,Public
5422,Poor,Public
5423,Poor,Public
5424,Standard,Public
5425,Poor,Public
5426,Poor,Public
5427,Poor,Public
5428,Standard,Public
5429,Standard,Public
5430,Good,Public
5431,Standard,Public
5432,Standard,Public
5433,Standard,Public
5434,Poor,Public
5435,Good,Public
5436,Good,Public
5437,Poor,Public
5438,Standard,Public
5439,Standard,Public
5440,Standard,Public
5441,Good,Public
5442,Standard,Public
5443,Poor,Public
5444,Good,Public
5445,Good,Public
5446,Poor,Public
5447,Poor,Public
5448,Standard,Public
5449,Standard,Public
5450,Standard,Public
5451,Poor,Public
5452,Standard,Public
5453,Standard,Public
5454,Poor,Public
5455,Good,Public
5456,Standard,Public
5457,Standard,Public
5458,Good,Public
5459,Good,Public
5460,Good,Public
5461,Poor,Public
5462,Poor,Public
5463,Standard,Public
5464,Poor,Public
5465,Good,Public
5466,Standard,Public
5467,Standard,Public
5468,Poor,Public
5469,Poor,Public
5470,Standard,Public
5471,Standard,Public
5472,Good,Public
5473,Standard,Public
5474,Standard,Public
5475,Poor,Public
5476,Standard,Public
5477,Good,Public
5478,Poor,Public
5479,Standard,Public
5480,Poor,Public
5481,Poor,Public
5482,Poor,Public
5483,Poor,Public
5484,Poor,Public
5485,Poor,Public
5486,Poor,Public
5487,Standard,Public
5488,Standard,Public
5489,Standard,Public
5490,Poor,Public
5491,Poor,Public
5492,Standard,Public
5493,Good,Public
5494,Standard,Public
5495,Standard,Public
5496,Good,Public
5497,Poor,Public
5498,Standard,Public
5499,Standard,Public
5500,Poor,Public
5501,Poor,Public
5502,Standard,Public
5503,Good,Public
5504,Standard,Public
5505,Standard,Public
5506,Good,Public
5507,Standard,Public
5508,Poor,Public
5509,Standard,Public
5510,Good,Public
5511,Standard,Public
5512,Standard,Public
5513,Poor,Public
5514,Poor,Public
5515,Poor,Public
5516,Standard,Public
5517,Poor,Public
5518,Poor,Public
5519,Standard,Public
5520,Standard,Public
5521,Standard,Public
5522,Standard,Public
5523,Good,Public
5524,Good,Public
5525,Good,Public
5526,Standard,Public
5527,Standard,Public
5528,Standard,Public
5529,Poor,Public
5530,Standard,Public
5531,Standard,Public
5532,Poor,Public
5533,Poor,Public
5534,Standard,Public
5535,Poor,Public
5536,Standard,Public
5537,Standard,Public
5538,Poor,Public
5539,Standard,Public
5540,Poor,Public
5541,Poor,Public
5542,Standard,Public
5543,Standard,Public
5544,Standard,Public
5545,Good,Public
5546,Good,Public
5547,Standard,Public
5548,Poor,Public
5549,Standard,Public
5550,Standard,Public
5551,Standard,Public
5552,Poor,Public
5553,Poor,Public
5554,Standard,Public
5555,Standard,Public
5556,Good,Public
5557,Poor,Public
5558,Standard,Public
5559,Poor,Public
5560,Poor,Public
5561,Standard,Public
5562,Good,Public
5563,Standard,Public
5564,Poor,Public
5565,Poor,Public
5566,Poor,Public
5567,Poor,Public
5568,Good,Public
5569,Standard,Public
5570,Good,Public
5571,Standard,Public
5572,Standard,Public
5573,Standard,Public
5574,Standard,Public
5575,Standard,Public
5576,Standard,Public
5577,Standard,Public
5578,Poor,Public
5579,Standard,Public
5580,Standard,Public
5581,Standard,Public
5582,Standard,Public
5583,Standard,Public
5584,Standard,Public
5585,Standard,Public
5586,Standard,Public
5587,Good,Public
5588,Standard,Public
5589,Poor,Public
5590,Good,Public
5591,Good,Public
5592,Poor,Public
5593,Good,Public
5594,Poor,Public
5595,Standard,Public
5596,Poor,Public
5597,Standard,Public
5598,Good,Public
5599,Standard,Public
5600,Poor,Public
5601,Standard,Public
5602,Good,Public
5603,Standard,Public
5604,Standard,Public
5605,Standard,Public
5606,Poor,Public
5607,Good,Public
5608,Standard,Public
5609,Standard,Public
5610,Poor,Public
5611,Poor,Public
5612,Standard,Public
5613,Standard,Public
5614,Poor,Public
5615,Poor,Public
5616,Poor,Public
5617,Standard,Public
5618,Standard,Public
5619,Standard,Public
5620,Standard,Public
5621,Poor,Public
5622,Standard,Public
5623,Good,Public
5624,Good,Public
5625,Standard,Public
5626,Standard,Public
5627,Poor,Public
5628,Standard,Public
5629,Good,Public
5630,Good,Public
5631,Standard,Public
5632,Good,Public
5633,Standard,Public
5634,Standard,Public
5635,Good,Public
5636,Poor,Public
5637,Standard,Public
5638,Poor,Public
5639,Poor,Public
5640,Poor,Public
5641,Poor,Public
5642,Standard,Public
5643,Poor,Public
5644,Standard,Public
5645,Standard,Public
5646,Standard,Public
5647,Standard,Public
5648,Standard,Public
5649,Good,Public
5650,Standard,Public
5651,Standard,Public
5652,Good,Public
5653,Poor,Public
5654,Poor,Public
5655,Standard,Public
5656,Standard,Public
5657,Standard,Public
5658,Standard,Public
5659,Poor,Public
5660,Standard,Public
5661,Poor,Public
5662,Standard,Public
5663,Good,Public
5664,Standard,Public
5665,Standard,Public
5666,Standard,Public
5667,Standard,Public
5668,Poor,Public
5669,Standard,Public
5670,Standard,Public
5671,Poor,Public
5672,Poor,Public
5673,Standard,Public
5674,Standard,Public
5675,Standard,Public
5676,Standard,Public
5677,Poor,Public
5678,Standard,Public
5679,Standard,Public
5680,Standard,Public
5681,Standard,Public
5682,Good,Public
5683,Standard,Public
5684,Standard,Public
5685,Poor,Public
5686,Standard,Public
5687,Poor,Public
5688,Poor,Public
5689,Standard,Public
5690,Poor,Public
5691,Good,Public
5692,Good,Public
5693,Poor,Public
5694,Standard,Public
5695,Standard,Public
5696,Poor,Public
5697,Poor,Public
5698,Good,Public
5699,Standard,Public
5700,Good,Public
5701,Poor,Public
5702,Poor,Public
5703,Standard,Public
5704,Poor,Public
5705,Good,Public
5706,Standard,Public
5707,Standard,Public
5708,Standard,Public
5709,Standard,Public
5710,Standard,Public
5711,Standard,Public
5712,Standard,Public
5713,Poor,Public
5714,Standard,Public
5715,Standard,Public
5716,Poor,Public
5717,Good,Public
5718,Standard,Public
5719,Good,Public
5720,Good,Public
5721,Standard,Public
5722,Poor,Public
5723,Standard,Public
5724,Good,Public
5725,Good,Public
5726,Poor,Public
5727,Standard,Public
5728,Standard,Public
5729,Standard,Public
5730,Standard,Public
5731,Good,Public
5732,Standard,Public
5733,Poor,Public
5734,Standard,Public
5735,Good,Public
5736,Standard,Public
5737,Standard,Public
5738,Standard,Public
5739,Good,Public
5740,Good,Public
5741,Standard,Public
5742,Good,Public
5743,Standard,Public
5744,Standard,Public
5745,Standard,Public
5746,Good,Public
5747,Standard,Public
5748,Good,Public
5749,Poor,Public
5750,Standard,Public
5751,Poor,Public
5752,Standard,Public
5753,Good,Public
5754,Standard,Public
5755,Poor,Public
5756,Poor,Public
5757,Poor,Public
5758,Poor,Public
5759,Poor,Public
5760,Standard,Public
5761,Poor,Public
5762,Standard,Public
5763,Standard,Public
5764,Poor,Public
5765,Standard,Public
5766,Poor,Public
5767,Standard,Public
5768,Standard,Public
5769,Poor,Public
5770,Good,Public
5771,Good,Public
5772,Poor,Public
5773,Poor,Public
5774,Poor,Public
5775,Poor,Public
5776,Standard,Public
5777,Poor,Public
5778,Poor,Public
5779,Standard,Public
5780,Standard,Public
5781,Standard,Public
5782,Standard,Public
5783,Standard,Public
5784,Standard,Public
5785,Good,Public
5786,Poor,Public
5787,Standard,Public
5788,Good,Public
5789,Standard,Public
5790,Standard,Public
5791,Good,Public
5792,Standard,Public
5793,Standard,Public
5794,Poor,Public
5795,Good,Public
5796,Standard,Public
5797,Standard,Public
5798,Poor,Public
5799,Poor,Public
5800,Standard,Public
5801,Poor,Public
5802,Poor,Public
5803,Standard,Public
5804,Standard,Public
5805,Standard,Public
5806,Poor,Public
5807,Poor,Public
5808,Standard,Public
5809,Standard,Public
5810,Standard,Public
5811,Good,Public
5812,Standard,Public
5813,Standard,Public
5814,Standard,Public
5815,Good,Public
5816,Good,Public
5817,Standard,Public
5818,Poor,Public
5819,Poor,Public
5820,Standard,Public
5821,Standard,Public
5822,Standard,Public
5823,Good,Public
5824,Standard,Public
5825,Standard,Public
5826,Standard,Public
5827,Standard,Public
5828,Standard,Public
5829,Standard,Public
5830,Poor,Public
5831,Standard,Public
5832,Standard,Public
5833,Poor,Public
5834,Standard,Public
5835,Standard,Public
5836,Standard,Public
5837,Standard,Public
5838,Standard,Public
5839,Standard,Public
5840,Standard,Public
5841,Standard,Public
5842,Standard,Public
5843,Standard,Public
5844,Standard,Public
5845,Standard,Public
5846,Standard,Public
5847,Poor,Public
5848,Standard,Public
5849,Standard,Public
5850,Standard,Public
5851,Standard,Public
5852,Good,Public
5853,Standard,Public
5854,Standard,Public
5855,Standard,Public
5856,Standard,Public
5857,Good,Public
5858,Good,Public
5859,Poor,Public
5860,Good,Public
5861,Standard,Public
5862,Good,Public
5863,Standard,Public
5864,Standard,Public
5865,Poor,Public
5866,Standard,Public
5867,Standard,Public
5868,Poor,Public
5869,Standard,Public
5870,Standard,Public
5871,Standard,Public
5872,Standard,Public
5873,Good,Public
5874,Good,Public
5875,Poor,Public
5876,Poor,Public
5877,Poor,Public
5878,Poor,Public
5879,Standard,Public
5880,Standard,Public
5881,Standard,Public
5882,Poor,Public
5883,Standard,Public
5884,Standard,Public
5885,Poor,Public
5886,Poor,Public
5887,Poor,Public
5888,Poor,Public
5889,Standard,Public
5890,Standard,Public
5891,Standard,Public
5892,Standard,Public
5893,Poor,Public
5894,Standard,Public
5895,Standard,Public
5896,Poor,Public
5897,Poor,Public
5898,Good,Public
5899,Good,Public
5900,Good,Public
5901,Good,Public
5902,Good,Public
5903,Standard,Public
5904,Poor,Public
5905,Poor,Public
5906,Standard,Public
5907,Poor,Public
5908,Poor,Public
5909,Standard,Public
5910,Poor,Public
5911,Standard,Public
5912,Standard,Public
5913,Poor,Public
5914,Poor,Public
5915,Good,Public
5916,Poor,Public
5917,Poor,Public
5918,Good,Public
5919,Standard,Public
5920,Good,Public
5921,Good,Public
5922,Standard,Public
5923,Standard,Public
5924,Good,Public
5925,Poor,Public
5926,Good,Public
5927,Good,Public
5928,Poor,Public
5929,Standard,Public
5930,Standard,Public
5931,Poor,Public
5932,Standard,Public
5933,Poor,Public
5934,Good,Public
5935,Poor,Public
5936,Good,Public
5937,Good,Public
5938,Good,Public
5939,Standard,Public
5940,Good,Public
5941,Poor,Public
5942,Standard,Public
5943,Good,Public
5944,Standard,Public
5945,Good,Public
5946,Standard,Public
5947,Standard,Public
5948,Standard,Public
5949,Standard,Public
5950,Poor,Public
5951,Poor,Public
5952,Poor,Public
5953,Standard,Public
5954,Standard,Public
5955,Good,Public
5956,Standard,Public
5957,Standard,Public
5958,Poor,Public
5959,Good,Public
5960,Poor,Public
5961,Standard,Public
5962,Standard,Public
5963,Poor,Public
5964,Poor,Public
5965,Poor,Public
5966,Good,Public
5967,Good,Public
5968,Poor,Public
5969,Poor,Public
5970,Good,Public
5971,Standard,Public
5972,Poor,Public
5973,Standard,Public
5974,Standard,Public
5975,Standard,Public
5976,Standard,Public
5977,Good,Public
5978,Poor,Public
5979,Standard,Public
5980,Standard,Public
5981,Standard,Public
5982,Standard,Public
5983,Good,Public
5984,Standard,Public
5985,Poor,Public
5986,Standard,Public
5987,Standard,Public
5988,Good,Public
5989,Standard,Public
5990,Standard,Public
5991,Good,Public
5992,Good,Public
5993,Poor,Public
5994,Standard,Public
5995,Standard,Public
5996,Poor,Public
5997,Poor,Public
5998,Poor,Public
5999,Poor,Public
6000,Standard,Public
6001,Good,Public
6002,Standard,Public
6003,Good,Public
6004,Standard,Public
6005,Standard,Public
6006,Standard,Public
6007,Standard,Public
6008,Good,Public
6009,Poor,Public
6010,Standard,Public
6011,Poor,Public
6012,Standard,Public
6013,Standard,Public
6014,Poor,Public
6015,Good,Public
6016,Standard,Public
6017,Standard,Public
6018,Poor,Public
6019,Poor,Public
6020,Poor,Public
6021,Poor,Public
6022,Poor,Public
6023,Standard,Public
6024,Poor,Public
6025,Poor,Public
6026,Standard,Public
6027,Poor,Public
6028,Standard,Public
6029,Poor,Public
6030,Standard,Public
6031,Standard,Public
6032,Poor,Public
6033,Poor,Public
6034,Standard,Public
6035,Good,Public
6036,Poor,Public
6037,Good,Public
6038,Poor,Public
6039,Poor,Public
6040,Standard,Public
6041,Poor,Public
6042,Standard,Public
6043,Poor,Public
6044,Good,Public
6045,Standard,Public
6046,Standard,Public
6047,Poor,Public
6048,Standard,Public
6049,Poor,Public
6050,Standard,Public
6051,Standard,Public
6052,Standard,Public
6053,Poor,Public
6054,Standard,Public
6055,Standard,Public
6056,Standard,Public
6057,Poor,Public
6058,Standard,Public
6059,Good,Public
6060,Good,Public
6061,Poor,Public
6062,Good,Public
6063,Standard,Public
6064,Standard,Public
6065,Standard,Public
6066,Standard,Public
6067,Good,Public
6068,Poor,Public
6069,Poor,Public
6070,Poor,Public
6071,Standard,Public
6072,Poor,Public
6073,Standard,Public
6074,Standard,Public
6075,Poor,Public
6076,Standard,Public
6077,Standard,Public
6078,Good,Public
6079,Poor,Public
6080,Poor,Public
6081,Standard,Public
6082,Standard,Public
6083,Standard,Public
6084,Standard,Public
6085,Standard,Public
6086,Standard,Public
6087,Poor,Public
6088,Poor,Public
6089,Standard,Public
6090,Standard,Public
6091,Standard,Public
6092,Standard,Public
6093,Standard,Public
6094,Standard,Public
6095,Standard,Public
6096,Good,Public
6097,Poor,Public
6098,Poor,Public
6099,Good,Public
6100,Poor,Public
6101,Standard,Public
6102,Poor,Public
6103,Standard,Public
6104,Poor,Public
6105,Standard,Public
6106,Poor,Public
6107,Standard,Public
6108,Poor,Public
6109,Poor,Public
6110,Standard,Public
6111,Standard,Public
6112,Poor,Public
6113,Poor,Public
6114,Poor,Public
6115,Standard,Public
6116,Poor,Public
6117,Poor,Public
6118,Standard,Public
6119,Standard,Public
6120,Standard,Public
6121,Standard,Public
6122,Poor,Public
6123,Standard,Public
6124,Standard,Public
6125,Standard,Public
6126,Good,Public
6127,Poor,Public
6128,Standard,Public
6129,Good,Public
6130,Poor,Public
6131,Standard,Public
6132,Standard,Public
6133,Standard,Public
6134,Standard,Public
6135,Good,Public
6136,Standard,Public
6137,Poor,Public
6138,Good,Public
6139,Standard,Public
6140,Standard,Public
6141,Good,Public
6142,Standard,Public
6143,Standard,Public
6144,Poor,Public
6145,Good,Public
6146,Standard,Public
6147,Standard,Public
6148,Standard,Public
6149,Poor,Public
6150,Standard,Public
6151,Standard,Public
6152,Standard,Public
6153,Poor,Public
6154,Poor,Public
6155,Poor,Public
6156,Poor,Public
6157,Standard,Public
6158,Poor,Public
6159,Standard,Public
6160,Standard,Public
6161,Standard,Public
6162,Poor,Public
6163,Standard,Public
6164,Poor,Public
6165,Poor,Public
6166,Standard,Public
6167,Standard,Public
6168,Standard,Public
6169,Good,Public
6170,Standard,Public
6171,Standard,Public
6172,Standard,Public
6173,Good,Public
6174,Standard,Public
6175,Good,Public
6176,Standard,Public
6177,Standard,Public
6178,Poor,Public
6179,Standard,Public
6180,Standard,Public
6181,Poor,Public
6182,Poor,Public
6183,Poor,Public
6184,Standard,Public
6185,Standard,Public
6186,Standard,Public
6187,Standard,Public
6188,Poor,Public
6189,Standard,Public
6190,Good,Public
6191,Good,Public
6192,Standard,Public
6193,Poor,Public
6194,Poor,Public
6195,Poor,Public
6196,Poor,Public
6197,Standard,Public
6198,Standard,Public
6199,Standard,Public
6200,Poor,Public
6201,Good,Public
6202,Good,Public
6203,Good,Public
6204,Good,Public
6205,Standard,Public
6206,Good,Public
6207,Standard,Public
6208,Standard,Public
6209,Standard,Public
6210,Standard,Public
6211,Standard,Public
6212,Standard,Public
6213,Standard,Public
6214,Standard,Public
6215,Standard,Public
6216,Good,Public
6217,Standard,Public
6218,Standard,Public
6219,Standard,Public
6220,Standard,Public
6221,Standard,Public
6222,Standard,Public
6223,Standard,Public
6224,Standard,Public
6225,Poor,Public
6226,Standard,Public
6227,Poor,Public
6228,Poor,Public
6229,Standard,Public
6230,Standard,Public
6231,Standard,Public
6232,Good,Public
6233,Standard,Public
6234,Good,Public
6235,Poor,Public
6236,Good,Public
6237,Poor,Public
6238,Standard,Public
6239,Standard,Public
6240,Standard,Public
6241,Standard,Public
6242,Good,Public
6243,Standard,Public
6244,Standard,Public
6245,Poor,Public
6246,Standard,Public
6247,Poor,Public
6248,Standard,Public
6249,Good,Public
6250,Standard,Public
6251,Standard,Public
6252,Standard,Public
6253,Standard,Public
6254,Standard,Public
6255,Poor,Public
6256,Standard,Public
6257,Poor,Public
6258,Good,Public
6259,Poor,Public
6260,Standard,Public
6261,Good,Public
6262,Standard,Public
6263,Standard,Public
6264,Poor,Public
6265,Standard,Public
6266,Standard,Public
6267,Poor,Public
6268,Standard,Public
6269,Standard,Public
6270,Standard,Public
6271,Standard,Public
6272,Poor,Public
6273,Standard,Public
6274,Standard,Public
6275,Standard,Public
6276,Standard,Public
6277,Standard,Public
6278,Standard,Public
6279,Poor,Public
6280,Poor,Public
6281,Poor,Public
6282,Poor,Public
6283,Poor,Public
6284,Poor,Public
6285,Poor,Public
6286,Standard,Public
6287,Poor,Public
6288,Good,Public
6289,Standard,Public
6290,Good,Public
6291,Standard,Public
6292,Standard,Public
6293,Poor,Public
6294,Good,Public
6295,Good,Public
6296,Standard,Public
6297,Poor,Public
6298,Good,Public
6299,Standard,Public
6300,Good,Public
6301,Standard,Public
6302,Poor,Public
6303,Poor,Public
6304,Poor,Public
6305,Standard,Public
6306,Poor,Public
6307,Standard,Public
6308,Poor,Public
6309,Standard,Public
6310,Good,Public
6311,Poor,Public
6312,Good,Public
6313,Standard,Public
6314,Good,Public
6315,Good,Public
6316,Poor,Public
6317,Standard,Public
6318,Standard,Public
6319,Standard,Public
6320,Good,Public
6321,Standard,Public
6322,Poor,Public
6323,Standard,Public
6324,Good,Public
6325,Standard,Public
6326,Poor,Public
6327,Poor,Public
6328,Standard,Public
6329,Standard,Public
6330,Standard,Public
6331,Standard,Public
6332,Standard,Public
6333,Standard,Public
6334,Standard,Public
6335,Standard,Public
6336,Standard,Public
6337,Standard,Public
6338,Good,Public
6339,Standard,Public
6340,Standard,Public
6341,Standard,Public
6342,Good,Public
6343,Poor,Public
6344,Standard,Public
6345,Standard,Public
6346,Standard,Public
6347,Standard,Public
6348,Standard,Public
6349,Standard,Public
6350,Poor,Public
6351,Poor,Public
6352,Poor,Public
6353,Good,Public
6354,Standard,Public
6355,Standard,Public
6356,Standard,Public
6357,Standard,Public
6358,Standard,Public
6359,Standard,Public
6360,Poor,Public
6361,Good,Public
6362,Standard,Public
6363,Standard,Public
6364,Good,Public
6365,Standard,Public
6366,Standard,Public
6367,Standard,Public
6368,Standard,Public
6369,Standard,Public
6370,Poor,Public
6371,Poor,Public
6372,Standard,Public
6373,Standard,Public
6374,Standard,Public
6375,Standard,Public
6376,Standard,Public
6377,Standard,Public
6378,Standard,Public
6379,Good,Public
6380,Standard,Public
6381,Poor,Public
6382,Poor,Public
6383,Standard,Public
6384,Good,Public
6385,Standard,Public
6386,Standard,Public
6387,Poor,Public
6388,Good,Public
6389,Poor,Public
6390,Standard,Public
6391,Poor,Public
6392,Standard,Public
6393,Poor,Public
6394,Standard,Public
6395,Good,Public
6396,Standard,Public
6397,Standard,Public
6398,Good,Public
6399,Poor,Public
6400,Standard,Public
6401,Standard,Public
6402,Standard,Public
6403,Standard,Public
6404,Poor,Public
6405,Standard,Public
6406,Standard,Public
6407,Standard,Public
6408,Poor,Public
6409,Standard,Public
6410,Good,Public
6411,Standard,Public
6412,Poor,Public
6413,Standard,Public
6414,Standard,Public
6415,Good,Public
6416,Poor,Public
6417,Standard,Public
6418,Poor,Public
6419,Good,Public
6420,Standard,Public
6421,Poor,Public
6422,Poor,Public
6423,Poor,Public
6424,Standard,Public
6425,Poor,Public
6426,Standard,Public
6427,Standard,Public
6428,Standard,Public
6429,Poor,Public
6430,Standard,Public
6431,Standard,Public
6432,Poor,Public
6433,Standard,Public
6434,Poor,Public
6435,Poor,Public
6436,Poor,Public
6437,Poor,Public
6438,Standard,Public
6439,Poor,Public
6440,Standard,Public
6441,Poor,Public
6442,Poor,Public
6443,Poor,Public
6444,Standard,Public
6445,Standard,Public
6446,Good,Public
6447,Standard,Public
6448,Standard,Public
6449,Standard,Public
6450,Standard,Public
6451,Poor,Public
6452,Good,Public
6453,Standard,Public
6454,Standard,Public
6455,Poor,Public
6456,Poor,Public
6457,Standard,Public
6458,Good,Public
6459,Standard,Public
6460,Good,Public
6461,Good,Public
6462,Standard,Public
6463,Standard,Public
6464,Standard,Public
6465,Poor,Public
6466,Good,Public
6467,Poor,Public
6468,Standard,Public
6469,Standard,Public
6470,Good,Public
6471,Poor,Public
6472,Standard,Public
6473,Good,Public
6474,Poor,Public
6475,Poor,Public
6476,Standard,Public
6477,Good,Public
6478,Standard,Public
6479,Poor,Public
6480,Standard,Public
6481,Poor,Public
6482,Good,Public
6483,Poor,Public
6484,Standard,Public
6485,Poor,Public
6486,Poor,Public
6487,Standard,Public
6488,Standard,Public
6489,Standard,Public
6490,Standard,Public
6491,Standard,Public
6492,Poor,Public
6493,Standard,Public
6494,Standard,Public
6495,Poor,Public
6496,Standard,Public
6497,Good,Public
6498,Standard,Public
6499,Good,Public
6500,Standard,Public
6501,Poor,Public
6502,Standard,Public
6503,Standard,Public
6504,Standard,Public
6505,Standard,Public
6506,Standard,Public
6507,Standard,Public
6508,Standard,Public
6509,Standard,Public
6510,Poor,Public
6511,Good,Public
6512,Good,Public
6513,Good,Public
6514,Standard,Public
6515,Poor,Public
6516,Poor,Public
6517,Poor,Public
6518,Standard,Public
6519,Standard,Public
6520,Poor,Public
6521,Good,Public
6522,Standard,Public
6523,Poor,Public
6524,Good,Public
6525,Poor,Public
6526,Standard,Public
6527,Good,Public
6528,Standard,Public
6529,Poor,Public
6530,Standard,Public
6531,Standard,Public
6532,Standard,Public
6533,Standard,Public
6534,Poor,Public
6535,Standard,Public
6536,Good,Public
6537,Poor,Public
6538,Good,Public
6539,Standard,Public
6540,Good,Public
6541,Poor,Public
6542,Good,Public
6543,Standard,Public
6544,Standard,Public
6545,Good,Public
6546,Standard,Public
6547,Good,Public
6548,Poor,Public
6549,Poor,Public
6550,Standard,Public
6551,Standard,Public
6552,Good,Public
6553,Standard,Public
6554,Poor,Public
6555,Standard,Public
6556,Standard,Public
6557,Standard,Public
6558,Standard,Public
6559,Standard,Public
6560,Good,Public
6561,Standard,Public
6562,Poor,Public
6563,Standard,Public
6564,Poor,Public
6565,Poor,Public
6566,Poor,Public
6567,Poor,Public
6568,Standard,Public
6569,Standard,Public
6570,Standard,Public
6571,Good,Public
6572,Standard,Public
6573,Standard,Public
6574,Standard,Public
6575,Standard,Public
6576,Standard,Public
6577,Standard,Public
6578,Poor,Public
6579,Poor,Public
6580,Poor,Public
6581,Good,Public
6582,Standard,Public
6583,Standard,Public
6584,Good,Public
6585,Standard,Public
6586,Standard,Public
6587,Standard,Public
6588,Poor,Public
6589,Standard,Public
6590,Poor,Public
6591,Standard,Public
6592,Standard,Public
6593,Poor,Public
6594,Standard,Public
6595,Standard,Public
6596,Standard,Public
6597,Poor,Public
6598,Standard,Public
6599,Poor,Public
6600,Standard,Public
6601,Standard,Public
6602,Standard,Public
6603,Poor,Public
6604,Good,Public
6605,Standard,Public
6606,Poor,Public
6607,Standard,Public
6608,Standard,Public
6609,Standard,Public
6610,Standard,Public
6611,Standard,Public
6612,Standard,Public
6613,Poor,Public
6614,Standard,Public
6615,Standard,Public
6616,Poor,Public
6617,Standard,Public
6618,Good,Public
6619,Good,Public
6620,Good,Public
6621,Poor,Public
6622,Poor,Public
6623,Poor,Public
6624,Standard,Public
6625,Poor,Public
6626,Good,Public
6627,Standard,Public
6628,Poor,Public
6629,Poor,Public
6630,Standard,Public
6631,Standard,Public
6632,Standard,Public
6633,Good,Public
6634,Standard,Public
6635,Standard,Public
6636,Standard,Public
6637,Poor,Public
6638,Poor,Public
6639,Standard,Public
6640,Standard,Public
6641,Standard,Public
6642,Poor,Public
6643,Standard,Public
6644,Standard,Public
6645,Poor,Public
6646,Poor,Public
6647,Standard,Public
6648,Standard,Public
6649,Standard,Public
6650,Standard,Public
6651,Poor,Public
6652,Poor,Public
6653,Standard,Public
6654,Poor,Public
6655,Good,Public
6656,Standard,Public
6657,Poor,Public
6658,Standard,Public
6659,Poor,Public
6660,Standard,Public
6661,Standard,Public
6662,Standard,Public
6663,Standard,Public
6664,Poor,Public
6665,Standard,Public
6666,Poor,Public
6667,Poor,Public
6668,Standard,Public
6669,Standard,Public
6670,Standard,Public
6671,Standard,Public
6672,Standard,Public
6673,Good,Public
6674,Standard,Public
6675,Good,Public
6676,Poor,Public
6677,Standard,Public
6678,Standard,Public
6679,Standard,Public
6680,Poor,Public
6681,Poor,Public
6682,Standard,Public
6683,Good,Public
6684,Standard,Public
6685,Standard,Public
6686,Good,Public
6687,Standard,Public
6688,Standard,Public
6689,Standard,Public
6690,Standard,Public
6691,Poor,Public
6692,Standard,Public
6693,Good,Public
6694,Standard,Public
6695,Good,Public
6696,Standard,Public
6697,Standard,Public
6698,Poor,Public
6699,Poor,Public
6700,Poor,Public
6701,Poor,Public
6702,Standard,Public
6703,Poor,Public
6704,Poor,Public
6705,Standard,Public
6706,Standard,Public
6707,Standard,Public
6708,Poor,Public
6709,Poor,Public
6710,Poor,Public
6711,Standard,Public
6712,Standard,Public
6713,Good,Public
6714,Standard,Public
6715,Poor,Public
6716,Poor,Public
6717,Poor,Public
6718,Standard,Public
6719,Standard,Public
6720,Standard,Public
6721,Poor,Public
6722,Poor,Public
6723,Standard,Public
6724,Standard,Public
6725,Poor,Public
6726,Standard,Public
6727,Standard,Public
6728,Standard,Public
6729,Poor,Public
6730,Standard,Public
6731,Standard,Public
6732,Good,Public
6733,Poor,Public
6734,Poor,Public
6735,Standard,Public
6736,Poor,Public
6737,Good,Public
6738,Standard,Public
6739,Poor,Public
6740,Standard,Public
6741,Good,Public
6742,Standard,Public
6743,Poor,Public
6744,Standard,Public
6745,Standard,Public
6746,Standard,Public
6747,Poor,Public
6748,Good,Public
6749,Standard,Public
6750,Standard,Public
6751,Standard,Public
6752,Good,Public
6753,Standard,Public
6754,Standard,Public
6755,Poor,Public
6756,Good,Public
6757,Standard,Public
6758,Standard,Public
6759,Good,Public
6760,Standard,Public
6761,Standard,Public
6762,Standard,Public
6763,Good,Public
6764,Good,Public
6765,Poor,Public
6766,Standard,Public
6767,Poor,Public
6768,Standard,Public
6769,Standard,Public
6770,Standard,Public
6771,Standard,Public
6772,Poor,Public
6773,Good,Public
6774,Poor,Public
6775,Poor,Public
6776,Standard,Public
6777,Poor,Public
6778,Standard,Public
6779,Poor,Public
6780,Good,Public
6781,Poor,Public
6782,Poor,Public
6783,Standard,Public
6784,Good,Public
6785,Standard,Public
6786,Standard,Public
6787,Standard,Public
6788,Standard,Public
6789,Standard,Public
6790,Standard,Public
6791,Standard,Public
6792,Standard,Public
6793,Good,Public
6794,Poor,Public
6795,Standard,Public
6796,Good,Public
6797,Poor,Public
6798,Standard,Public
6799,Good,Public
6800,Standard,Public
6801,Standard,Public
6802,Standard,Public
6803,Good,Public
6804,Standard,Public
6805,Standard,Public
6806,Standard,Public
6807,Standard,Public
6808,Standard,Public
6809,Standard,Public
6810,Standard,Public
6811,Good,Public
6812,Poor,Public
6813,Standard,Public
6814,Good,Public
6815,Poor,Public
6816,Poor,Public
6817,Good,Public
6818,Poor,Public
6819,Standard,Public
6820,Standard,Public
6821,Poor,Public
6822,Standard,Public
6823,Poor,Public
6824,Good,Public
6825,Standard,Public
6826,Poor,Public
6827,Good,Public
6828,Standard,Public
6829,Good,Public
6830,Poor,Public
6831,Poor,Public
6832,Poor,Public
6833,Standard,Public
6834,Good,Public
6835,Poor,Public
6836,Standard,Public
6837,Standard,Public
6838,Standard,Public
6839,Standard,Public
6840,Standard,Public
6841,Standard,Public
6842,Good,Public
6843,Poor,Public
6844,Standard,Public
6845,Standard,Public
6846,Good,Public
6847,Standard,Public
6848,Good,Public
6849,Standard,Public
6850,Poor,Public
6851,Poor,Public
6852,Standard,Public
6853,Good,Public
6854,Good,Public
6855,Poor,Public
6856,Good,Public
6857,Standard,Public
6858,Good,Public
6859,Poor,Public
6860,Standard,Public
6861,Standard,Public
6862,Standard,Public
6863,Poor,Public
6864,Poor,Public
6865,Standard,Public
6866,Good,Public
6867,Poor,Public
6868,Poor,Public
6869,Poor,Public
6870,Standard,Public
6871,Standard,Public
6872,Standard,Public
6873,Good,Public
6874,Poor,Public
6875,Standard,Public
6876,Standard,Public
6877,Standard,Public
6878,Standard,Public
6879,Standard,Public
6880,Standard,Public
6881,Standard,Public
6882,Good,Public
6883,Standard,Public
6884,Good,Public
6885,Standard,Public
6886,Standard,Public
6887,Poor,Public
6888,Standard,Public
6889,Standard,Public
6890,Standard,Public
6891,Poor,Public
6892,Standard,Public
6893,Standard,Public
6894,Standard,Public
6895,Good,Public
6896,Standard,Public
6897,Poor,Public
6898,Standard,Public
6899,Standard,Public
6900,Standard,Public
6901,Good,Public
6902,Good,Public
6903,Poor,Public
6904,Standard,Public
6905,Standard,Public
6906,Standard,Public
6907,Standard,Public
6908,Good,Public
6909,Good,Public
6910,Poor,Public
6911,Poor,Public
6912,Standard,Public
6913,Standard,Public
6914,Standard,Public
6915,Standard,Public
6916,Standard,Public
6917,Standard,Public
6918,Good,Public
6919,Standard,Public
6920,Poor,Public
6921,Poor,Public
6922,Standard,Public
6923,Standard,Public
6924,Standard,Public
6925,Standard,Public
6926,Standard,Public
6927,Standard,Public
6928,Standard,Public
6929,Poor,Public
6930,Standard,Public
6931,Poor,Public
6932,Poor,Public
6933,Poor,Public
6934,Standard,Public
6935,Standard,Public
6936,Standard,Public
6937,Standard,Public
6938,Standard,Public
6939,Standard,Public
6940,Standard,Public
6941,Standard,Public
6942,Standard,Public
6943,Poor,Public
6944,Good,Public
6945,Standard,Public
6946,Good,Public
6947,Standard,Public
6948,Standard,Public
6949,Standard,Public
6950,Poor,Public
6951,Good,Public
6952,Good,Public
6953,Poor,Public
6954,Standard,Public
6955,Standard,Public
6956,Standard,Public
6957,Standard,Public
6958,Standard,Public
6959,Good,Public
6960,Standard,Public
6961,Standard,Public
6962,Good,Public
6963,Standard,Public
6964,Standard,Public
6965,Good,Public
6966,Standard,Public
6967,Poor,Public
6968,Standard,Public
6969,Good,Public
6970,Standard,Public
6971,Good,Public
6972,Good,Public
6973,Standard,Public
6974,Standard,Public
6975,Poor,Public
6976,Standard,Public
6977,Standard,Public
6978,Standard,Public
6979,Standard,Public
6980,Poor,Public
6981,Standard,Public
6982,Poor,Public
6983,Standard,Public
6984,Good,Public
6985,Standard,Public
6986,Standard,Public
6987,Poor,Public
6988,Poor,Public
6989,Standard,Public
6990,Standard,Public
6991,Good,Public
6992,Standard,Public
6993,Poor,Public
6994,Standard,Public
6995,Poor,Public
6996,Standard,Public
6997,Standard,Public
6998,Standard,Public
6999,Standard,Public
7000,Poor,Public
7001,Poor,Public
7002,Poor,Public
7003,Standard,Public
7004,Standard,Public
7005,Standard,Public
7006,Standard,Public
7007,Standard,Public
7008,Standard,Public
7009,Standard,Public
7010,Standard,Public
7011,Standard,Public
7012,Standard,Public
7013,Good,Public
7014,Standard,Public
7015,Standard,Public
7016,Poor,Public
7017,Standard,Public
7018,Poor,Public
7019,Standard,Public
7020,Poor,Public
7021,Poor,Public
7022,Good,Public
7023,Standard,Public
7024,Poor,Public
7025,Standard,Public
7026,Standard,Public
7027,Good,Public
7028,Good,Public
7029,Standard,Public
7030,Standard,Public
7031,Poor,Public
7032,Good,Public
7033,Standard,Public
7034,Good,Public
7035,Poor,Public
7036,Good,Public
7037,Poor,Public
7038,Good,Public
7039,Standard,Public
7040,Poor,Public
7041,Poor,Public
7042,Standard,Public
7043,Poor,Public
7044,Standard,Public
7045,Good,Public
7046,Standard,Public
7047,Standard,Public
7048,Poor,Public
7049,Standard,Public
7050,Standard,Public
7051,Good,Public
7052,Poor,Public
7053,Poor,Public
7054,Standard,Public
7055,Good,Public
7056,Poor,Public
7057,Standard,Public
7058,Poor,Public
7059,Standard,Public
7060,Poor,Public
7061,Standard,Public
7062,Poor,Public
7063,Poor,Public
7064,Good,Public
7065,Standard,Public
7066,Standard,Public
7067,Poor,Public
7068,Poor,Public
7069,Standard,Public
7070,Poor,Public
7071,Poor,Public
7072,Standard,Public
7073,Standard,Public
7074,Standard,Public
7075,Poor,Public
7076,Standard,Public
7077,Poor,Public
7078,Standard,Public
7079,Good,Public
7080,Standard,Public
7081,Standard,Public
7082,Standard,Public
7083,Standard,Public
7084,Poor,Public
7085,Poor,Public
7086,Standard,Public
7087,Poor,Public
7088,Poor,Public
7089,Poor,Public
7090,Poor,Public
7091,Poor,Public
7092,Poor,Public
7093,Good,Public
7094,Standard,Public
7095,Standard,Public
7096,Standard,Public
7097,Poor,Public
7098,Standard,Public
7099,Standard,Public
7100,Poor,Public
7101,Poor,Public
7102,Standard,Public
7103,Poor,Public
7104,Poor,Public
7105,Standard,Public
7106,Poor,Public
7107,Standard,Public
7108,Poor,Public
7109,Poor,Public
7110,Good,Public
7111,Standard,Public
7112,Good,Public
7113,Standard,Public
7114,Poor,Public
7115,Standard,Public
7116,Poor,Public
7117,Standard,Public
7118,Poor,Public
7119,Standard,Public
7120,Standard,Public
7121,Poor,Public
7122,Standard,Public
7123,Standard,Public
7124,Standard,Public
7125,Standard,Public
7126,Poor,Public
7127,Good,Public
7128,Poor,Public
7129,Poor,Public
7130,Standard,Public
7131,Good,Public
7132,Standard,Public
7133,Standard,Public
7134,Good,Public
7135,Poor,Public
7136,Standard,Public
7137,Standard,Public
7138,Good,Public
7139,Standard,Public
7140,Standard,Public
7141,Good,Public
7142,Standard,Public
7143,Good,Public
7144,Poor,Public
7145,Good,Public
7146,Standard,Public
7147,Poor,Public
7148,Poor,Public
7149,Good,Public
7150,Poor,Public
7151,Poor,Public
7152,Standard,Public
7153,Standard,Public
7154,Good,Public
7155,Good,Public
7156,Good,Public
7157,Standard,Public
7158,Good,Public
7159,Standard,Public
7160,Standard,Public
7161,Good,Public
7162,Good,Public
7163,Poor,Public
7164,Standard,Public
7165,Good,Public
7166,Poor,Public
7167,Poor,Public
7168,Standard,Public
7169,Poor,Public
7170,Poor,Public
7171,Good,Public
7172,Poor,Public
7173,Poor,Public
7174,Standard,Public
7175,Poor,Public
7176,Standard,Public
7177,Standard,Public
7178,Poor,Public
7179,Standard,Public
7180,Poor,Public
7181,Standard,Public
7182,Good,Public
7183,Poor,Public
7184,Standard,Public
7185,Standard,Public
7186,Poor,Public
7187,Standard,Public
7188,Standard,Public
7189,Good,Public
7190,Standard,Public
7191,Poor,Public
7192,Poor,Public
7193,Standard,Public
7194,Standard,Public
7195,Poor,Public
7196,Standard,Public
7197,Good,Public
7198,Poor,Public
7199,Good,Public
7200,Good,Public
7201,Poor,Public
7202,Poor,Public
7203,Poor,Public
7204,Standard,Public
7205,Standard,Public
7206,Good,Public
7207,Standard,Public
7208,Standard,Public
7209,Standard,Public
7210,Poor,Public
7211,Poor,Public
7212,Standard,Public
7213,Standard,Public
7214,Standard,Public
7215,Standard,Public
7216,Poor,Public
7217,Poor,Public
7218,Poor,Public
7219,Standard,Public
7220,Standard,Public
7221,Standard,Public
7222,Standard,Public
7223,Good,Public
7224,Poor,Public
7225,Standard,Public
7226,Good,Public
7227,Standard,Public
7228,Standard,Public
7229,Standard,Public
7230,Standard,Public
7231,Poor,Public
7232,Poor,Public
7233,Standard,Public
7234,Good,Public
7235,Standard,Public
7236,Good,Public
7237,Good,Public
7238,Good,Public
7239,Standard,Public
7240,Standard,Public
7241,Poor,Public
7242,Standard,Public
7243,Standard,Public
7244,Standard,Public
7245,Standard,Public
7246,Standard,Public
7247,Standard,Public
7248,Good,Public
7249,Standard,Public
7250,Standard,Public
7251,Standard,Public
7252,Standard,Public
7253,Poor,Public
7254,Standard,Public
7255,Standard,Public
7256,Standard,Public
7257,Poor,Public
7258,Good,Public
7259,Standard,Public
7260,Poor,Public
7261,Standard,Public
7262,Good,Public
7263,Standard,Public
7264,Poor,Public
7265,Standard,Public
7266,Good,Public
7267,Poor,Public
7268,Standard,Public
7269,Standard,Public
7270,Good,Public
7271,Standard,Public
7272,Standard,Public
7273,Standard,Public
7274,Good,Public
7275,Standard,Public
7276,Good,Public
7277,Standard,Public
7278,Standard,Public
7279,Standard,Public
7280,Standard,Public
7281,Standard,Public
7282,Standard,Public
7283,Standard,Public
7284,Poor,Public
7285,Poor,Public
7286,Standard,Public
7287,Good,Public
7288,Standard,Public
7289,Standard,Public
7290,Poor,Public
7291,Standard,Public
7292,Poor,Public
7293,Standard,Public
7294,Good,Public
7295,Poor,Public
7296,Good,Public
7297,Standard,Public
7298,Standard,Public
7299,Poor,Public
7300,Standard,Public
7301,Standard,Public
7302,Standard,Public
7303,Poor,Public
7304,Standard,Public
7305,Standard,Public
7306,Poor,Public
7307,Poor,Public
7308,Poor,Public
7309,Standard,Public
7310,Standard,Public
7311,Good,Public
7312,Standard,Public
7313,Standard,Public
7314,Poor,Public
7315,Good,Public
7316,Standard,Public
7317,Poor,Public
7318,Standard,Public
7319,Standard,Public
7320,Poor,Public
7321,Poor,Public
7322,Standard,Public
7323,Poor,Public
7324,Poor,Public
7325,Standard,Public
7326,Good,Public
7327,Poor,Public
7328,Poor,Public
7329,Poor,Public
7330,Standard,Public
7331,Poor,Public
7332,Poor,Public
7333,Standard,Public
7334,Standard,Public
7335,Standard,Public
7336,Good,Public
7337,Good,Public
7338,Standard,Public
7339,Good,Public
7340,Poor,Public
7341,Good,Public
7342,Standard,Public
7343,Poor,Public
7344,Poor,Public
7345,Poor,Public
7346,Standard,Public
7347,Standard,Public
7348,Standard,Public
7349,Standard,Public
7350,Poor,Public
7351,Standard,Public
7352,Poor,Public
7353,Poor,Public
7354,Standard,Public
7355,Poor,Public
7356,Standard,Public
7357,Standard,Public
7358,Standard,Public
7359,Standard,Public
7360,Poor,Public
7361,Standard,Public
7362,Standard,Public
7363,Standard,Public
7364,Standard,Public
7365,Good,Public
7366,Poor,Public
7367,Standard,Public
7368,Standard,Public
7369,Poor,Public
7370,Standard,Public
7371,Poor,Public
7372,Poor,Public
7373,Poor,Public
7374,Poor,Public
7375,Poor,Public
7376,Standard,Public
7377,Standard,Public
7378,Poor,Public
7379,Standard,Public
7380,Standard,Public
7381,Good,Public
7382,Good,Public
7383,Standard,Public
7384,Standard,Public
7385,Standard,Public
7386,Poor,Public
7387,Standard,Public
7388,Standard,Public
7389,Standard,Public
7390,Standard,Public
7391,Poor,Public
7392,Poor,Public
7393,Standard,Public
7394,Poor,Public
7395,Standard,Public
7396,Poor,Public
7397,Poor,Public
7398,Standard,Public
7399,Poor,Public
7400,Standard,Public
7401,Poor,Public
7402,Standard,Public
7403,Standard,Public
7404,Standard,Public
7405,Standard,Public
7406,Standard,Public
7407,Standard,Public
7408,Good,Public
7409,Standard,Public
7410,Standard,Public
7411,Standard,Public
7412,Standard,Public
7413,Poor,Public
7414,Good,Public
7415,Good,Public
7416,Standard,Public
7417,Standard,Public
7418,Poor,Public
7419,Standard,Public
7420,Poor,Public
7421,Good,Public
7422,Standard,Public
7423,Poor,Public
7424,Good,Public
7425,Poor,Public
7426,Good,Public
7427,Good,Public
7428,Standard,Public
7429,Standard,Public
7430,Poor,Public
7431,Standard,Public
7432,Good,Public
7433,Standard,Public
7434,Poor,Public
7435,Standard,Public
7436,Standard,Public
7437,Good,Public
7438,Poor,Public
7439,Standard,Public
7440,Standard,Public
7441,Standard,Public
7442,Good,Public
7443,Poor,Public
7444,Standard,Public
7445,Good,Public
7446,Standard,Public
7447,Poor,Public
7448,Good,Public
7449,Standard,Public
7450,Standard,Public
7451,Good,Public
7452,Good,Public
7453,Good,Public
7454,Poor,Public
7455,Good,Public
7456,Standard,Public
7457,Poor,Public
7458,Good,Public
7459,Standard,Public
7460,Poor,Public
7461,Standard,Public
7462,Good,Public
7463,Poor,Public
7464,Standard,Public
7465,Good,Public
7466,Standard,Public
7467,Standard,Public
7468,Good,Public
7469,Standard,Public
7470,Standard,Public
7471,Poor,Public
7472,Standard,Public
7473,Poor,Public
7474,Standard,Public
7475,Standard,Public
7476,Standard,Public
7477,Poor,Public
7478,Standard,Public
7479,Standard,Public
7480,Good,Public
7481,Poor,Public
7482,Standard,Public
7483,Standard,Public
7484,Standard,Public
7485,Good,Public
7486,Good,Public
7487,Poor,Public
7488,Standard,Public
7489,Good,Public
7490,Standard,Public
7491,Poor,Public
7492,Poor,Public
7493,Standard,Public
7494,Poor,Public
7495,Standard,Public
7496,Standard,Public
7497,Poor,Public
7498,Good,Public
7499,Standard,Public
7500,Standard,Public
7501,Standard,Public
7502,Standard,Public
7503,Good,Public
7504,Poor,Public
7505,Standard,Public
7506,Standard,Public
7507,Good,Public
7508,Standard,Public
7509,Poor,Public
7510,Standard,Public
7511,Standard,Public
7512,Standard,Public
7513,Good,Public
7514,Standard,Public
7515,Standard,Public
7516,Standard,Public
7517,Standard,Public
7518,Good,Public
7519,Poor,Public
7520,Standard,Public
7521,Standard,Public
7522,Poor,Public
7523,Good,Public
7524,Good,Public
7525,Standard,Public
7526,Standard,Public
7527,Poor,Public
7528,Standard,Public
7529,Good,Public
7530,Standard,Public
7531,Poor,Public
7532,Standard,Public
7533,Good,Public
7534,Standard,Public
7535,Standard,Public
7536,Standard,Public
7537,Standard,Public
7538,Standard,Public
7539,Standard,Public
7540,Standard,Public
7541,Standard,Public
7542,Good,Public
7543,Standard,Public
7544,Standard,Public
7545,Standard,Public
7546,Poor,Public
7547,Standard,Public
7548,Poor,Public
7549,Good,Public
7550,Poor,Public
7551,Standard,Public
7552,Poor,Public
7553,Poor,Public
7554,Poor,Public
7555,Standard,Public
7556,Good,Public
7557,Standard,Public
7558,Standard,Public
7559,Poor,Public
7560,Standard,Public
7561,Standard,Public
7562,Standard,Public
7563,Standard,Public
7564,Standard,Public
7565,Standard,Public
7566,Good,Public
7567,Poor,Public
7568,Standard,Public
7569,Poor,Public
7570,Standard,Public
7571,Poor,Public
7572,Poor,Public
7573,Standard,Public
7574,Standard,Public
7575,Good,Public
7576,Good,Public
7577,Standard,Public
7578,Standard,Public
7579,Standard,Public
7580,Standard,Public
7581,Poor,Public
7582,Poor,Public
7583,Standard,Public
7584,Standard,Public
7585,Poor,Public
7586,Poor,Public
7587,Good,Public
7588,Standard,Public
7589,Standard,Public
7590,Standard,Public
7591,Poor,Public
7592,Poor,Public
7593,Good,Public
7594,Standard,Public
7595,Poor,Public
7596,Standard,Public
7597,Standard,Public
7598,Poor,Public
7599,Standard,Public
7600,Good,Public
7601,Good,Public
7602,Poor,Public
7603,Standard,Public
7604,Standard,Public
7605,Standard,Public
7606,Poor,Public
7607,Standard,Public
7608,Standard,Public
7609,Poor,Public
7610,Standard,Public
7611,Standard,Public
7612,Good,Public
7613,Standard,Public
7614,Standard,Public
7615,Poor,Public
7616,Good,Public
7617,Standard,Public
7618,Standard,Public
7619,Standard,Public
7620,Good,Public
7621,Good,Public
7622,Poor,Public
7623,Good,Public
7624,Standard,Public
7625,Poor,Public
7626,Standard,Public
7627,Standard,Public
7628,Poor,Public
7629,Good,Public
7630,Good,Public
7631,Standard,Public
7632,Poor,Public
7633,Standard,Public
7634,Poor,Public
7635,Standard,Public
7636,Standard,Public
7637,Poor,Public
7638,Poor,Public
7639,Poor,Public
7640,Good,Public
7641,Poor,Public
7642,Standard,Public
7643,Standard,Public
7644,Standard,Public
7645,Poor,Public
7646,Standard,Public
7647,Standard,Public
7648,Poor,Public
7649,Poor,Public
7650,Standard,Public
7651,Good,Public
7652,Standard,Public
7653,Standard,Public
7654,Poor,Public
7655,Standard,Public
7656,Standard,Public
7657,Standard,Public
7658,Good,Public
7659,Standard,Public
7660,Standard,Public
7661,Standard,Public
7662,Poor,Public
7663,Good,Public
7664,Standard,Public
7665,Poor,Public
7666,Good,Public
7667,Good,Public
7668,Good,Public
7669,Standard,Public
7670,Good,Public
7671,Poor,Public
7672,Standard,Public
7673,Standard,Public
7674,Standard,Public
7675,Poor,Public
7676,Poor,Public
7677,Standard,Public
7678,Poor,Public
7679,Poor,Public
7680,Standard,Public
7681,Poor,Public
7682,Poor,Public
7683,Standard,Public
7684,Good,Public
7685,Standard,Public
7686,Standard,Public
7687,Standard,Public
7688,Good,Public
7689,Poor,Public
7690,Standard,Public
7691,Good,Public
7692,Good,Public
7693,Standard,Public
7694,Poor,Public
7695,Poor,Public
7696,Standard,Public
7697,Standard,Public
7698,Good,Public
7699,Standard,Public
7700,Standard,Public
7701,Poor,Public
7702,Standard,Public
7703,Poor,Public
7704,Standard,Public
7705,Standard,Public
7706,Standard,Public
7707,Standard,Public
7708,Good,Public
7709,Standard,Public
7710,Poor,Public
7711,Standard,Public
7712,Standard,Public
7713,Poor,Public
7714,Poor,Public
7715,Poor,Public
7716,Standard,Public
7717,Standard,Public
7718,Poor,Public
7719,Good,Public
7720,Good,Public
7721,Standard,Public
7722,Good,Public
7723,Good,Public
7724,Standard,Public
7725,Standard,Public
7726,Good,Public
7727,Good,Public
7728,Poor,Public
7729,Poor,Public
7730,Standard,Public
7731,Standard,Public
7732,Poor,Public
7733,Poor,Public
7734,Good,Public
7735,Standard,Public
7736,Poor,Public
7737,Good,Public
7738,Good,Public
7739,Standard,Public
7740,Poor,Public
7741,Standard,Public
7742,Standard,Public
7743,Good,Public
7744,Standard,Public
7745,Good,Public
7746,Standard,Public
7747,Good,Public
7748,Standard,Public
7749,Poor,Public
7750,Standard,Public
7751,Standard,Public
7752,Poor,Public
7753,Standard,Public
7754,Good,Public
7755,Good,Public
7756,Standard,Public
7757,Poor,Public
7758,Standard,Public
7759,Standard,Public
7760,Standard,Public
7761,Standard,Public
7762,Poor,Public
7763,Poor,Public
7764,Poor,Public
7765,Standard,Public
7766,Good,Public
7767,Standard,Public
7768,Standard,Public
7769,Standard,Public
7770,Poor,Public
7771,Poor,Public
7772,Poor,Public
7773,Poor,Public
7774,Standard,Public
7775,Poor,Public
7776,Standard,Public
7777,Standard,Public
7778,Poor,Public
7779,Standard,Public
7780,Standard,Public
7781,Standard,Public
7782,Standard,Public
7783,Standard,Public
7784,Standard,Public
7785,Good,Public
7786,Standard,Public
7787,Standard,Public
7788,Poor,Public
7789,Standard,Public
7790,Standard,Public
7791,Standard,Public
7792,Good,Public
7793,Standard,Public
7794,Poor,Public
7795,Poor,Public
7796,Standard,Public
7797,Standard,Public
7798,Standard,Public
7799,Poor,Public
7800,Good,Public
7801,Good,Public
7802,Standard,Public
7803,Standard,Public
7804,Poor,Public
7805,Standard,Public
7806,Poor,Public
7807,Poor,Public
7808,Good,Public
7809,Poor,Public
7810,Standard,Public
7811,Poor,Public
7812,Standard,Public
7813,Standard,Public
7814,Standard,Public
7815,Poor,Public
7816,Standard,Public
7817,Good,Public
7818,Good,Public
7819,Standard,Public
7820,Good,Public
7821,Poor,Public
7822,Standard,Public
7823,Standard,Public
7824,Standard,Public
7825,Standard,Public
7826,Standard,Public
7827,Standard,Public
7828,Standard,Public
7829,Poor,Public
7830,Poor,Public
7831,Good,Public
7832,Poor,Public
7833,Standard,Public
7834,Good,Public
7835,Standard,Public
7836,Poor,Public
7837,Poor,Public
7838,Poor,Public
7839,Poor,Public
7840,Poor,Public
7841,Good,Public
7842,Standard,Public
7843,Poor,Public
7844,Standard,Public
7845,Standard,Public
7846,Standard,Public
7847,Good,Public
7848,Good,Public
7849,Standard,Public
7850,Standard,Public
7851,Standard,Public
7852,Standard,Public
7853,Poor,Public
7854,Poor,Public
7855,Standard,Public
7856,Good,Public
7857,Standard,Public
7858,Poor,Public
7859,Poor,Public
7860,Standard,Public
7861,Standard,Public
7862,Standard,Public
7863,Standard,Public
7864,Good,Public
7865,Standard,Public
7866,Poor,Public
7867,Poor,Public
7868,Standard,Public
7869,Good,Public
7870,Standard,Public
7871,Good,Public
7872,Poor,Public
7873,Standard,Public
7874,Poor,Public
7875,Good,Public
7876,Standard,Public
7877,Standard,Public
7878,Standard,Public
7879,Good,Public
7880,Standard,Public
7881,Good,Public
7882,Good,Public
7883,Standard,Public
7884,Standard,Public
7885,Good,Public
7886,Standard,Public
7887,Standard,Public
7888,Poor,Public
7889,Good,Public
7890,Standard,Public
7891,Poor,Public
7892,Standard,Public
7893,Poor,Public
7894,Standard,Public
7895,Poor,Public
7896,Poor,Public
7897,Standard,Public
7898,Standard,Public
7899,Good,Public
7900,Poor,Public
7901,Standard,Public
7902,Standard,Public
7903,Standard,Public
7904,Standard,Public
7905,Poor,Public
7906,Poor,Public
7907,Standard,Public
7908,Good,Public
7909,Standard,Public
7910,Standard,Public
7911,Standard,Public
7912,Standard,Public
7913,Good,Public
7914,Standard,Public
7915,Poor,Public
7916,Standard,Public
7917,Standard,Public
7918,Poor,Public
7919,Standard,Public
7920,Good,Public
7921,Standard,Public
7922,Poor,Public
7923,Good,Public
7924,Standard,Public
7925,Standard,Public
7926,Poor,Public
7927,Standard,Public
7928,Standard,Public
7929,Good,Public
7930,Poor,Public
7931,Standard,Public
7932,Standard,Public
7933,Poor,Public
7934,Standard,Public
7935,Poor,Public
7936,Poor,Public
7937,Standard,Public
7938,Standard,Public
7939,Good,Public
7940,Poor,Public
7941,Standard,Public
7942,Standard,Public
7943,Standard,Public
7944,Standard,Public
7945,Standard,Public
7946,Standard,Public
7947,Standard,Public
7948,Standard,Public
7949,Poor,Public
7950,Standard,Public
7951,Good,Public
7952,Standard,Public
7953,Poor,Public
7954,Standard,Public
7955,Standard,Public
7956,Good,Public
7957,Standard,Public
7958,Good,Public
7959,Standard,Public
7960,Good,Public
7961,Poor,Public
7962,Standard,Public
7963,Standard,Public
7964,Standard,Public
7965,Poor,Public
7966,Standard,Public
7967,Standard,Public
7968,Standard,Public
7969,Standard,Public
7970,Poor,Public
7971,Good,Public
7972,Poor,Public
7973,Poor,Public
7974,Standard,Public
7975,Poor,Public
7976,Standard,Public
7977,Standard,Public
7978,Poor,Public
7979,Good,Public
7980,Standard,Public
7981,Poor,Public
7982,Standard,Public
7983,Standard,Public
7984,Poor,Public
7985,Good,Public
7986,Standard,Public
7987,Standard,Public
7988,Poor,Public
7989,Poor,Public
7990,Poor,Public
7991,Poor,Public
7992,Standard,Public
7993,Standard,Public
7994,Poor,Public
7995,Poor,Public
7996,Good,Public
7997,Standard,Public
7998,Standard,Public
7999,Standard,Public
8000,Standard,Public
8001,Poor,Public
8002,Poor,Public
8003,Standard,Public
8004,Standard,Public
8005,Poor,Public
8006,Poor,Public
8007,Good,Public
8008,Poor,Public
8009,Good,Public
8010,Standard,Public
8011,Good,Public
8012,Poor,Public
8013,Standard,Public
8014,Good,Public
8015,Poor,Public
8016,Standard,Public
8017,Standard,Public
8018,Poor,Public
8019,Poor,Public
8020,Good,Public
8021,Standard,Public
8022,Poor,Public
8023,Standard,Public
8024,Standard,Public
8025,Standard,Public
8026,Good,Public
8027,Standard,Public
8028,Good,Public
8029,Standard,Public
8030,Standard,Public
8031,Standard,Public
8032,Standard,Public
8033,Standard,Public
8034,Good,Public
8035,Poor,Public
8036,Poor,Public
8037,Standard,Public
8038,Good,Public
8039,Poor,Public
8040,Standard,Public
8041,Standard,Public
8042,Poor,Public
8043,Standard,Public
8044,Poor,Public
8045,Standard,Public
8046,Standard,Public
8047,Standard,Public
8048,Poor,Public
8049,Standard,Public
8050,Standard,Public
8051,Good,Public
8052,Good,Public
8053,Standard,Public
8054,Poor,Public
8055,Standard,Public
8056,Standard,Public
8057,Standard,Public
8058,Good,Public
8059,Standard,Public
8060,Good,Public
8061,Good,Public
8062,Poor,Public
8063,Poor,Public
8064,Standard,Public
8065,Good,Public
8066,Standard,Public
8067,Standard,Public
8068,Standard,Public
8069,Poor,Public
8070,Good,Public
8071,Standard,Public
8072,Poor,Public
8073,Standard,Public
8074,Standard,Public
8075,Poor,Public
8076,Poor,Public
8077,Standard,Public
8078,Standard,Public
8079,Standard,Public
8080,Good,Public
8081,Standard,Public
8082,Standard,Public
8083,Poor,Public
8084,Good,Public
8085,Standard,Public
8086,Good,Public
8087,Standard,Public
8088,Standard,Public
8089,Standard,Public
8090,Poor,Public
8091,Standard,Public
8092,Standard,Public
8093,Standard,Public
8094,Standard,Public
8095,Poor,Public
8096,Poor,Public
8097,Poor,Public
8098,Standard,Public
8099,Standard,Public
8100,Standard,Public
8101,Poor,Public
8102,Standard,Public
8103,Standard,Public
8104,Standard,Public
8105,Good,Public
8106,Standard,Public
8107,Standard,Public
8108,Standard,Public
8109,Good,Public
8110,Standard,Public
8111,Standard,Public
8112,Poor,Public
8113,Good,Public
8114,Poor,Public
8115,Standard,Public
8116,Poor,Public
8117,Poor,Public
8118,Poor,Public
8119,Standard,Public
8120,Standard,Public
8121,Standard,Public
8122,Standard,Public
8123,Standard,Public
8124,Good,Public
8125,Standard,Public
8126,Standard,Public
8127,Standard,Public
8128,Standard,Public
8129,Standard,Public
8130,Poor,Public
8131,Poor,Public
8132,Poor,Public
8133,Poor,Public
8134,Standard,Public
8135,Poor,Public
8136,Poor,Public
8137,Standard,Public
8138,Good,Public
8139,Standard,Public
8140,Standard,Public
8141,Standard,Public
8142,Standard,Public
8143,Standard,Public
8144,Poor,Public
8145,Good,Public
8146,Good,Public
8147,Poor,Public
8148,Poor,Public
8149,Standard,Public
8150,Standard,Public
8151,Standard,Public
8152,Good,Public
8153,Good,Public
8154,Good,Public
8155,Standard,Public
8156,Standard,Public
8157,Standard,Public
8158,Poor,Public
8159,Standard,Public
8160,Poor,Public
8161,Standard,Public
8162,Standard,Public
8163,Poor,Public
8164,Poor,Public
8165,Standard,Public
8166,Standard,Public
8167,Standard,Public
8168,Poor,Public
8169,Standard,Public
8170,Poor,Public
8171,Good,Public
8172,Standard,Public
8173,Standard,Public
8174,Standard,Public
8175,Standard,Public
8176,Poor,Public
8177,Poor,Public
8178,Poor,Public
8179,Poor,Public
8180,Good,Public
8181,Standard,Public
8182,Standard,Public
8183,Poor,Public
8184,Good,Public
8185,Standard,Public
8186,Poor,Public
8187,Standard,Public
8188,Good,Public
8189,Good,Public
8190,Standard,Public
8191,Standard,Public
8192,Poor,Public
8193,Poor,Public
8194,Standard,Public
8195,Standard,Public
8196,Good,Public
8197,Standard,Public
8198,Poor,Public
8199,Poor,Public
8200,Standard,Public
8201,Standard,Public
8202,Standard,Public
8203,Good,Public
8204,Standard,Public
8205,Poor,Public
8206,Poor,Public
8207,Standard,Public
8208,Poor,Public
8209,Good,Public
8210,Standard,Public
8211,Standard,Public
8212,Standard,Public
8213,Standard,Public
8214,Standard,Public
8215,Standard,Public
8216,Poor,Public
8217,Standard,Public
8218,Standard,Public
8219,Standard,Public
8220,Good,Public
8221,Poor,Public
8222,Standard,Public
8223,Standard,Public
8224,Poor,Public
8225,Standard,Public
8226,Poor,Public
8227,Good,Public
8228,Poor,Public
8229,Poor,Public
8230,Standard,Public
8231,Good,Public
8232,Standard,Public
8233,Standard,Public
8234,Poor,Public
8235,Standard,Public
8236,Standard,Public
8237,Poor,Public
8238,Good,Public
8239,Poor,Public
8240,Standard,Public
8241,Standard,Public
8242,Standard,Public
8243,Standard,Public
8244,Standard,Public
8245,Standard,Public
8246,Good,Public
8247,Standard,Public
8248,Standard,Public
8249,Standard,Public
8250,Standard,Public
8251,Standard,Public
8252,Standard,Public
8253,Poor,Public
8254,Standard,Public
8255,Poor,Public
8256,Standard,Public
8257,Poor,Public
8258,Standard,Public
8259,Standard,Public
8260,Standard,Public
8261,Poor,Public
8262,Poor,Public
8263,Good,Public
8264,Standard,Public
8265,Poor,Public
8266,Poor,Public
8267,Standard,Public
8268,Poor,Public
8269,Good,Public
8270,Standard,Public
8271,Poor,Public
8272,Standard,Public
8273,Good,Public
8274,Standard,Public
8275,Poor,Public
8276,Poor,Public
8277,Standard,Public
8278,Poor,Public
8279,Poor,Public
8280,Standard,Public
8281,Standard,Public
8282,Standard,Public
8283,Standard,Public
8284,Standard,Public
8285,Poor,Public
8286,Poor,Public
8287,Standard,Public
8288,Good,Public
8289,Standard,Public
8290,Good,Public
8291,Standard,Public
8292,Standard,Public
8293,Poor,Public
8294,Poor,Public
8295,Standard,Public
8296,Standard,Public
8297,Standard,Public
8298,Poor,Public
8299,Poor,Public
8300,Poor,Public
8301,Standard,Public
8302,Poor,Public
8303,Standard,Public
8304,Good,Public
8305,Standard,Public
8306,Standard,Public
8307,Standard,Public
8308,Poor,Public
8309,Standard,Public
8310,Good,Public
8311,Standard,Public
8312,Good,Public
8313,Standard,Public
8314,Good,Public
8315,Standard,Public
8316,Standard,Public
8317,Standard,Public
8318,Standard,Public
8319,Standard,Public
8320,Standard,Public
8321,Standard,Public
8322,Standard,Public
8323,Standard,Public
8324,Good,Public
8325,Good,Public
8326,Good,Public
8327,Good,Public
8328,Poor,Public
8329,Good,Public
8330,Standard,Public
8331,Good,Public
8332,Standard,Public
8333,Poor,Public
8334,Good,Public
8335,Standard,Public
8336,Poor,Public
8337,Good,Public
8338,Standard,Public
8339,Standard,Public
8340,Good,Public
8341,Poor,Public
8342,Standard,Public
8343,Standard,Public
8344,Poor,Public
8345,Good,Public
8346,Poor,Public
8347,Poor,Public
8348,Good,Public
8349,Standard,Public
8350,Good,Public
8351,Poor,Public
8352,Standard,Public
8353,Standard,Public
8354,Good,Public
8355,Good,Public
8356,Poor,Public
8357,Poor,Public
8358,Standard,Public
8359,Good,Public
8360,Standard,Public
8361,Poor,Public
8362,Standard,Public
8363,Standard,Public
8364,Standard,Public
8365,Standard,Public
8366,Good,Public
8367,Standard,Public
8368,Standard,Public
8369,Poor,Public
8370,Poor,Public
8371,Standard,Public
8372,Standard,Public
8373,Standard,Public
8374,Standard,Public
8375,Poor,Public
8376,Standard,Public
8377,Standard,Public
8378,Good,Public
8379,Standard,Public
8380,Poor,Public
8381,Poor,Public
8382,Standard,Public
8383,Standard,Public
8384,Good,Public
8385,Standard,Public
8386,Standard,Public
8387,Standard,Public
8388,Good,Public
8389,Standard,Public
8390,Standard,Public
8391,Poor,Public
8392,Poor,Public
8393,Poor,Public
8394,Poor,Public
8395,Poor,Public
8396,Standard,Public
8397,Standard,Public
8398,Standard,Public
8399,Standard,Public
8400,Standard,Public
8401,Poor,Public
8402,Poor,Public
8403,Standard,Public
8404,Standard,Public
8405,Standard,Public
8406,Poor,Public
8407,Poor,Public
8408,Good,Public
8409,Standard,Public
8410,Standard,Public
8411,Standard,Public
8412,Poor,Public
8413,Standard,Public
8414,Poor,Public
8415,Standard,Public
8416,Poor,Public
8417,Standard,Public
8418,Standard,Public
8419,Standard,Public
8420,Good,Public
8421,Good,Public
8422,Standard,Public
8423,Poor,Public
8424,Poor,Public
8425,Standard,Public
8426,Poor,Public
8427,Poor,Public
8428,Standard,Public
8429,Standard,Public
8430,Poor,Public
8431,Poor,Public
8432,Standard,Public
8433,Good,Public
8434,Standard,Public
8435,Poor,Public
8436,Poor,Public
8437,Poor,Public
8438,Poor,Public
8439,Poor,Public
8440,Standard,Public
8441,Poor,Public
8442,Poor,Public
8443,Good,Public
8444,Standard,Public
8445,Standard,Public
8446,Good,Public
8447,Good,Public
8448,Standard,Public
8449,Standard,Public
8450,Standard,Public
8451,Standard,Public
8452,Poor,Public
8453,Poor,Public
8454,Poor,Public
8455,Standard,Public
8456,Good,Public
8457,Standard,Public
8458,Standard,Public
8459,Poor,Public
8460,Poor,Public
8461,Standard,Public
8462,Standard,Public
8463,Poor,Public
8464,Poor,Public
8465,Poor,Public
8466,Good,Public
8467,Poor,Public
8468,Standard,Public
8469,Standard,Public
8470,Standard,Public
8471,Poor,Public
8472,Good,Public
8473,Standard,Public
8474,Good,Public
8475,Good,Public
8476,Poor,Public
8477,Poor,Public
8478,Good,Public
8479,Poor,Public
8480,Good,Public
8481,Poor,Public
8482,Standard,Public
8483,Good,Public
8484,Standard,Public
8485,Standard,Public
8486,Standard,Public
8487,Standard,Public
8488,Standard,Public
8489,Good,Public
8490,Standard,Public
8491,Poor,Public
8492,Good,Public
8493,Good,Public
8494,Standard,Public
8495,Poor,Public
8496,Standard,Public
8497,Standard,Public
8498,Good,Public
8499,Standard,Public
8500,Poor,Public
8501,Poor,Public
8502,Standard,Public
8503,Poor,Public
8504,Good,Public
8505,Standard,Public
8506,Good,Public
8507,Poor,Public
8508,Standard,Public
8509,Standard,Public
8510,Good,Public
8511,Poor,Public
8512,Standard,Public
8513,Good,Public
8514,Good,Public
8515,Standard,Public
8516,Standard,Public
8517,Good,Public
8518,Standard,Public
8519,Standard,Public
8520,Standard,Public
8521,Standard,Public
8522,Standard,Public
8523,Standard,Public
8524,Poor,Public
8525,Standard,Public
8526,Standard,Public
8527,Standard,Public
8528,Standard,Public
8529,Good,Public
8530,Poor,Public
8531,Poor,Public
8532,Standard,Public
8533,Standard,Public
8534,Poor,Public
8535,Standard,Public
8536,Standard,Public
8537,Standard,Public
8538,Standard,Public
8539,Standard,Public
8540,Standard,Public
8541,Standard,Public
8542,Poor,Public
8543,Good,Public
8544,Poor,Public
8545,Poor,Public
8546,Standard,Public
8547,Standard,Public
8548,Standard,Public
8549,Good,Public
8550,Poor,Public
8551,Standard,Public
8552,Poor,Public
8553,Good,Public
8554,Standard,Public
8555,Poor,Public
8556,Standard,Public
8557,Standard,Public
8558,Standard,Public
8559,Poor,Public
8560,Standard,Public
8561,Good,Public
8562,Good,Public
8563,Standard,Public
8564,Poor,Public
8565,Standard,Public
8566,Poor,Public
8567,Standard,Public
8568,Standard,Public
8569,Standard,Public
8570,Poor,Public
8571,Poor,Public
8572,Standard,Public
8573,Poor,Public
8574,Good,Public
8575,Poor,Public
8576,Poor,Public
8577,Good,Public
8578,Standard,Public
8579,Poor,Public
8580,Poor,Public
8581,Standard,Public
8582,Standard,Public
8583,Standard,Public
8584,Standard,Public
8585,Poor,Public
8586,Poor,Public
8587,Standard,Public
8588,Standard,Public
8589,Standard,Public
8590,Standard,Public
8591,Poor,Public
8592,Poor,Public
8593,Poor,Public
8594,Poor,Public
8595,Poor,Public
8596,Standard,Public
8597,Good,Public
8598,Standard,Public
8599,Standard,Public
8600,Standard,Public
8601,Standard,Public
8602,Poor,Public
8603,Poor,Public
8604,Poor,Public
8605,Good,Public
8606,Poor,Public
8607,Poor,Public
8608,Standard,Public
8609,Poor,Public
8610,Standard,Public
8611,Poor,Public
8612,Poor,Public
8613,Poor,Public
8614,Standard,Public
8615,Standard,Public
8616,Poor,Public
8617,Poor,Public
8618,Standard,Public
8619,Standard,Public
8620,Standard,Public
8621,Standard,Public
8622,Poor,Public
8623,Standard,Public
8624,Standard,Public
8625,Poor,Public
8626,Good,Public
8627,Standard,Public
8628,Standard,Public
8629,Good,Public
8630,Standard,Public
8631,Standard,Public
8632,Standard,Public
8633,Standard,Public
8634,Good,Public
8635,Standard,Public
8636,Good,Public
8637,Standard,Public
8638,Poor,Public
8639,Good,Public
8640,Poor,Public
8641,Poor,Public
8642,Poor,Public
8643,Standard,Public
8644,Standard,Public
8645,Standard,Public
8646,Good,Public
8647,Poor,Public
8648,Standard,Public
8649,Standard,Public
8650,Standard,Public
8651,Standard,Public
8652,Poor,Public
8653,Standard,Public
8654,Good,Public
8655,Standard,Public
8656,Standard,Public
8657,Standard,Public
8658,Good,Public
8659,Good,Public
8660,Standard,Public
8661,Standard,Public
8662,Good,Public
8663,Good,Public
8664,Standard,Public
8665,Standard,Public
8666,Poor,Public
8667,Poor,Public
8668,Standard,Public
8669,Good,Public
8670,Good,Public
8671,Standard,Public
8672,Standard,Public
8673,Standard,Public
8674,Good,Public
8675,Good,Public
8676,Poor,Public
8677,Standard,Public
8678,Poor,Public
8679,Standard,Public
8680,Good,Public
8681,Standard,Public
8682,Good,Public
8683,Poor,Public
8684,Poor,Public
8685,Standard,Public
8686,Standard,Public
8687,Poor,Public
8688,Standard,Public
8689,Poor,Public
8690,Standard,Public
8691,Standard,Public
8692,Poor,Public
8693,Standard,Public
8694,Poor,Public
8695,Standard,Public
8696,Poor,Public
8697,Poor,Public
8698,Good,Public
8699,Poor,Public
8700,Poor,Public
8701,Poor,Public
8702,Standard,Public
8703,Poor,Public
8704,Standard,Public
8705,Standard,Public
8706,Standard,Public
8707,Poor,Public
8708,Standard,Public
8709,Standard,Public
8710,Poor,Public
8711,Standard,Public
8712,Poor,Public
8713,Standard,Public
8714,Good,Public
8715,Good,Public
8716,Poor,Public
8717,Standard,Public
8718,Standard,Public
8719,Good,Public
8720,Good,Public
8721,Good,Public
8722,Standard,Public
8723,Standard,Public
8724,Standard,Public
8725,Poor,Public
8726,Poor,Public
8727,Standard,Public
8728,Good,Public
8729,Standard,Public
8730,Good,Public
8731,Standard,Public
8732,Standard,Public
8733,Good,Public
8734,Poor,Public
8735,Standard,Public
8736,Poor,Public
8737,Standard,Public
8738,Standard,Public
8739,Standard,Public
8740,Standard,Public
8741,Poor,Public
8742,Good,Public
8743,Poor,Public
8744,Good,Public
8745,Standard,Public
8746,Poor,Public
8747,Standard,Public
8748,Poor,Public
8749,Standard,Public
8750,Standard,Public
8751,Standard,Public
8752,Good,Public
8753,Poor,Public
8754,Poor,Public
8755,Standard,Public
8756,Poor,Public
8757,Standard,Public
8758,Standard,Public
8759,Good,Public
8760,Standard,Public
8761,Poor,Public
8762,Standard,Public
8763,Standard,Public
8764,Standard,Public
8765,Standard,Public
8766,Poor,Public
8767,Standard,Public
8768,Good,Public
8769,Good,Public
8770,Poor,Public
8771,Poor,Public
8772,Poor,Public
8773,Standard,Public
8774,Standard,Public
8775,Standard,Public
8776,Poor,Public
8777,Poor,Public
8778,Poor,Public
8779,Poor,Public
8780,Standard,Public
8781,Poor,Public
8782,Standard,Public
8783,Poor,Public
8784,Standard,Public
8785,Good,Public
8786,Poor,Public
8787,Standard,Public
8788,Standard,Public
8789,Standard,Public
8790,Poor,Public
8791,Standard,Public
8792,Standard,Public
8793,Poor,Public
8794,Standard,Public
8795,Standard,Public
8796,Good,Public
8797,Standard,Public
8798,Standard,Public
8799,Poor,Public
8800,Good,Public
8801,Standard,Public
8802,Poor,Public
8803,Standard,Public
8804,Good,Public
8805,Standard,Public
8806,Standard,Public
8807,Standard,Public
8808,Standard,Public
8809,Standard,Public
8810,Poor,Public
8811,Standard,Public
8812,Standard,Public
8813,Standard,Public
8814,Standard,Public
8815,Standard,Public
8816,Standard,Public
8817,Poor,Public
8818,Standard,Public
8819,Standard,Public
8820,Standard,Public
8821,Standard,Public
8822,Poor,Public
8823,Poor,Public
8824,Standard,Public
8825,Poor,Public
8826,Poor,Public
8827,Standard,Public
8828,Poor,Public
8829,Good,Public
8830,Good,Public
8831,Good,Public
8832,Poor,Public
8833,Standard,Public
8834,Standard,Public
8835,Good,Public
8836,Standard,Public
8837,Poor,Public
8838,Poor,Public
8839,Good,Public
8840,Standard,Public
8841,Poor,Public
8842,Standard,Public
8843,Good,Public
8844,Standard,Public
8845,Poor,Public
8846,Standard,Public
8847,Good,Public
8848,Standard,Public
8849,Poor,Public
8850,Standard,Public
8851,Standard,Public
8852,Poor,Public
8853,Poor,Public
8854,Poor,Public
8855,Poor,Public
8856,Standard,Public
8857,Standard,Public
8858,Standard,Public
8859,Poor,Public
8860,Good,Public
8861,Standard,Public
8862,Standard,Public
8863,Poor,Public
8864,Standard,Public
8865,Poor,Public
8866,Standard,Public
8867,Standard,Public
8868,Standard,Public
8869,Poor,Public
8870,Good,Public
8871,Poor,Public
8872,Standard,Public
8873,Poor,Public
8874,Standard,Public
8875,Standard,Public
8876,Good,Public
8877,Poor,Public
8878,Standard,Public
8879,Standard,Public
8880,Poor,Public
8881,Standard,Public
8882,Standard,Public
8883,Poor,Public
8884,Poor,Public
8885,Standard,Public
8886,Poor,Public
8887,Poor,Public
8888,Standard,Public
8889,Poor,Public
8890,Standard,Public
8891,Poor,Public
8892,Standard,Public
8893,Poor,Public
8894,Standard,Public
8895,Good,Public
8896,Standard,Public
8897,Good,Public
8898,Good,Public
8899,Standard,Public
8900,Standard,Public
8901,Standard,Public
8902,Standard,Public
8903,Standard,Public
8904,Poor,Public
8905,Standard,Public
8906,Poor,Public
8907,Standard,Public
8908,Good,Public
8909,Poor,Public
8910,Poor,Public
8911,Poor,Public
8912,Standard,Public
8913,Good,Public
8914,Standard,Public
8915,Good,Public
8916,Standard,Public
8917,Poor,Public
8918,Standard,Public
8919,Standard,Public
8920,Standard,Public
8921,Good,Public
8922,Standard,Public
8923,Poor,Public
8924,Standard,Public
8925,Good,Public
8926,Standard,Public
8927,Standard,Public
8928,Good,Public
8929,Standard,Public
8930,Standard,Public
8931,Standard,Public
8932,Standard,Public
8933,Poor,Public
8934,Standard,Public
8935,Standard,Public
8936,Standard,Public
8937,Good,Public
8938,Good,Public
8939,Poor,Public
8940,Poor,Public
8941,Standard,Public
8942,Poor,Public
8943,Poor,Public
8944,Poor,Public
8945,Poor,Public
8946,Standard,Public
8947,Poor,Public
8948,Standard,Public
8949,Standard,Public
8950,Standard,Public
8951,Poor,Public
8952,Standard,Public
8953,Standard,Public
8954,Standard,Public
8955,Standard,Public
8956,Poor,Public
8957,Standard,Public
8958,Poor,Public
8959,Standard,Public
8960,Good,Public
8961,Poor,Public
8962,Poor,Public
8963,Poor,Public
8964,Standard,Public
8965,Poor,Public
8966,Good,Public
8967,Good,Public
8968,Standard,Public
8969,Poor,Public
8970,Poor,Public
8971,Standard,Public
8972,Standard,Public
8973,Standard,Public
8974,Good,Public
8975,Poor,Public
8976,Poor,Public
8977,Poor,Public
8978,Good,Public
8979,Poor,Public
8980,Good,Public
8981,Poor,Public
8982,Standard,Public
8983,Standard,Public
8984,Poor,Public
8985,Good,Public
8986,Standard,Public
8987,Standard,Public
8988,Standard,Public
8989,Standard,Public
8990,Standard,Public
8991,Good,Public
8992,Standard,Public
8993,Standard,Public
8994,Poor,Public
8995,Standard,Public
8996,Standard,Public
8997,Standard,Public
8998,Good,Public
8999,Good,Public
9000,Good,Public
9001,Standard,Public
9002,Poor,Public
9003,Standard,Public
9004,Standard,Public
9005,Poor,Public
9006,Standard,Public
9007,Standard,Public
9008,Standard,Public
9009,Standard,Public
9010,Standard,Public
9011,Good,Public
9012,Standard,Public
9013,Standard,Public
9014,Standard,Public
9015,Poor,Public
9016,Standard,Public
9017,Standard,Public
9018,Good,Public
9019,Standard,Public
9020,Standard,Public
9021,Poor,Public
9022,Good,Public
9023,Standard,Public
9024,Standard,Public
9025,Standard,Public
9026,Good,Public
9027,Poor,Public
9028,Standard,Public
9029,Good,Public
9030,Standard,Public
9031,Poor,Public
9032,Standard,Public
9033,Standard,Public
9034,Standard,Public
9035,Good,Public
9036,Poor,Public
9037,Standard,Public
9038,Good,Public
9039,Standard,Public
9040,Standard,Public
9041,Standard,Public
9042,Good,Public
9043,Standard,Public
9044,Standard,Public
9045,Good,Public
9046,Poor,Public
9047,Standard,Public
9048,Good,Public
9049,Standard,Public
9050,Standard,Public
9051,Good,Public
9052,Good,Public
9053,Poor,Public
9054,Good,Public
9055,Poor,Public
9056,Poor,Public
9057,Poor,Public
9058,Standard,Public
9059,Good,Public
9060,Standard,Public
9061,Good,Public
9062,Standard,Public
9063,Standard,Public
9064,Standard,Public
9065,Standard,Public
9066,Standard,Public
9067,Standard,Public
9068,Standard,Public
9069,Poor,Public
9070,Standard,Public
9071,Standard,Public
9072,Poor,Public
9073,Poor,Public
9074,Good,Public
9075,Standard,Public
9076,Standard,Public
9077,Poor,Public
9078,Standard,Public
9079,Standard,Public
9080,Standard,Public
9081,Good,Public
9082,Poor,Public
9083,Good,Public
9084,Standard,Public
9085,Standard,Public
9086,Standard,Public
9087,Poor,Public
9088,Poor,Public
9089,Standard,Public
9090,Standard,Public
9091,Standard,Public
9092,Poor,Public
9093,Standard,Public
9094,Standard,Public
9095,Good,Public
9096,Standard,Public
9097,Poor,Public
9098,Good,Public
9099,Poor,Public
9100,Standard,Public
9101,Poor,Public
9102,Standard,Public
9103,Poor,Public
9104,Standard,Public
9105,Standard,Public
9106,Poor,Public
9107,Standard,Public
9108,Standard,Public
9109,Good,Public
9110,Poor,Public
9111,Standard,Public
9112,Standard,Public
9113,Poor,Public
9114,Good,Public
9115,Standard,Public
9116,Poor,Public
9117,Poor,Public
9118,Poor,Public
9119,Poor,Public
9120,Standard,Public
9121,Standard,Public
9122,Poor,Public
9123,Standard,Public
9124,Poor,Public
9125,Poor,Public
9126,Standard,Public
9127,Standard,Public
9128,Standard,Public
9129,Standard,Public
9130,Standard,Public
9131,Standard,Public
9132,Good,Public
9133,Poor,Public
9134,Poor,Public
9135,Standard,Public
9136,Standard,Public
9137,Standard,Public
9138,Standard,Public
9139,Good,Public
9140,Standard,Public
9141,Standard,Public
9142,Poor,Public
9143,Poor,Public
9144,Poor,Public
9145,Standard,Public
9146,Standard,Public
9147,Standard,Public
9148,Good,Public
9149,Good,Public
9150,Poor,Public
9151,Standard,Public
9152,Poor,Public
9153,Poor,Public
9154,Standard,Public
9155,Standard,Public
9156,Standard,Public
9157,Standard,Public
9158,Poor,Public
9159,Poor,Public
9160,Poor,Public
9161,Standard,Public
9162,Good,Public
9163,Standard,Public
9164,Standard,Public
9165,Standard,Public
9166,Good,Public
9167,Poor,Public
9168,Standard,Public
9169,Poor,Public
9170,Good,Public
9171,Good,Public
9172,Poor,Public
9173,Good,Public
9174,Standard,Public
9175,Standard,Public
9176,Standard,Public
9177,Poor,Public
9178,Poor,Public
9179,Poor,Public
9180,Poor,Public
9181,Poor,Public
9182,Standard,Public
9183,Standard,Public
9184,Poor,Public
9185,Standard,Public
9186,Standard,Public
9187,Poor,Public
9188,Standard,Public
9189,Poor,Public
9190,Poor,Public
9191,Poor,Public
9192,Standard,Public
9193,Standard,Public
9194,Good,Public
9195,Standard,Public
9196,Poor,Public
9197,Good,Public
9198,Standard,Public
9199,Standard,Public
9200,Standard,Public
9201,Standard,Public
9202,Good,Public
9203,Poor,Public
9204,Poor,Public
9205,Standard,Public
9206,Standard,Public
9207,Good,Public
9208,Poor,Public
9209,Good,Public
9210,Standard,Public
9211,Standard,Public
9212,Standard,Public
9213,Standard,Public
9214,Standard,Public
9215,Poor,Public
9216,Standard,Public
9217,Standard,Public
9218,Standard,Public
9219,Standard,Public
9220,Poor,Public
9221,Good,Public
9222,Poor,Public
9223,Standard,Public
9224,Good,Public
9225,Standard,Public
9226,Poor,Public
9227,Standard,Public
9228,Standard,Public
9229,Standard,Public
9230,Standard,Public
9231,Good,Public
9232,Standard,Public
9233,Poor,Public
9234,Standard,Public
9235,Standard,Public
9236,Standard,Public
9237,Good,Public
9238,Standard,Public
9239,Good,Public
9240,Standard,Public
9241,Standard,Public
9242,Standard,Public
9243,Good,Public
9244,Poor,Public
9245,Standard,Public
9246,Standard,Public
9247,Standard,Public
9248,Poor,Public
9249,Standard,Public
9250,Good,Public
9251,Standard,Public
9252,Poor,Public
9253,Poor,Public
9254,Poor,Public
9255,Standard,Public
9256,Poor,Public
9257,Standard,Public
9258,Standard,Public
9259,Poor,Public
9260,Poor,Public
9261,Poor,Public
9262,Good,Public
9263,Standard,Public
9264,Poor,Public
9265,Standard,Public
9266,Standard,Public
9267,Standard,Public
9268,Standard,Public
9269,Standard,Public
9270,Poor,Public
9271,Good,Public
9272,Standard,Public
9273,Poor,Public
9274,Poor,Public
9275,Poor,Public
9276,Standard,Public
9277,Good,Public
9278,Standard,Public
9279,Standard,Public
9280,Standard,Public
9281,Standard,Public
9282,Standard,Public
9283,Standard,Public
9284,Good,Public
9285,Poor,Public
9286,Good,Public
9287,Standard,Public
9288,Poor,Public
9289,Standard,Public
9290,Standard,Public
9291,Poor,Public
9292,Standard,Public
9293,Standard,Public
9294,Poor,Public
9295,Poor,Public
9296,Standard,Public
9297,Poor,Public
9298,Poor,Public
9299,Standard,Public
9300,Standard,Public
9301,Standard,Public
9302,Poor,Public
9303,Good,Public
9304,Standard,Public
9305,Standard,Public
9306,Poor,Public
9307,Standard,Public
9308,Good,Public
9309,Poor,Public
9310,Good,Public
9311,Poor,Public
9312,Standard,Public
9313,Standard,Public
9314,Standard,Public
9315,Standard,Public
9316,Standard,Public
9317,Good,Public
9318,Good,Public
9319,Poor,Public
9320,Poor,Public
9321,Poor,Public
9322,Good,Public
9323,Standard,Public
9324,Standard,Public
9325,Standard,Public
9326,Poor,Public
9327,Poor,Public
9328,Standard,Public
9329,Poor,Public
9330,Poor,Public
9331,Standard,Public
9332,Poor,Public
9333,Standard,Public
9334,Standard,Public
9335,Poor,Public
9336,Standard,Public
9337,Standard,Public
9338,Standard,Public
9339,Standard,Public
9340,Standard,Public
9341,Poor,Public
9342,Poor,Public
9343,Standard,Public
9344,Good,Public
9345,Good,Public
9346,Good,Public
9347,Standard,Public
9348,Poor,Public
9349,Poor,Public
9350,Standard,Public
9351,Standard,Public
9352,Standard,Public
9353,Standard,Public
9354,Good,Public
9355,Standard,Public
9356,Standard,Public
9357,Good,Public
9358,Poor,Public
9359,Good,Public
9360,Standard,Public
9361,Standard,Public
9362,Good,Public
9363,Good,Public
9364,Poor,Public
9365,Poor,Public
9366,Poor,Public
9367,Poor,Public
9368,Poor,Public
9369,Standard,Public
9370,Standard,Public
9371,Standard,Public
9372,Good,Public
9373,Good,Public
9374,Standard,Public
9375,Standard,Public
9376,Standard,Public
9377,Standard,Public
9378,Standard,Public
9379,Poor,Public
9380,Poor,Public
9381,Standard,Public
9382,Standard,Public
9383,Standard,Public
9384,Good,Public
9385,Good,Public
9386,Poor,Public
9387,Good,Public
9388,Poor,Public
9389,Poor,Public
9390,Standard,Public
9391,Poor,Public
9392,Standard,Public
9393,Standard,Public
9394,Standard,Public
9395,Good,Public
9396,Standard,Public
9397,Poor,Public
9398,Standard,Public
9399,Standard,Public
9400,Standard,Public
9401,Standard,Public
9402,Standard,Public
9403,Standard,Public
9404,Good,Public
9405,Standard,Public
9406,Standard,Public
9407,Good,Public
9408,Poor,Public
9409,Standard,Public
9410,Standard,Public
9411,Standard,Public
9412,Poor,Public
9413,Standard,Public
9414,Standard,Public
9415,Standard,Public
9416,Poor,Public
9417,Standard,Public
9418,Good,Public
9419,Standard,Public
9420,Good,Public
9421,Standard,Public
9422,Standard,Public
9423,Standard,Public
9424,Standard,Public
9425,Standard,Public
9426,Poor,Public
9427,Good,Public
9428,Good,Public
9429,Standard,Public
9430,Poor,Public
9431,Standard,Public
9432,Good,Public
9433,Good,Public
9434,Standard,Public
9435,Poor,Public
9436,Standard,Public
9437,Standard,Public
9438,Poor,Public
9439,Standard,Public
9440,Good,Public
9441,Standard,Public
9442,Good,Public
9443,Good,Public
9444,Good,Public
9445,Standard,Public
9446,Standard,Public
9447,Standard,Public
9448,Standard,Public
9449,Standard,Public
9450,Good,Public
9451,Good,Public
9452,Standard,Public
9453,Standard,Public
9454,Standard,Public
9455,Standard,Public
9456,Good,Public
9457,Poor,Public
9458,Standard,Public
9459,Good,Public
9460,Standard,Public
9461,Standard,Public
9462,Standard,Public
9463,Poor,Public
9464,Standard,Public
9465,Standard,Public
9466,Standard,Public
9467,Good,Public
9468,Standard,Public
9469,Poor,Public
9470,Good,Public
9471,Standard,Public
9472,Good,Public
9473,Poor,Public
9474,Good,Public
9475,Standard,Public
9476,Poor,Public
9477,Standard,Public
9478,Standard,Public
9479,Standard,Public
9480,Standard,Public
9481,Poor,Public
9482,Poor,Public
9483,Poor,Public
9484,Poor,Public
9485,Standard,Public
9486,Standard,Public
9487,Poor,Public
9488,Standard,Public
9489,Standard,Public
9490,Standard,Public
9491,Poor,Public
9492,Good,Public
9493,Standard,Public
9494,Good,Public
9495,Standard,Public
9496,Standard,Public
9497,Standard,Public
9498,Standard,Public
9499,Good,Public
9500,Standard,Public
9501,Standard,Public
9502,Poor,Public
9503,Good,Public
9504,Standard,Public
9505,Standard,Public
9506,Standard,Public
9507,Poor,Public
9508,Standard,Public
9509,Standard,Public
9510,Standard,Public
9511,Standard,Public
9512,Standard,Public
9513,Standard,Public
9514,Standard,Public
9515,Poor,Public
9516,Standard,Public
9517,Poor,Public
9518,Poor,Public
9519,Standard,Public
9520,Standard,Public
9521,Standard,Public
9522,Standard,Public
9523,Good,Public
9524,Standard,Public
9525,Good,Public
9526,Standard,Public
9527,Standard,Public
9528,Poor,Public
9529,Poor,Public
9530,Good,Public
9531,Standard,Public
9532,Poor,Public
9533,Poor,Public
9534,Poor,Public
9535,Standard,Public
9536,Standard,Public
9537,Standard,Public
9538,Standard,Public
9539,Standard,Public
9540,Poor,Public
9541,Poor,Public
9542,Standard,Public
9543,Standard,Public
9544,Good,Public
9545,Standard,Public
9546,Standard,Public
9547,Poor,Public
9548,Standard,Public
9549,Poor,Public
9550,Poor,Public
9551,Standard,Public
9552,Standard,Public
9553,Standard,Public
9554,Poor,Public
9555,Standard,Public
9556,Poor,Public
9557,Standard,Public
9558,Good,Public
9559,Good,Public
9560,Poor,Public
9561,Good,Public
9562,Standard,Public
9563,Standard,Public
9564,Standard,Public
9565,Standard,Public
9566,Good,Public
9567,Standard,Public
9568,Standard,Public
9569,Standard,Public
9570,Standard,Public
9571,Poor,Public
9572,Poor,Public
9573,Poor,Public
9574,Standard,Public
9575,Standard,Public
9576,Standard,Public
9577,Good,Public
9578,Standard,Public
9579,Standard,Public
9580,Standard,Public
9581,Poor,Public
9582,Standard,Public
9583,Standard,Public
9584,Poor,Public
9585,Poor,Public
9586,Standard,Public
9587,Good,Public
9588,Standard,Public
9589,Good,Public
9590,Poor,Public
9591,Standard,Public
9592,Standard,Public
9593,Standard,Public
9594,Good,Public
9595,Standard,Public
9596,Poor,Public
9597,Poor,Public
9598,Good,Public
9599,Good,Public
9600,Good,Public
9601,Standard,Public
9602,Standard,Public
9603,Good,Public
9604,Standard,Public
9605,Standard,Public
9606,Standard,Public
9607,Standard,Public
9608,Standard,Public
9609,Poor,Public
9610,Poor,Public
9611,Standard,Public
9612,Standard,Public
9613,Standard,Public
9614,Good,Public
9615,Standard,Public
9616,Good,Public
9617,Standard,Public
9618,Standard,Public
9619,Standard,Public
9620,Standard,Public
9621,Poor,Public
9622,Poor,Public
9623,Standard,Public
9624,Standard,Public
9625,Standard,Public
9626,Poor,Public
9627,Standard,Public
9628,Poor,Public
9629,Poor,Public
9630,Good,Public
9631,Standard,Public
9632,Good,Public
9633,Good,Public
9634,Standard,Public
9635,Poor,Public
9636,Standard,Public
9637,Standard,Public
9638,Standard,Public
9639,Poor,Public
9640,Good,Public
9641,Standard,Public
9642,Poor,Public
9643,Standard,Public
9644,Standard,Public
9645,Standard,Public
9646,Poor,Public
9647,Standard,Public
9648,Standard,Public
9649,Poor,Public
9650,Standard,Public
9651,Poor,Public
9652,Standard,Public
9653,Standard,Public
9654,Standard,Public
9655,Standard,Public
9656,Poor,Public
9657,Standard,Public
9658,Standard,Public
9659,Poor,Public
9660,Standard,Public
9661,Good,Public
9662,Poor,Public
9663,Standard,Public
9664,Standard,Public
9665,Standard,Public
9666,Standard,Public
9667,Standard,Public
9668,Good,Public
9669,Good,Public
9670,Good,Public
9671,Poor,Public
9672,Good,Public
9673,Standard,Public
9674,Poor,Public
9675,Standard,Public
9676,Poor,Public
9677,Standard,Public
9678,Good,Public
9679,Good,Public
9680,Standard,Public
9681,Good,Public
9682,Poor,Public
9683,Standard,Public
9684,Poor,Public
9685,Standard,Public
9686,Standard,Public
9687,Standard,Public
9688,Poor,Public
9689,Standard,Public
9690,Poor,Public
9691,Good,Public
9692,Standard,Public
9693,Good,Public
9694,Standard,Public
9695,Poor,Public
9696,Standard,Public
9697,Standard,Public
9698,Good,Public
9699,Good,Public
9700,Good,Public
9701,Standard,Public
9702,Poor,Public
9703,Standard,Public
9704,Standard,Public
9705,Standard,Public
9706,Standard,Public
9707,Standard,Public
9708,Good,Public
9709,Standard,Public
9710,Standard,Public
9711,Standard,Public
9712,Good,Public
9713,Poor,Public
9714,Standard,Public
9715,Good,Public
9716,Standard,Public
9717,Poor,Public
9718,Poor,Public
9719,Good,Public
9720,Standard,Public
9721,Standard,Public
9722,Poor,Public
9723,Poor,Public
9724,Standard,Public
9725,Poor,Public
9726,Good,Public
9727,Standard,Public
9728,Standard,Public
9729,Standard,Public
9730,Standard,Public
9731,Standard,Public
9732,Poor,Public
9733,Poor,Public
9734,Standard,Public
9735,Standard,Public
9736,Standard,Public
9737,Standard,Public
9738,Standard,Public
9739,Standard,Public
9740,Good,Public
9741,Standard,Public
9742,Good,Public
9743,Poor,Public
9744,Standard,Public
9745,Standard,Public
9746,Standard,Public
9747,Standard,Public
9748,Poor,Public
9749,Standard,Public
9750,Standard,Public
9751,Poor,Public
9752,Standard,Public
9753,Poor,Public
9754,Poor,Public
9755,Poor,Public
9756,Standard,Public
9757,Poor,Public
9758,Poor,Public
9759,Poor,Public
9760,Poor,Public
9761,Standard,Public
9762,Poor,Public
9763,Standard,Public
9764,Poor,Public
9765,Standard,Public
9766,Good,Public
9767,Standard,Public
9768,Standard,Public
9769,Standard,Public
9770,Poor,Public
9771,Standard,Public
9772,Poor,Public
9773,Standard,Public
9774,Poor,Public
9775,Good,Public
9776,Standard,Public
9777,Good,Public
9778,Poor,Public
9779,Good,Public
9780,Poor,Public
9781,Poor,Public
9782,Good,Public
9783,Standard,Public
9784,Standard,Public
9785,Standard,Public
9786,Poor,Public
9787,Standard,Public
9788,Poor,Public
9789,Poor,Public
9790,Standard,Public
9791,Poor,Public
9792,Standard,Public
9793,Standard,Public
9794,Good,Public
9795,Poor,Public
9796,Poor,Public
9797,Standard,Public
9798,Good,Public
9799,Poor,Public
9800,Standard,Public
9801,Standard,Public
9802,Standard,Public
9803,Standard,Public
9804,Standard,Public
9805,Good,Public
9806,Standard,Public
9807,Poor,Public
9808,Poor,Public
9809,Standard,Public
9810,Good,Public
9811,Standard,Public
9812,Poor,Public
9813,Standard,Public
9814,Standard,Public
9815,Poor,Public
9816,Standard,Public
9817,Poor,Public
9818,Standard,Public
9819,Standard,Public
9820,Good,Public
9821,Poor,Public
9822,Standard,Public
9823,Standard,Public
9824,Standard,Public
9825,Standard,Public
9826,Poor,Public
9827,Good,Public
9828,Standard,Public
9829,Standard,Public
9830,Standard,Public
9831,Poor,Public
9832,Poor,Public
9833,Poor,Public
9834,Standard,Public
9835,Standard,Public
9836,Poor,Public
9837,Poor,Public
9838,Poor,Public
9839,Standard,Public
9840,Standard,Public
9841,Good,Public
9842,Good,Public
9843,Poor,Public
9844,Good,Public
9845,Standard,Public
9846,Good,Public
9847,Poor,Public
9848,Standard,Public
9849,Good,Public
9850,Standard,Public
9851,Poor,Public
9852,Good,Public
9853,Poor,Public
9854,Standard,Public
9855,Poor,Public
9856,Good,Public
9857,Standard,Public
9858,Standard,Public
9859,Standard,Public
9860,Poor,Public
9861,Poor,Public
9862,Poor,Public
9863,Standard,Public
9864,Standard,Public
9865,Good,Public
9866,Poor,Public
9867,Poor,Public
9868,Poor,Public
9869,Standard,Public
9870,Poor,Public
9871,Good,Public
9872,Standard,Public
9873,Poor,Public
9874,Standard,Public
9875,Standard,Public
9876,Good,Public
9877,Good,Public
9878,Poor,Public
9879,Standard,Public
9880,Standard,Public
9881,Standard,Public
9882,Standard,Public
9883,Standard,Public
9884,Standard,Public
9885,Standard,Public
9886,Poor,Public
9887,Poor,Public
9888,Standard,Public
9889,Standard,Public
9890,Standard,Public
9891,Standard,Public
9892,Standard,Public
9893,Standard,Public
9894,Standard,Public
9895,Standard,Public
9896,Standard,Public
9897,Good,Public
9898,Poor,Public
9899,Poor,Public
9900,Good,Public
9901,Standard,Public
9902,Good,Public
9903,Standard,Public
9904,Standard,Public
9905,Standard,Public
9906,Poor,Public
9907,Poor,Public
9908,Standard,Public
9909,Standard,Public
9910,Poor,Public
9911,Poor,Public
9912,Poor,Public
9913,Standard,Public
9914,Good,Public
9915,Good,Public
9916,Poor,Public
9917,Standard,Public
9918,Standard,Public
9919,Good,Public
9920,Good,Public
9921,Standard,Public
9922,Standard,Public
9923,Standard,Public
9924,Good,Public
9925,Poor,Public
9926,Good,Public
9927,Poor,Public
9928,Good,Public
9929,Poor,Public
9930,Poor,Public
9931,Poor,Public
9932,Standard,Public
9933,Standard,Public
9934,Standard,Public
9935,Standard,Public
9936,Good,Public
9937,Standard,Public
9938,Standard,Public
9939,Standard,Public
9940,Standard,Public
9941,Poor,Public
9942,Standard,Public
9943,Standard,Public
9944,Standard,Public
9945,Poor,Public
9946,Poor,Public
9947,Standard,Public
9948,Standard,Public
9949,Standard,Public
9950,Standard,Public
9951,Standard,Public
9952,Standard,Public
9953,Standard,Public
9954,Good,Public
9955,Poor,Public
9956,Standard,Public
9957,Standard,Public
9958,Standard,Public
9959,Standard,Public
9960,Poor,Public
9961,Poor,Public
9962,Standard,Public
9963,Standard,Public
9964,Standard,Public
9965,Poor,Public
9966,Standard,Public
9967,Standard,Public
9968,Standard,Public
9969,Standard,Public
9970,Standard,Public
9971,Poor,Public
9972,Good,Public
9973,Poor,Public
9974,Standard,Public
9975,Standard,Public
9976,Standard,Public
9977,Standard,Public
9978,Poor,Public
9979,Poor,Public
9980,Standard,Public
9981,Poor,Public
9982,Standard,Public
9983,Standard,Public
9984,Good,Public
9985,Good,Public
9986,Standard,Public
9987,Poor,Public
9988,Good,Public
9989,Poor,Public
9990,Poor,Public
9991,Standard,Public
9992,Standard,Public
9993,Standard,Public
9994,Standard,Public
9995,Standard,Public
9996,Standard,Public
9997,Poor,Public
9998,Standard,Public
9999,Poor,Public
10000,Good,Private
10001,Standard,Private
10002,Standard,Private
10003,Standard,Private
10004,Good,Private
10005,Standard,Private
10006,Poor,Private
10007,Poor,Private
10008,Poor,Private
10009,Poor,Private
10010,Standard,Private
10011,Poor,Private
10012,Standard,Private
10013,Poor,Private
10014,Standard,Private
10015,Standard,Private
10016,Standard,Private
10017,Standard,Private
10018,Standard,Private
10019,Standard,Private
10020,Standard,Private
10021,Standard,Private
10022,Standard,Private
10023,Good,Private
10024,Standard,Private
10025,Standard,Private
10026,Standard,Private
10027,Poor,Private
10028,Standard,Private
10029,Poor,Private
10030,Poor,Private
10031,Standard,Private
10032,Poor,Private
10033,Standard,Private
10034,Poor,Private
10035,Standard,Private
10036,Standard,Private
10037,Good,Private
10038,Poor,Private
10039,Standard,Private
10040,Standard,Private
10041,Standard,Private
10042,Standard,Private
10043,Standard,Private
10044,Poor,Private
10045,Good,Private
10046,Standard,Private
10047,Good,Private
10048,Poor,Private
10049,Poor,Private
10050,Poor,Private
10051,Good,Private
10052,Good,Private
10053,Poor,Private
10054,Standard,Private
10055,Standard,Private
10056,Standard,Private
10057,Poor,Private
10058,Standard,Private
10059,Standard,Private
10060,Poor,Private
10061,Standard,Private
10062,Standard,Private
10063,Standard,Private
10064,Good,Private
10065,Poor,Private
10066,Poor,Private
10067,Poor,Private
10068,Standard,Private
10069,Standard,Private
10070,Poor,Private
10071,Standard,Private
10072,Standard,Private
10073,Standard,Private
10074,Standard,Private
10075,Poor,Private
10076,Good,Private
10077,Poor,Private
10078,Standard,Private
10079,Good,Private
10080,Standard,Private
10081,Good,Private
10082,Standard,Private
10083,Standard,Private
10084,Good,Private
10085,Standard,Private
10086,Standard,Private
10087,Standard,Private
10088,Poor,Private
10089,Poor,Private
10090,Standard,Private
10091,Good,Private
10092,Poor,Private
10093,Standard,Private
10094,Poor,Private
10095,Poor,Private
10096,Good,Private
10097,Standard,Private
10098,Standard,Private
10099,Standard,Private
10100,Good,Private
10101,Poor,Private
10102,Standard,Private
10103,Poor,Private
10104,Poor,Private
10105,Standard,Private
10106,Standard,Private
10107,Poor,Private
10108,Standard,Private
10109,Standard,Private
10110,Poor,Private
10111,Good,Private
10112,Standard,Private
10113,Poor,Private
10114,Standard,Private
10115,Poor,Private
10116,Standard,Private
10117,Standard,Private
10118,Good,Private
10119,Good,Private
10120,Standard,Private
10121,Poor,Private
10122,Standard,Private
10123,Standard,Private
10124,Poor,Private
10125,Standard,Private
10126,Poor,Private
10127,Standard,Private
10128,Good,Private
10129,Standard,Private
10130,Standard,Private
10131,Poor,Private
10132,Standard,Private
10133,Poor,Private
10134,Standard,Private
10135,Good,Private
10136,Good,Private
10137,Standard,Private
10138,Standard,Private
10139,Good,Private
10140,Standard,Private
10141,Standard,Private
10142,Poor,Private
10143,Good,Private
10144,Poor,Private
10145,Poor,Private
10146,Standard,Private
10147,Poor,Private
10148,Good,Private
10149,Standard,Private
10150,Good,Private
10151,Standard,Private
10152,Poor,Private
10153,Standard,Private
10154,Standard,Private
10155,Good,Private
10156,Good,Private
10157,Good,Private
10158,Good,Private
10159,Standard,Private
10160,Poor,Private
10161,Standard,Private
10162,Poor,Private
10163,Standard,Private
10164,Good,Private
10165,Poor,Private
10166,Standard,Private
10167,Good,Private
10168,Poor,Private
10169,Standard,Private
10170,Standard,Private
10171,Standard,Private
10172,Standard,Private
10173,Standard,Private
10174,Good,Private
10175,Poor,Private
10176,Standard,Private
10177,Standard,Private
10178,Standard,Private
10179,Standard,Private
10180,Poor,Private
10181,Poor,Private
10182,Standard,Private
10183,Poor,Private
10184,Standard,Private
10185,Poor,Private
10186,Good,Private
10187,Standard,Private
10188,Poor,Private
10189,Standard,Private
10190,Good,Private
10191,Standard,Private
10192,Standard,Private
10193,Poor,Private
10194,Good,Private
10195,Standard,Private
10196,Standard,Private
10197,Good,Private
10198,Poor,Private
10199,Good,Private
10200,Standard,Private
10201,Poor,Private
10202,Poor,Private
10203,Standard,Private
10204,Standard,Private
10205,Standard,Private
10206,Poor,Private
10207,Poor,Private
10208,Good,Private
10209,Standard,Private
10210,Standard,Private
10211,Standard,Private
10212,Poor,Private
10213,Standard,Private
10214,Poor,Private
10215,Standard,Private
10216,Standard,Private
10217,Standard,Private
10218,Poor,Private
10219,Standard,Private
10220,Standard,Private
10221,Poor,Private
10222,Standard,Private
10223,Good,Private
10224,Standard,Private
10225,Good,Private
10226,Standard,Private
10227,Standard,Private
10228,Standard,Private
10229,Standard,Private
10230,Standard,Private
10231,Standard,Private
10232,Standard,Private
10233,Standard,Private
10234,Standard,Private
10235,Standard,Private
10236,Standard,Private
10237,Standard,Private
10238,Standard,Private
10239,Standard,Private
10240,Standard,Private
10241,Poor,Private
10242,Good,Private
10243,Standard,Private
10244,Standard,Private
10245,Standard,Private
10246,Standard,Private
10247,Standard,Private
10248,Good,Private
10249,Poor,Private
10250,Poor,Private
10251,Standard,Private
10252,Poor,Private
10253,Poor,Private
10254,Poor,Private
10255,Standard,Private
10256,Poor,Private
10257,Standard,Private
10258,Poor,Private
10259,Standard,Private
10260,Poor,Private
10261,Poor,Private
10262,Standard,Private
10263,Standard,Private
10264,Good,Private
10265,Standard,Private
10266,Good,Private
10267,Standard,Private
10268,Poor,Private
10269,Good,Private
10270,Standard,Private
10271,Standard,Private
10272,Standard,Private
10273,Good,Private
10274,Standard,Private
10275,Poor,Private
10276,Poor,Private
10277,Standard,Private
10278,Poor,Private
10279,Standard,Private
10280,Poor,Private
10281,Standard,Private
10282,Standard,Private
10283,Standard,Private
10284,Poor,Private
10285,Standard,Private
10286,Poor,Private
10287,Standard,Private
10288,Standard,Private
10289,Standard,Private
10290,Standard,Private
10291,Standard,Private
10292,Poor,Private
10293,Standard,Private
10294,Standard,Private
10295,Standard,Private
10296,Poor,Private
10297,Good,Private
10298,Standard,Private
10299,Good,Private
10300,Standard,Private
10301,Standard,Private
10302,Standard,Private
10303,Poor,Private
10304,Poor,Private
10305,Poor,Private
10306,Standard,Private
10307,Good,Private
10308,Standard,Private
10309,Standard,Private
10310,Standard,Private
10311,Standard,Private
10312,Poor,Private
10313,Standard,Private
10314,Poor,Private
10315,Standard,Private
10316,Poor,Private
10317,Poor,Private
10318,Standard,Private
10319,Standard,Private
10320,Poor,Private
10321,Poor,Private
10322,Standard,Private
10323,Standard,Private
10324,Poor,Private
10325,Standard,Private
10326,Poor,Private
10327,Standard,Private
10328,Standard,Private
10329,Standard,Private
10330,Standard,Private
10331,Poor,Private
10332,Standard,Private
10333,Poor,Private
10334,Standard,Private
10335,Standard,Private
10336,Poor,Private
10337,Standard,Private
10338,Poor,Private
10339,Poor,Private
10340,Poor,Private
10341,Good,Private
10342,Standard,Private
10343,Poor,Private
10344,Standard,Private
10345,Standard,Private
10346,Standard,Private
10347,Poor,Private
10348,Poor,Private
10349,Standard,Private
10350,Standard,Private
10351,Poor,Private
10352,Good,Private
10353,Good,Private
10354,Standard,Private
10355,Good,Private
10356,Standard,Private
10357,Standard,Private
10358,Standard,Private
10359,Standard,Private
10360,Standard,Private
10361,Standard,Private
10362,Poor,Private
10363,Standard,Private
10364,Good,Private
10365,Standard,Private
10366,Good,Private
10367,Standard,Private
10368,Standard,Private
10369,Good,Private
10370,Good,Private
10371,Standard,Private
10372,Poor,Private
10373,Standard,Private
10374,Good,Private
10375,Standard,Private
10376,Poor,Private
10377,Standard,Private
10378,Standard,Private
10379,Standard,Private
10380,Good,Private
10381,Good,Private
10382,Standard,Private
10383,Good,Private
10384,Poor,Private
10385,Standard,Private
10386,Standard,Private
10387,Good,Private
10388,Poor,Private
10389,Good,Private
10390,Good,Private
10391,Standard,Private
10392,Poor,Private
10393,Standard,Private
10394,Standard,Private
10395,Standard,Private
10396,Standard,Private
10397,Standard,Private
10398,Poor,Private
10399,Poor,Private
10400,Good,Private
10401,Good,Private
10402,Good,Private
10403,Standard,Private
10404,Standard,Private
10405,Poor,Private
10406,Poor,Private
10407,Poor,Private
10408,Poor,Private
10409,Standard,Private
10410,Standard,Private
10411,Poor,Private
10412,Good,Private
10413,Poor,Private
10414,Poor,Private
10415,Standard,Private
10416,Good,Private
10417,Poor,Private
10418,Standard,Private
10419,Standard,Private
10420,Poor,Private
10421,Standard,Private
10422,Poor,Private
10423,Good,Private
10424,Standard,Private
10425,Standard,Private
10426,Poor,Private
10427,Standard,Private
10428,Good,Private
10429,Poor,Private
10430,Standard,Private
10431,Good,Private
10432,Poor,Private
10433,Standard,Private
10434,Standard,Private
10435,Good,Private
10436,Poor,Private
10437,Poor,Private
10438,Good,Private
10439,Standard,Private
10440,Good,Private
10441,Poor,Private
10442,Standard,Private
10443,Good,Private
10444,Good,Private
10445,Good,Private
10446,Standard,Private
10447,Standard,Private
10448,Standard,Private
10449,Standard,Private
10450,Standard,Private
10451,Poor,Private
10452,Standard,Private
10453,Standard,Private
10454,Poor,Private
10455,Poor,Private
10456,Standard,Private
10457,Standard,Private
10458,Good,Private
10459,Poor,Private
10460,Poor,Private
10461,Standard,Private
10462,Standard,Private
10463,Standard,Private
10464,Standard,Private
10465,Good,Private
10466,Standard,Private
10467,Standard,Private
10468,Good,Private
10469,Good,Private
10470,Poor,Private
10471,Good,Private
10472,Poor,Private
10473,Poor,Private
10474,Standard,Private
10475,Good,Private
10476,Standard,Private
10477,Standard,Private
10478,Standard,Private
10479,Standard,Private
10480,Standard,Private
10481,Standard,Private
10482,Poor,Private
10483,Good,Private
10484,Poor,Private
10485,Poor,Private
10486,Good,Private
10487,Good,Private
10488,Poor,Private
10489,Poor,Private
10490,Poor,Private
10491,Standard,Private
10492,Good,Private
10493,Poor,Private
10494,Standard,Private
10495,Poor,Private
10496,Poor,Private
10497,Standard,Private
10498,Standard,Private
10499,Poor,Private
10500,Poor,Private
10501,Poor,Private
10502,Standard,Private
10503,Standard,Private
10504,Poor,Private
10505,Poor,Private
10506,Poor,Private
10507,Standard,Private
10508,Standard,Private
10509,Poor,Private
10510,Good,Private
10511,Standard,Private
10512,Standard,Private
10513,Poor,Private
10514,Good,Private
10515,Poor,Private
10516,Good,Private
10517,Poor,Private
10518,Standard,Private
10519,Poor,Private
10520,Standard,Private
10521,Standard,Private
10522,Poor,Private
10523,Standard,Private
10524,Poor,Private
10525,Standard,Private
10526,Standard,Private
10527,Standard,Private
10528,Poor,Private
10529,Poor,Private
10530,Good,Private
10531,Poor,Private
10532,Poor,Private
10533,Poor,Private
10534,Standard,Private
10535,Good,Private
10536,Standard,Private
10537,Poor,Private
10538,Standard,Private
10539,Standard,Private
10540,Standard,Private
10541,Poor,Private
10542,Good,Private
10543,Poor,Private
10544,Standard,Private
10545,Poor,Private
10546,Standard,Private
10547,Standard,Private
10548,Poor,Private
10549,Poor,Private
10550,Good,Private
10551,Standard,Private
10552,Standard,Private
10553,Poor,Private
10554,Good,Private
10555,Poor,Private
10556,Good,Private
10557,Standard,Private
10558,Standard,Private
10559,Standard,Private
10560,Good,Private
10561,Good,Private
10562,Standard,Private
10563,Standard,Private
10564,Standard,Private
10565,Good,Private
10566,Standard,Private
10567,Standard,Private
10568,Good,Private
10569,Good,Private
10570,Poor,Private
10571,Standard,Private
10572,Poor,Private
10573,Standard,Private
10574,Standard,Private
10575,Poor,Private
10576,Poor,Private
10577,Standard,Private
10578,Poor,Private
10579,Standard,Private
10580,Good,Private
10581,Poor,Private
10582,Poor,Private
10583,Standard,Private
10584,Standard,Private
10585,Standard,Private
10586,Poor,Private
10587,Standard,Private
10588,Poor,Private
10589,Standard,Private
10590,Standard,Private
10591,Good,Private
10592,Good,Private
10593,Poor,Private
10594,Good,Private
10595,Poor,Private
10596,Poor,Private
10597,Standard,Private
10598,Poor,Private
10599,Standard,Private
10600,Standard,Private
10601,Good,Private
10602,Poor,Private
10603,Good,Private
10604,Good,Private
10605,Standard,Private
10606,Good,Private
10607,Poor,Private
10608,Standard,Private
10609,Standard,Private
10610,Poor,Private
10611,Standard,Private
10612,Standard,Private
10613,Poor,Private
10614,Poor,Private
10615,Poor,Private
10616,Good,Private
10617,Standard,Private
10618,Poor,Private
10619,Standard,Private
10620,Poor,Private
10621,Poor,Private
10622,Standard,Private
10623,Standard,Private
10624,Good,Private
10625,Poor,Private
10626,Standard,Private
10627,Good,Private
10628,Standard,Private
10629,Good,Private
10630,Poor,Private
10631,Poor,Private
10632,Poor,Private
10633,Poor,Private
10634,Good,Private
10635,Standard,Private
10636,Poor,Private
10637,Standard,Private
10638,Poor,Private
10639,Standard,Private
10640,Standard,Private
10641,Standard,Private
10642,Poor,Private
10643,Standard,Private
10644,Poor,Private
10645,Good,Private
10646,Standard,Private
10647,Poor,Private
10648,Standard,Private
10649,Standard,Private
10650,Standard,Private
10651,Standard,Private
10652,Good,Private
10653,Good,Private
10654,Poor,Private
10655,Standard,Private
10656,Good,Private
10657,Standard,Private
10658,Poor,Private
10659,Standard,Private
10660,Good,Private
10661,Standard,Private
10662,Good,Private
10663,Good,Private
10664,Good,Private
10665,Poor,Private
10666,Standard,Private
10667,Standard,Private
10668,Good,Private
10669,Standard,Private
10670,Good,Private
10671,Poor,Private
10672,Standard,Private
10673,Poor,Private
10674,Good,Private
10675,Standard,Private
10676,Good,Private
10677,Standard,Private
10678,Poor,Private
10679,Standard,Private
10680,Good,Private
10681,Standard,Private
10682,Standard,Private
10683,Poor,Private
10684,Standard,Private
10685,Poor,Private
10686,Standard,Private
10687,Standard,Private
10688,Standard,Private
10689,Poor,Private
10690,Standard,Private
10691,Standard,Private
10692,Good,Private
10693,Poor,Private
10694,Standard,Private
10695,Standard,Private
10696,Poor,Private
10697,Standard,Private
10698,Poor,Private
10699,Standard,Private
10700,Poor,Private
10701,Standard,Private
10702,Standard,Private
10703,Standard,Private
10704,Standard,Private
10705,Standard,Private
10706,Standard,Private
10707,Standard,Private
10708,Good,Private
10709,Standard,Private
10710,Poor,Private
10711,Standard,Private
10712,Standard,Private
10713,Standard,Private
10714,Good,Private
10715,Standard,Private
10716,Good,Private
10717,Standard,Private
10718,Poor,Private
10719,Poor,Private
10720,Standard,Private
10721,Standard,Private
10722,Poor,Private
10723,Poor,Private
10724,Standard,Private
10725,Good,Private
10726,Standard,Private
10727,Standard,Private
10728,Good,Private
10729,Poor,Private
10730,Poor,Private
10731,Standard,Private
10732,Poor,Private
10733,Standard,Private
10734,Standard,Private
10735,Poor,Private
10736,Standard,Private
10737,Standard,Private
10738,Standard,Private
10739,Poor,Private
10740,Standard,Private
10741,Standard,Private
10742,Standard,Private
10743,Standard,Private
10744,Poor,Private
10745,Good,Private
10746,Standard,Private
10747,Good,Private
10748,Poor,Private
10749,Standard,Private
10750,Standard,Private
10751,Poor,Private
10752,Poor,Private
10753,Poor,Private
10754,Standard,Private
10755,Poor,Private
10756,Standard,Private
10757,Poor,Private
10758,Standard,Private
10759,Standard,Private
10760,Standard,Private
10761,Standard,Private
10762,Poor,Private
10763,Poor,Private
10764,Good,Private
10765,Standard,Private
10766,Standard,Private
10767,Poor,Private
10768,Standard,Private
10769,Poor,Private
10770,Poor,Private
10771,Standard,Private
10772,Standard,Private
10773,Standard,Private
10774,Standard,Private
10775,Standard,Private
10776,Poor,Private
10777,Standard,Private
10778,Good,Private
10779,Standard,Private
10780,Good,Private
10781,Good,Private
10782,Poor,Private
10783,Poor,Private
10784,Standard,Private
10785,Poor,Private
10786,Good,Private
10787,Standard,Private
10788,Poor,Private
10789,Poor,Private
10790,Poor,Private
10791,Standard,Private
10792,Standard,Private
10793,Standard,Private
10794,Standard,Private
10795,Standard,Private
10796,Poor,Private
10797,Standard,Private
10798,Standard,Private
10799,Standard,Private
10800,Good,Private
10801,Poor,Private
10802,Standard,Private
10803,Good,Private
10804,Standard,Private
10805,Standard,Private
10806,Standard,Private
10807,Poor,Private
10808,Good,Private
10809,Standard,Private
10810,Standard,Private
10811,Standard,Private
10812,Standard,Private
10813,Standard,Private
10814,Standard,Private
10815,Standard,Private
10816,Standard,Private
10817,Standard,Private
10818,Standard,Private
10819,Poor,Private
10820,Good,Private
10821,Standard,Private
10822,Standard,Private
10823,Standard,Private
10824,Poor,Private
10825,Standard,Private
10826,Good,Private
10827,Standard,Private
10828,Poor,Private
10829,Poor,Private
10830,Good,Private
10831,Poor,Private
10832,Poor,Private
10833,Poor,Private
10834,Standard,Private
10835,Standard,Private
10836,Poor,Private
10837,Good,Private
10838,Poor,Private
10839,Poor,Private
10840,Standard,Private
10841,Poor,Private
10842,Standard,Private
10843,Standard,Private
10844,Standard,Private
10845,Standard,Private
10846,Standard,Private
10847,Standard,Private
10848,Poor,Private
10849,Standard,Private
10850,Standard,Private
10851,Standard,Private
10852,Good,Private
10853,Poor,Private
10854,Good,Private
10855,Good,Private
10856,Good,Private
10857,Standard,Private
10858,Poor,Private
10859,Standard,Private
10860,Standard,Private
10861,Standard,Private
10862,Standard,Private
10863,Standard,Private
10864,Good,Private
10865,Poor,Private
10866,Good,Private
10867,Standard,Private
10868,Standard,Private
10869,Standard,Private
10870,Good,Private
10871,Standard,Private
10872,Standard,Private
10873,Standard,Private
10874,Standard,Private
10875,Standard,Private
10876,Good,Private
10877,Poor,Private
10878,Standard,Private
10879,Poor,Private
10880,Standard,Private
10881,Standard,Private
10882,Standard,Private
10883,Good,Private
10884,Standard,Private
10885,Poor,Private
10886,Standard,Private
10887,Standard,Private
10888,Standard,Private
10889,Poor,Private
10890,Standard,Private
10891,Good,Private
10892,Good,Private
10893,Standard,Private
10894,Standard,Private
10895,Poor,Private
10896,Standard,Private
10897,Poor,Private
10898,Standard,Private
10899,Good,Private
10900,Standard,Private
10901,Standard,Private
10902,Standard,Private
10903,Standard,Private
10904,Poor,Private
10905,Poor,Private
10906,Standard,Private
10907,Standard,Private
10908,Good,Private
10909,Good,Private
10910,Good,Private
10911,Good,Private
10912,Standard,Private
10913,Standard,Private
10914,Good,Private
10915,Good,Private
10916,Standard,Private
10917,Standard,Private
10918,Good,Private
10919,Poor,Private
10920,Standard,Private
10921,Good,Private
10922,Good,Private
10923,Poor,Private
10924,Good,Private
10925,Poor,Private
10926,Poor,Private
10927,Poor,Private
10928,Standard,Private
10929,Poor,Private
10930,Standard,Private
10931,Standard,Private
10932,Good,Private
10933,Standard,Private
10934,Poor,Private
10935,Poor,Private
10936,Standard,Private
10937,Standard,Private
10938,Poor,Private
10939,Good,Private
10940,Standard,Private
10941,Poor,Private
10942,Standard,Private
10943,Poor,Private
10944,Standard,Private
10945,Standard,Private
10946,Poor,Private
10947,Good,Private
10948,Standard,Private
10949,Standard,Private
10950,Poor,Private
10951,Good,Private
10952,Poor,Private
10953,Standard,Private
10954,Standard,Private
10955,Poor,Private
10956,Standard,Private
10957,Poor,Private
10958,Standard,Private
10959,Good,Private
10960,Standard,Private
10961,Good,Private
10962,Good,Private
10963,Standard,Private
10964,Good,Private
10965,Standard,Private
10966,Standard,Private
10967,Standard,Private
10968,Poor,Private
10969,Standard,Private
10970,Good,Private
10971,Poor,Private
10972,Standard,Private
10973,Standard,Private
10974,Standard,Private
10975,Poor,Private
10976,Poor,Private
10977,Poor,Private
10978,Standard,Private
10979,Poor,Private
10980,Poor,Private
10981,Standard,Private
10982,Standard,Private
10983,Standard,Private
10984,Good,Private
10985,Poor,Private
10986,Good,Private
10987,Poor,Private
10988,Standard,Private
10989,Standard,Private
10990,Poor,Private
10991,Standard,Private
10992,Standard,Private
10993,Standard,Private
10994,Standard,Private
10995,Poor,Private
10996,Standard,Private
10997,Standard,Private
10998,Poor,Private
10999,Standard,Private
11000,Good,Private
11001,Standard,Private
11002,Standard,Private
11003,Poor,Private
11004,Good,Private
11005,Standard,Private
11006,Standard,Private
11007,Standard,Private
11008,Standard,Private
11009,Poor,Private
11010,Standard,Private
11011,Standard,Private
11012,Good,Private
11013,Good,Private
11014,Good,Private
11015,Standard,Private
11016,Good,Private
11017,Standard,Private
11018,Standard,Private
11019,Standard,Private
11020,Standard,Private
11021,Poor,Private
11022,Standard,Private
11023,Good,Private
11024,Poor,Private
11025,Standard,Private
11026,Good,Private
11027,Standard,Private
11028,Standard,Private
11029,Poor,Private
11030,Standard,Private
11031,Good,Private
11032,Poor,Private
11033,Standard,Private
11034,Poor,Private
11035,Standard,Private
11036,Poor,Private
11037,Standard,Private
11038,Standard,Private
11039,Good,Private
11040,Poor,Private
11041,Standard,Private
11042,Standard,Private
11043,Poor,Private
11044,Good,Private
11045,Standard,Private
11046,Poor,Private
11047,Poor,Private
11048,Standard,Private
11049,Poor,Private
11050,Standard,Private
11051,Standard,Private
11052,Standard,Private
11053,Standard,Private
11054,Standard,Private
11055,Poor,Private
11056,Standard,Private
11057,Standard,Private
11058,Standard,Private
11059,Standard,Private
11060,Good,Private
11061,Standard,Private
11062,Poor,Private
11063,Poor,Private
11064,Standard,Private
11065,Standard,Private
11066,Standard,Private
11067,Poor,Private
11068,Standard,Private
11069,Good,Private
11070,Good,Private
11071,Good,Private
11072,Standard,Private
11073,Good,Private
11074,Poor,Private
11075,Standard,Private
11076,Poor,Private
11077,Standard,Private
11078,Poor,Private
11079,Poor,Private
11080,Poor,Private
11081,Standard,Private
11082,Good,Private
11083,Good,Private
11084,Standard,Private
11085,Standard,Private
11086,Standard,Private
11087,Standard,Private
11088,Standard,Private
11089,Standard,Private
11090,Poor,Private
11091,Poor,Private
11092,Good,Private
11093,Standard,Private
11094,Good,Private
11095,Poor,Private
11096,Standard,Private
11097,Standard,Private
11098,Poor,Private
11099,Standard,Private
11100,Poor,Private
11101,Poor,Private
11102,Poor,Private
11103,Good,Private
11104,Good,Private
11105,Good,Private
11106,Poor,Private
11107,Standard,Private
11108,Poor,Private
11109,Poor,Private
11110,Standard,Private
11111,Standard,Private
11112,Good,Private
11113,Standard,Private
11114,Good,Private
11115,Standard,Private
11116,Standard,Private
11117,Good,Private
11118,Standard,Private
11119,Poor,Private
11120,Good,Private
11121,Standard,Private
11122,Poor,Private
11123,Poor,Private
11124,Poor,Private
11125,Standard,Private
11126,Standard,Private
11127,Poor,Private
11128,Good,Private
11129,Standard,Private
11130,Standard,Private
11131,Standard,Private
11132,Standard,Private
11133,Standard,Private
11134,Poor,Private
11135,Poor,Private
11136,Good,Private
11137,Standard,Private
11138,Standard,Private
11139,Standard,Private
11140,Standard,Private
11141,Standard,Private
11142,Standard,Private
11143,Poor,Private
11144,Standard,Private
11145,Standard,Private
11146,Poor,Private
11147,Good,Private
11148,Good,Private
11149,Standard,Private
11150,Poor,Private
11151,Poor,Private
11152,Poor,Private
11153,Good,Private
11154,Standard,Private
11155,Standard,Private
11156,Good,Private
11157,Good,Private
11158,Poor,Private
11159,Standard,Private
11160,Standard,Private
11161,Standard,Private
11162,Standard,Private
11163,Standard,Private
11164,Good,Private
11165,Standard,Private
11166,Standard,Private
11167,Poor,Private
11168,Good,Private
11169,Standard,Private
11170,Standard,Private
11171,Poor,Private
11172,Standard,Private
11173,Standard,Private
11174,Good,Private
11175,Standard,Private
11176,Standard,Private
11177,Standard,Private
11178,Standard,Private
11179,Standard,Private
11180,Good,Private
11181,Poor,Private
11182,Poor,Private
11183,Poor,Private
11184,Poor,Private
11185,Good,Private
11186,Poor,Private
11187,Poor,Private
11188,Standard,Private
11189,Good,Private
11190,Poor,Private
11191,Standard,Private
11192,Standard,Private
11193,Standard,Private
11194,Poor,Private
11195,Poor,Private
11196,Good,Private
11197,Good,Private
11198,Poor,Private
11199,Standard,Private
11200,Standard,Private
11201,Poor,Private
11202,Standard,Private
11203,Good,Private
11204,Good,Private
11205,Standard,Private
11206,Good,Private
11207,Standard,Private
11208,Good,Private
11209,Standard,Private
11210,Standard,Private
11211,Standard,Private
11212,Standard,Private
11213,Good,Private
11214,Standard,Private
11215,Good,Private
11216,Standard,Private
11217,Standard,Private
11218,Poor,Private
11219,Standard,Private
11220,Poor,Private
11221,Good,Private
11222,Poor,Private
11223,Good,Private
11224,Poor,Private
11225,Good,Private
11226,Poor,Private
11227,Standard,Private
11228,Standard,Private
11229,Good,Private
11230,Poor,Private
11231,Standard,Private
11232,Standard,Private
11233,Poor,Private
11234,Standard,Private
11235,Poor,Private
11236,Standard,Private
11237,Poor,Private
11238,Poor,Private
11239,Good,Private
11240,Standard,Private
11241,Standard,Private
11242,Good,Private
11243,Standard,Private
11244,Standard,Private
11245,Standard,Private
11246,Good,Private
11247,Standard,Private
11248,Standard,Private
11249,Standard,Private
11250,Poor,Private
11251,Good,Private
11252,Standard,Private
11253,Standard,Private
11254,Standard,Private
11255,Good,Private
11256,Standard,Private
11257,Standard,Private
11258,Good,Private
11259,Poor,Private
11260,Poor,Private
11261,Poor,Private
11262,Good,Private
11263,Standard,Private
11264,Poor,Private
11265,Standard,Private
11266,Standard,Private
11267,Standard,Private
11268,Standard,Private
11269,Standard,Private
11270,Standard,Private
11271,Good,Private
11272,Standard,Private
11273,Standard,Private
11274,Poor,Private
11275,Standard,Private
11276,Standard,Private
11277,Standard,Private
11278,Standard,Private
11279,Good,Private
11280,Standard,Private
11281,Good,Private
11282,Standard,Private
11283,Standard,Private
11284,Standard,Private
11285,Standard,Private
11286,Standard,Private
11287,Standard,Private
11288,Good,Private
11289,Standard,Private
11290,Standard,Private
11291,Standard,Private
11292,Poor,Private
11293,Poor,Private
11294,Good,Private
11295,Standard,Private
11296,Standard,Private
11297,Standard,Private
11298,Standard,Private
11299,Poor,Private
11300,Standard,Private
11301,Standard,Private
11302,Standard,Private
11303,Standard,Private
11304,Poor,Private
11305,Standard,Private
11306,Standard,Private
11307,Good,Private
11308,Good,Private
11309,Good,Private
11310,Standard,Private
11311,Standard,Private
11312,Standard,Private
11313,Standard,Private
11314,Standard,Private
11315,Standard,Private
11316,Standard,Private
11317,Standard,Private
11318,Standard,Private
11319,Standard,Private
11320,Standard,Private
11321,Standard,Private
11322,Poor,Private
11323,Poor,Private
11324,Poor,Private
11325,Standard,Private
11326,Poor,Private
11327,Standard,Private
11328,Standard,Private
11329,Poor,Private
11330,Poor,Private
11331,Good,Private
11332,Poor,Private
11333,Poor,Private
11334,Standard,Private
11335,Poor,Private
11336,Standard,Private
11337,Standard,Private
11338,Poor,Private
11339,Poor,Private
11340,Poor,Private
11341,Poor,Private
11342,Standard,Private
11343,Standard,Private
11344,Poor,Private
11345,Poor,Private
11346,Poor,Private
11347,Standard,Private
11348,Good,Private
11349,Good,Private
11350,Standard,Private
11351,Good,Private
11352,Standard,Private
11353,Standard,Private
11354,Poor,Private
11355,Poor,Private
11356,Standard,Private
11357,Poor,Private
11358,Standard,Private
11359,Standard,Private
11360,Standard,Private
11361,Standard,Private
11362,Good,Private
11363,Poor,Private
11364,Standard,Private
11365,Standard,Private
11366,Standard,Private
11367,Poor,Private
11368,Poor,Private
11369,Good,Private
11370,Standard,Private
11371,Poor,Private
11372,Poor,Private
11373,Standard,Private
11374,Poor,Private
11375,Standard,Private
11376,Good,Private
11377,Standard,Private
11378,Poor,Private
11379,Standard,Private
11380,Poor,Private
11381,Poor,Private
11382,Good,Private
11383,Standard,Private
11384,Good,Private
11385,Standard,Private
11386,Poor,Private
11387,Good,Private
11388,Poor,Private
11389,Standard,Private
11390,Poor,Private
11391,Poor,Private
11392,Standard,Private
11393,Standard,Private
11394,Standard,Private
11395,Poor,Private
11396,Standard,Private
11397,Standard,Private
11398,Poor,Private
11399,Good,Private
11400,Poor,Private
11401,Poor,Private
11402,Standard,Private
11403,Poor,Private
11404,Poor,Private
11405,Standard,Private
11406,Good,Private
11407,Standard,Private
11408,Standard,Private
11409,Standard,Private
11410,Poor,Private
11411,Poor,Private
11412,Poor,Private
11413,Standard,Private
11414,Standard,Private
11415,Good,Private
11416,Standard,Private
11417,Standard,Private
11418,Poor,Private
11419,Good,Private
11420,Standard,Private
11421,Poor,Private
11422,Standard,Private
11423,Standard,Private
11424,Poor,Private
11425,Standard,Private
11426,Good,Private
11427,Poor,Private
11428,Standard,Private
11429,Standard,Private
11430,Good,Private
11431,Poor,Private
11432,Poor,Private
11433,Poor,Private
11434,Standard,Private
11435,Standard,Private
11436,Poor,Private
11437,Standard,Private
11438,Standard,Private
11439,Good,Private
11440,Poor,Private
11441,Poor,Private
11442,Standard,Private
11443,Standard,Private
11444,Standard,Private
11445,Standard,Private
11446,Standard,Private
11447,Standard,Private
11448,Good,Private
11449,Poor,Private
11450,Good,Private
11451,Standard,Private
11452,Poor,Private
11453,Standard,Private
11454,Standard,Private
11455,Standard,Private
11456,Good,Private
11457,Poor,Private
11458,Poor,Private
11459,Good,Private
11460,Standard,Private
11461,Poor,Private
11462,Standard,Private
11463,Standard,Private
11464,Poor,Private
11465,Poor,Private
11466,Standard,Private
11467,Standard,Private
11468,Standard,Private
11469,Good,Private
11470,Poor,Private
11471,Standard,Private
11472,Standard,Private
11473,Standard,Private
11474,Good,Private
11475,Good,Private
11476,Standard,Private
11477,Standard,Private
11478,Good,Private
11479,Standard,Private
11480,Standard,Private
11481,Standard,Private
11482,Standard,Private
11483,Poor,Private
11484,Standard,Private
11485,Poor,Private
11486,Standard,Private
11487,Poor,Private
11488,Standard,Private
11489,Good,Private
11490,Standard,Private
11491,Standard,Private
11492,Good,Private
11493,Standard,Private
11494,Standard,Private
11495,Standard,Private
11496,Standard,Private
11497,Standard,Private
11498,Standard,Private
11499,Poor,Private
11500,Standard,Private
11501,Standard,Private
11502,Standard,Private
11503,Good,Private
11504,Poor,Private
11505,Good,Private
11506,Standard,Private
11507,Standard,Private
11508,Standard,Private
11509,Good,Private
11510,Standard,Private
11511,Good,Private
11512,Poor,Private
11513,Poor,Private
11514,Standard,Private
11515,Poor,Private
11516,Poor,Private
11517,Good,Private
11518,Good,Private
11519,Poor,Private
11520,Standard,Private
11521,Good,Private
11522,Poor,Private
11523,Good,Private
11524,Poor,Private
11525,Standard,Private
11526,Standard,Private
11527,Poor,Private
11528,Good,Private
11529,Poor,Private
11530,Standard,Private
11531,Standard,Private
11532,Poor,Private
11533,Standard,Private
11534,Standard,Private
11535,Standard,Private
11536,Standard,Private
11537,Good,Private
11538,Poor,Private
11539,Poor,Private
11540,Poor,Private
11541,Standard,Private
11542,Good,Private
11543,Good,Private
11544,Poor,Private
11545,Poor,Private
11546,Standard,Private
11547,Standard,Private
11548,Good,Private
11549,Poor,Private
11550,Good,Private
11551,Standard,Private
11552,Standard,Private
11553,Standard,Private
11554,Poor,Private
11555,Poor,Private
11556,Standard,Private
11557,Standard,Private
11558,Standard,Private
11559,Poor,Private
11560,Poor,Private
11561,Standard,Private
11562,Standard,Private
11563,Standard,Private
11564,Standard,Private
11565,Standard,Private
11566,Standard,Private
11567,Poor,Private
11568,Poor,Private
11569,Poor,Private
11570,Poor,Private
11571,Standard,Private
11572,Good,Private
11573,Poor,Private
11574,Standard,Private
11575,Poor,Private
11576,Good,Private
11577,Good,Private
11578,Standard,Private
11579,Standard,Private
11580,Poor,Private
11581,Poor,Private
11582,Standard,Private
11583,Poor,Private
11584,Standard,Private
11585,Poor,Private
11586,Standard,Private
11587,Poor,Private
11588,Poor,Private
11589,Poor,Private
11590,Good,Private
11591,Poor,Private
11592,Standard,Private
11593,Good,Private
11594,Good,Private
11595,Standard,Private
11596,Poor,Private
11597,Poor,Private
11598,Standard,Private
11599,Standard,Private
11600,Standard,Private
11601,Poor,Private
11602,Good,Private
11603,Standard,Private
11604,Good,Private
11605,Poor,Private
11606,Good,Private
11607,Standard,Private
11608,Poor,Private
11609,Standard,Private
11610,Good,Private
11611,Standard,Private
11612,Standard,Private
11613,Good,Private
11614,Poor,Private
11615,Good,Private
11616,Poor,Private
11617,Poor,Private
11618,Good,Private
11619,Standard,Private
11620,Standard,Private
11621,Standard,Private
11622,Standard,Private
11623,Standard,Private
11624,Poor,Private
11625,Standard,Private
11626,Poor,Private
11627,Poor,Private
11628,Poor,Private
11629,Standard,Private
11630,Poor,Private
11631,Poor,Private
11632,Poor,Private
11633,Poor,Private
11634,Standard,Private
11635,Standard,Private
11636,Poor,Private
11637,Poor,Private
11638,Standard,Private
11639,Poor,Private
11640,Standard,Private
11641,Standard,Private
11642,Poor,Private
11643,Good,Private
11644,Standard,Private
11645,Standard,Private
11646,Good,Private
11647,Standard,Private
11648,Poor,Private
11649,Standard,Private
11650,Poor,Private
11651,Poor,Private
11652,Good,Private
11653,Standard,Private
11654,Standard,Private
11655,Poor,Private
11656,Good,Private
11657,Standard,Private
11658,Poor,Private
11659,Standard,Private
11660,Poor,Private
11661,Standard,Private
11662,Standard,Private
11663,Poor,Private
11664,Standard,Private
11665,Standard,Private
11666,Poor,Private
11667,Standard,Private
11668,Poor,Private
11669,Standard,Private
11670,Standard,Private
11671,Standard,Private
11672,Poor,Private
11673,Good,Private
11674,Good,Private
11675,Standard,Private
11676,Standard,Private
11677,Poor,Private
11678,Standard,Private
11679,Poor,Private
11680,Standard,Private
11681,Good,Private
11682,Standard,Private
11683,Good,Private
11684,Good,Private
11685,Good,Private
11686,Good,Private
11687,Standard,Private
11688,Poor,Private
11689,Poor,Private
11690,Poor,Private
11691,Poor,Private
11692,Standard,Private
11693,Standard,Private
11694,Good,Private
11695,Poor,Private
11696,Standard,Private
11697,Standard,Private
11698,Poor,Private
11699,Good,Private
11700,Standard,Private
11701,Poor,Private
11702,Good,Private
11703,Poor,Private
11704,Good,Private
11705,Standard,Private
11706,Standard,Private
11707,Standard,Private
11708,Good,Private
11709,Poor,Private
11710,Standard,Private
11711,Poor,Private
11712,Poor,Private
11713,Standard,Private
11714,Poor,Private
11715,Good,Private
11716,Poor,Private
11717,Poor,Private
11718,Standard,Private
11719,Good,Private
11720,Standard,Private
11721,Standard,Private
11722,Poor,Private
11723,Good,Private
11724,Standard,Private
11725,Standard,Private
11726,Good,Private
11727,Poor,Private
11728,Standard,Private
11729,Standard,Private
11730,Standard,Private
11731,Poor,Private
11732,Standard,Private
11733,Good,Private
11734,Good,Private
11735,Standard,Private
11736,Poor,Private
11737,Standard,Private
11738,Poor,Private
11739,Poor,Private
11740,Standard,Private
11741,Good,Private
11742,Standard,Private
11743,Poor,Private
11744,Standard,Private
11745,Poor,Private
11746,Good,Private
11747,Poor,Private
11748,Standard,Private
11749,Standard,Private
11750,Standard,Private
11751,Standard,Private
11752,Poor,Private
11753,Good,Private
11754,Standard,Private
11755,Standard,Private
11756,Poor,Private
11757,Standard,Private
11758,Standard,Private
11759,Standard,Private
11760,Poor,Private
11761,Standard,Private
11762,Standard,Private
11763,Good,Private
11764,Poor,Private
11765,Poor,Private
11766,Good,Private
11767,Standard,Private
11768,Poor,Private
11769,Poor,Private
11770,Standard,Private
11771,Good,Private
11772,Good,Private
11773,Standard,Private
11774,Standard,Private
11775,Poor,Private
11776,Standard,Private
11777,Standard,Private
11778,Good,Private
11779,Standard,Private
11780,Standard,Private
11781,Poor,Private
11782,Good,Private
11783,Poor,Private
11784,Standard,Private
11785,Poor,Private
11786,Standard,Private
11787,Poor,Private
11788,Poor,Private
11789,Poor,Private
11790,Standard,Private
11791,Standard,Private
11792,Standard,Private
11793,Standard,Private
11794,Standard,Private
11795,Good,Private
11796,Standard,Private
11797,Standard,Private
11798,Good,Private
11799,Standard,Private
11800,Poor,Private
11801,Poor,Private
11802,Poor,Private
11803,Poor,Private
11804,Standard,Private
11805,Standard,Private
11806,Standard,Private
11807,Standard,Private
11808,Standard,Private
11809,Poor,Private
11810,Standard,Private
11811,Standard,Private
11812,Standard,Private
11813,Good,Private
11814,Poor,Private
11815,Standard,Private
11816,Standard,Private
11817,Standard,Private
11818,Standard,Private
11819,Good,Private
11820,Standard,Private
11821,Standard,Private
11822,Standard,Private
11823,Poor,Private
11824,Standard,Private
11825,Standard,Private
11826,Standard,Private
11827,Standard,Private
11828,Standard,Private
11829,Standard,Private
11830,Standard,Private
11831,Good,Private
11832,Standard,Private
11833,Poor,Private
11834,Standard,Private
11835,Standard,Private
11836,Standard,Private
11837,Standard,Private
11838,Standard,Private
11839,Standard,Private
11840,Poor,Private
11841,Standard,Private
11842,Standard,Private
11843,Standard,Private
11844,Poor,Private
11845,Standard,Private
11846,Good,Private
11847,Standard,Private
11848,Poor,Private
11849,Standard,Private
11850,Standard,Private
11851,Good,Private
11852,Poor,Private
11853,Standard,Private
11854,Poor,Private
11855,Standard,Private
11856,Poor,Private
11857,Standard,Private
11858,Good,Private
11859,Standard,Private
11860,Good,Private
11861,Good,Private
11862,Standard,Private
11863,Poor,Private
11864,Standard,Private
11865,Good,Private
11866,Poor,Private
11867,Standard,Private
11868,Poor,Private
11869,Standard,Private
11870,Standard,Private
11871,Standard,Private
11872,Good,Private
11873,Poor,Private
11874,Poor,Private
11875,Standard,Private
11876,Standard,Private
11877,Standard,Private
11878,Poor,Private
11879,Standard,Private
11880,Poor,Private
11881,Poor,Private
11882,Standard,Private
11883,Standard,Private
11884,Standard,Private
11885,Standard,Private
11886,Poor,Private
11887,Standard,Private
11888,Poor,Private
11889,Standard,Private
11890,Poor,Private
11891,Poor,Private
11892,Standard,Private
11893,Good,Private
11894,Good,Private
11895,Poor,Private
11896,Standard,Private
11897,Standard,Private
11898,Standard,Private
11899,Good,Private
11900,Poor,Private
11901,Standard,Private
11902,Good,Private
11903,Poor,Private
11904,Standard,Private
11905,Standard,Private
11906,Poor,Private
11907,Poor,Private
11908,Standard,Private
11909,Poor,Private
11910,Standard,Private
11911,Standard,Private
11912,Standard,Private
11913,Standard,Private
11914,Standard,Private
11915,Standard,Private
11916,Good,Private
11917,Good,Private
11918,Standard,Private
11919,Standard,Private
11920,Standard,Private
11921,Standard,Private
11922,Good,Private
11923,Poor,Private
11924,Standard,Private
11925,Standard,Private
11926,Standard,Private
11927,Poor,Private
11928,Standard,Private
11929,Standard,Private
11930,Standard,Private
11931,Poor,Private
11932,Good,Private
11933,Standard,Private
11934,Poor,Private
11935,Standard,Private
11936,Standard,Private
11937,Standard,Private
11938,Good,Private
11939,Good,Private
11940,Poor,Private
11941,Standard,Private
11942,Poor,Private
11943,Standard,Private
11944,Poor,Private
11945,Standard,Private
11946,Standard,Private
11947,Poor,Private
11948,Poor,Private
11949,Standard,Private
11950,Standard,Private
11951,Poor,Private
11952,Standard,Private
11953,Standard,Private
11954,Poor,Private
11955,Standard,Private
11956,Good,Private
11957,Good,Private
11958,Standard,Private
11959,Standard,Private
11960,Good,Private
11961,Standard,Private
11962,Poor,Private
11963,Standard,Private
11964,Good,Private
11965,Standard,Private
11966,Standard,Private
11967,Standard,Private
11968,Standard,Private
11969,Poor,Private
11970,Standard,Private
11971,Standard,Private
11972,Standard,Private
11973,Poor,Private
11974,Poor,Private
11975,Good,Private
11976,Poor,Private
11977,Poor,Private
11978,Standard,Private
11979,Standard,Private
11980,Standard,Private
11981,Poor,Private
11982,Good,Private
11983,Standard,Private
11984,Poor,Private
11985,Standard,Private
11986,Good,Private
11987,Poor,Private
11988,Standard,Private
11989,Standard,Private
11990,Standard,Private
11991,Poor,Private
11992,Standard,Private
11993,Standard,Private
11994,Standard,Private
11995,Standard,Private
11996,Poor,Private
11997,Standard,Private
11998,Good,Private
11999,Poor,Private
12000,Standard,Private
12001,Standard,Private
12002,Standard,Private
12003,Standard,Private
12004,Poor,Private
12005,Good,Private
12006,Good,Private
12007,Poor,Private
12008,Standard,Private
12009,Poor,Private
12010,Standard,Private
12011,Poor,Private
12012,Good,Private
12013,Standard,Private
12014,Poor,Private
12015,Standard,Private
12016,Poor,Private
12017,Poor,Private
12018,Standard,Private
12019,Standard,Private
12020,Standard,Private
12021,Standard,Private
12022,Standard,Private
12023,Standard,Private
12024,Poor,Private
12025,Poor,Private
12026,Standard,Private
12027,Standard,Private
12028,Good,Private
12029,Standard,Private
12030,Standard,Private
12031,Standard,Private
12032,Good,Private
12033,Standard,Private
12034,Standard,Private
12035,Poor,Private
12036,Poor,Private
12037,Good,Private
12038,Standard,Private
12039,Poor,Private
12040,Poor,Private
12041,Poor,Private
12042,Poor,Private
12043,Good,Private
12044,Good,Private
12045,Good,Private
12046,Standard,Private
12047,Standard,Private
12048,Standard,Private
12049,Poor,Private
12050,Standard,Private
12051,Poor,Private
12052,Poor,Private
12053,Poor,Private
12054,Poor,Private
12055,Standard,Private
12056,Standard,Private
12057,Good,Private
12058,Standard,Private
12059,Good,Private
12060,Standard,Private
12061,Poor,Private
12062,Standard,Private
12063,Poor,Private
12064,Good,Private
12065,Standard,Private
12066,Standard,Private
12067,Standard,Private
12068,Standard,Private
12069,Standard,Private
12070,Standard,Private
12071,Standard,Private
12072,Good,Private
12073,Standard,Private
12074,Poor,Private
12075,Standard,Private
12076,Standard,Private
12077,Poor,Private
12078,Poor,Private
12079,Standard,Private
12080,Good,Private
12081,Standard,Private
12082,Good,Private
12083,Standard,Private
12084,Standard,Private
12085,Standard,Private
12086,Standard,Private
12087,Standard,Private
12088,Poor,Private
12089,Standard,Private
12090,Poor,Private
12091,Good,Private
12092,Standard,Private
12093,Standard,Private
12094,Poor,Private
12095,Poor,Private
12096,Standard,Private
12097,Poor,Private
12098,Good,Private
12099,Poor,Private
12100,Standard,Private
12101,Poor,Private
12102,Standard,Private
12103,Standard,Private
12104,Good,Private
12105,Good,Private
12106,Poor,Private
12107,Standard,Private
12108,Standard,Private
12109,Standard,Private
12110,Standard,Private
12111,Standard,Private
12112,Poor,Private
12113,Standard,Private
12114,Standard,Private
12115,Poor,Private
12116,Standard,Private
12117,Standard,Private
12118,Standard,Private
12119,Standard,Private
12120,Standard,Private
12121,Poor,Private
12122,Standard,Private
12123,Standard,Private
12124,Standard,Private
12125,Poor,Private
12126,Good,Private
12127,Standard,Private
12128,Poor,Private
12129,Poor,Private
12130,Poor,Private
12131,Standard,Private
12132,Standard,Private
12133,Standard,Private
12134,Standard,Private
12135,Standard,Private
12136,Poor,Private
12137,Standard,Private
12138,Good,Private
12139,Poor,Private
12140,Standard,Private
12141,Good,Private
12142,Poor,Private
12143,Standard,Private
12144,Good,Private
12145,Standard,Private
12146,Poor,Private
12147,Standard,Private
12148,Standard,Private
12149,Poor,Private
12150,Standard,Private
12151,Poor,Private
12152,Poor,Private
12153,Poor,Private
12154,Poor,Private
12155,Good,Private
12156,Poor,Private
12157,Poor,Private
12158,Standard,Private
12159,Standard,Private
12160,Good,Private
12161,Good,Private
12162,Standard,Private
12163,Standard,Private
12164,Standard,Private
12165,Standard,Private
12166,Poor,Private
12167,Standard,Private
12168,Good,Private
12169,Standard,Private
12170,Poor,Private
12171,Standard,Private
12172,Poor,Private
12173,Standard,Private
12174,Standard,Private
12175,Standard,Private
12176,Good,Private
12177,Good,Private
12178,Poor,Private
12179,Standard,Private
12180,Standard,Private
12181,Good,Private
12182,Poor,Private
12183,Poor,Private
12184,Standard,Private
12185,Standard,Private
12186,Standard,Private
12187,Standard,Private
12188,Poor,Private
12189,Standard,Private
12190,Poor,Private
12191,Poor,Private
12192,Poor,Private
12193,Good,Private
12194,Standard,Private
12195,Standard,Private
12196,Poor,Private
12197,Poor,Private
12198,Standard,Private
12199,Standard,Private
12200,Standard,Private
12201,Standard,Private
12202,Standard,Private
12203,Standard,Private
12204,Poor,Private
12205,Standard,Private
12206,Good,Private
12207,Good,Private
12208,Standard,Private
12209,Standard,Private
12210,Good,Private
12211,Standard,Private
12212,Standard,Private
12213,Standard,Private
12214,Poor,Private
12215,Good,Private
12216,Standard,Private
12217,Standard,Private
12218,Standard,Private
12219,Good,Private
12220,Standard,Private
12221,Poor,Private
12222,Standard,Private
12223,Standard,Private
12224,Standard,Private
12225,Good,Private
12226,Poor,Private
12227,Poor,Private
12228,Standard,Private
12229,Standard,Private
12230,Good,Private
12231,Standard,Private
12232,Standard,Private
12233,Standard,Private
12234,Standard,Private
12235,Standard,Private
12236,Standard,Private
12237,Standard,Private
12238,Standard,Private
12239,Good,Private
12240,Standard,Private
12241,Standard,Private
12242,Poor,Private
12243,Standard,Private
12244,Standard,Private
12245,Good,Private
12246,Standard,Private
12247,Standard,Private
12248,Poor,Private
12249,Standard,Private
12250,Poor,Private
12251,Good,Private
12252,Standard,Private
12253,Good,Private
12254,Poor,Private
12255,Poor,Private
12256,Standard,Private
12257,Poor,Private
12258,Standard,Private
12259,Poor,Private
12260,Good,Private
12261,Standard,Private
12262,Standard,Private
12263,Standard,Private
12264,Standard,Private
12265,Poor,Private
12266,Standard,Private
12267,Good,Private
12268,Good,Private
12269,Standard,Private
12270,Poor,Private
12271,Good,Private
12272,Good,Private
12273,Standard,Private
12274,Standard,Private
12275,Poor,Private
12276,Good,Private
12277,Standard,Private
12278,Standard,Private
12279,Standard,Private
12280,Standard,Private
12281,Good,Private
12282,Standard,Private
12283,Standard,Private
12284,Poor,Private
12285,Standard,Private
12286,Standard,Private
12287,Standard,Private
12288,Standard,Private
12289,Poor,Private
12290,Poor,Private
12291,Poor,Private
12292,Standard,Private
12293,Standard,Private
12294,Standard,Private
12295,Standard,Private
12296,Good,Private
12297,Standard,Private
12298,Poor,Private
12299,Standard,Private
12300,Standard,Private
12301,Poor,Private
12302,Poor,Private
12303,Poor,Private
12304,Good,Private
12305,Standard,Private
12306,Standard,Private
12307,Poor,Private
12308,Poor,Private
12309,Good,Private
12310,Poor,Private
12311,Standard,Private
12312,Good,Private
12313,Poor,Private
12314,Standard,Private
12315,Standard,Private
12316,Standard,Private
12317,Standard,Private
12318,Poor,Private
12319,Good,Private
12320,Standard,Private
12321,Poor,Private
12322,Poor,Private
12323,Standard,Private
12324,Poor,Private
12325,Poor,Private
12326,Standard,Private
12327,Good,Private
12328,Standard,Private
12329,Poor,Private
12330,Standard,Private
12331,Standard,Private
12332,Standard,Private
12333,Standard,Private
12334,Standard,Private
12335,Good,Private
12336,Standard,Private
12337,Poor,Private
12338,Poor,Private
12339,Poor,Private
12340,Poor,Private
12341,Standard,Private
12342,Good,Private
12343,Good,Private
12344,Standard,Private
12345,Good,Private
12346,Good,Private
12347,Poor,Private
12348,Standard,Private
12349,Standard,Private
12350,Good,Private
12351,Standard,Private
12352,Standard,Private
12353,Standard,Private
12354,Good,Private
12355,Standard,Private
12356,Good,Private
12357,Good,Private
12358,Standard,Private
12359,Standard,Private
12360,Standard,Private
12361,Good,Private
12362,Standard,Private
12363,Good,Private
12364,Standard,Private
12365,Standard,Private
12366,Standard,Private
12367,Standard,Private
12368,Good,Private
12369,Standard,Private
12370,Standard,Private
12371,Standard,Private
12372,Standard,Private
12373,Standard,Private
12374,Good,Private
12375,Poor,Private
12376,Poor,Private
12377,Standard,Private
12378,Good,Private
12379,Poor,Private
12380,Good,Private
12381,Standard,Private
12382,Good,Private
12383,Standard,Private
12384,Standard,Private
12385,Poor,Private
12386,Poor,Private
12387,Standard,Private
12388,Standard,Private
12389,Standard,Private
12390,Standard,Private
12391,Standard,Private
12392,Good,Private
12393,Good,Private
12394,Standard,Private
12395,Standard,Private
12396,Standard,Private
12397,Poor,Private
12398,Poor,Private
12399,Good,Private
12400,Standard,Private
12401,Poor,Private
12402,Poor,Private
12403,Standard,Private
12404,Poor,Private
12405,Poor,Private
12406,Standard,Private
12407,Good,Private
12408,Poor,Private
12409,Poor,Private
12410,Poor,Private
12411,Standard,Private
12412,Poor,Private
12413,Good,Private
12414,Standard,Private
12415,Good,Private
12416,Poor,Private
12417,Poor,Private
12418,Poor,Private
12419,Standard,Private
12420,Good,Private
12421,Standard,Private
12422,Poor,Private
12423,Standard,Private
12424,Standard,Private
12425,Standard,Private
12426,Good,Private
12427,Poor,Private
12428,Poor,Private
12429,Standard,Private
12430,Standard,Private
12431,Standard,Private
12432,Standard,Private
12433,Poor,Private
12434,Standard,Private
12435,Poor,Private
12436,Standard,Private
12437,Good,Private
12438,Standard,Private
12439,Good,Private
12440,Poor,Private
12441,Standard,Private
12442,Standard,Private
12443,Standard,Private
12444,Poor,Private
12445,Standard,Private
12446,Poor,Private
12447,Standard,Private
12448,Standard,Private
12449,Standard,Private
12450,Poor,Private
12451,Good,Private
12452,Standard,Private
12453,Standard,Private
12454,Poor,Private
12455,Poor,Private
12456,Standard,Private
12457,Good,Private
12458,Standard,Private
12459,Standard,Private
12460,Standard,Private
12461,Standard,Private
12462,Good,Private
12463,Standard,Private
12464,Standard,Private
12465,Standard,Private
12466,Standard,Private
12467,Standard,Private
12468,Standard,Private
12469,Poor,Private
12470,Good,Private
12471,Poor,Private
12472,Standard,Private
12473,Poor,Private
12474,Standard,Private
12475,Standard,Private
12476,Standard,Private
12477,Poor,Private
12478,Standard,Private
12479,Poor,Private
12480,Good,Private
12481,Poor,Private
12482,Poor,Private
12483,Good,Private
12484,Standard,Private
12485,Standard,Private
12486,Poor,Private
12487,Poor,Private
12488,Good,Private
12489,Standard,Private
12490,Standard,Private
12491,Standard,Private
12492,Standard,Private
12493,Poor,Private
12494,Poor,Private
12495,Standard,Private
12496,Standard,Private
12497,Good,Private
12498,Poor,Private
12499,Standard,Private
12500,Standard,Private
12501,Good,Private
12502,Standard,Private
12503,Standard,Private
12504,Standard,Private
12505,Poor,Private
12506,Poor,Private
12507,Standard,Private
12508,Good,Private
12509,Poor,Private
12510,Standard,Private
12511,Poor,Private
12512,Standard,Private
12513,Standard,Private
12514,Good,Private
12515,Standard,Private
12516,Standard,Private
12517,Standard,Private
12518,Poor,Private
12519,Poor,Private
12520,Standard,Private
12521,Poor,Private
12522,Good,Private
12523,Standard,Private
12524,Poor,Private
12525,Standard,Private
12526,Standard,Private
12527,Poor,Private
12528,Standard,Private
12529,Standard,Private
12530,Poor,Private
12531,Standard,Private
12532,Poor,Private
12533,Standard,Private
12534,Standard,Private
12535,Standard,Private
12536,Standard,Private
12537,Good,Private
12538,Standard,Private
12539,Standard,Private
12540,Good,Private
12541,Standard,Private
12542,Poor,Private
12543,Good,Private
12544,Standard,Private
12545,Standard,Private
12546,Poor,Private
12547,Poor,Private
12548,Standard,Private
12549,Standard,Private
12550,Poor,Private
12551,Good,Private
12552,Good,Private
12553,Poor,Private
12554,Poor,Private
12555,Standard,Private
12556,Good,Private
12557,Poor,Private
12558,Standard,Private
12559,Poor,Private
12560,Standard,Private
12561,Poor,Private
12562,Standard,Private
12563,Standard,Private
12564,Standard,Private
12565,Standard,Private
12566,Poor,Private
12567,Poor,Private
12568,Standard,Private
12569,Good,Private
12570,Standard,Private
12571,Poor,Private
12572,Standard,Private
12573,Standard,Private
12574,Good,Private
12575,Standard,Private
12576,Standard,Private
12577,Standard,Private
12578,Standard,Private
12579,Poor,Private
12580,Poor,Private
12581,Poor,Private
12582,Standard,Private
12583,Standard,Private
12584,Standard,Private
12585,Standard,Private
12586,Good,Private
12587,Standard,Private
12588,Good,Private
12589,Poor,Private
12590,Standard,Private
12591,Standard,Private
12592,Standard,Private
12593,Standard,Private
12594,Standard,Private
12595,Good,Private
12596,Good,Private
12597,Poor,Private
12598,Poor,Private
12599,Poor,Private
12600,Poor,Private
12601,Standard,Private
12602,Standard,Private
12603,Standard,Private
12604,Standard,Private
12605,Good,Private
12606,Standard,Private
12607,Standard,Private
12608,Poor,Private
12609,Standard,Private
12610,Standard,Private
12611,Standard,Private
12612,Standard,Private
12613,Poor,Private
12614,Poor,Private
12615,Poor,Private
12616,Good,Private
12617,Poor,Private
12618,Good,Private
12619,Standard,Private
12620,Standard,Private
12621,Poor,Private
12622,Good,Private
12623,Poor,Private
12624,Poor,Private
12625,Standard,Private
12626,Standard,Private
12627,Standard,Private
12628,Standard,Private
12629,Poor,Private
12630,Poor,Private
12631,Standard,Private
12632,Standard,Private
12633,Standard,Private
12634,Poor,Private
12635,Standard,Private
12636,Poor,Private
12637,Standard,Private
12638,Standard,Private
12639,Standard,Private
12640,Poor,Private
12641,Good,Private
12642,Poor,Private
12643,Good,Private
12644,Good,Private
12645,Standard,Private
12646,Standard,Private
12647,Standard,Private
12648,Standard,Private
12649,Standard,Private
12650,Poor,Private
12651,Good,Private
12652,Poor,Private
12653,Poor,Private
12654,Poor,Private
12655,Standard,Private
12656,Standard,Private
12657,Standard,Private
12658,Standard,Private
12659,Good,Private
12660,Standard,Private
12661,Poor,Private
12662,Standard,Private
12663,Standard,Private
12664,Standard,Private
12665,Standard,Private
12666,Poor,Private
12667,Poor,Private
12668,Standard,Private
12669,Standard,Private
12670,Standard,Private
12671,Good,Private
12672,Poor,Private
12673,Standard,Private
12674,Poor,Private
12675,Standard,Private
12676,Standard,Private
12677,Standard,Private
12678,Good,Private
12679,Standard,Private
12680,Standard,Private
12681,Poor,Private
12682,Standard,Private
12683,Standard,Private
12684,Good,Private
12685,Standard,Private
12686,Poor,Private
12687,Standard,Private
12688,Standard,Private
12689,Standard,Private
12690,Poor,Private
12691,Good,Private
12692,Standard,Private
12693,Standard,Private
12694,Standard,Private
12695,Standard,Private
12696,Poor,Private
12697,Good,Private
12698,Standard,Private
12699,Poor,Private
12700,Poor,Private
12701,Poor,Private
12702,Standard,Private
12703,Standard,Private
12704,Standard,Private
12705,Poor,Private
12706,Standard,Private
12707,Standard,Private
12708,Standard,Private
12709,Poor,Private
12710,Poor,Private
12711,Standard,Private
12712,Standard,Private
12713,Poor,Private
12714,Good,Private
12715,Good,Private
12716,Poor,Private
12717,Standard,Private
12718,Standard,Private
12719,Standard,Private
12720,Standard,Private
12721,Poor,Private
12722,Good,Private
12723,Standard,Private
12724,Standard,Private
12725,Standard,Private
12726,Standard,Private
12727,Good,Private
12728,Standard,Private
12729,Standard,Private
12730,Standard,Private
12731,Poor,Private
12732,Standard,Private
12733,Standard,Private
12734,Good,Private
12735,Poor,Private
12736,Poor,Private
12737,Standard,Private
12738,Standard,Private
12739,Standard,Private
12740,Poor,Private
12741,Good,Private
12742,Poor,Private
12743,Standard,Private
12744,Standard,Private
12745,Good,Private
12746,Good,Private
12747,Standard,Private
12748,Standard,Private
12749,Poor,Private
12750,Standard,Private
12751,Good,Private
12752,Poor,Private
12753,Poor,Private
12754,Good,Private
12755,Good,Private
12756,Poor,Private
12757,Standard,Private
12758,Poor,Private
12759,Standard,Private
12760,Standard,Private
12761,Standard,Private
12762,Good,Private
12763,Standard,Private
12764,Standard,Private
12765,Poor,Private
12766,Standard,Private
12767,Poor,Private
12768,Standard,Private
12769,Poor,Private
12770,Good,Private
12771,Good,Private
12772,Poor,Private
12773,Good,Private
12774,Standard,Private
12775,Standard,Private
12776,Standard,Private
12777,Standard,Private
12778,Poor,Private
12779,Poor,Private
12780,Standard,Private
12781,Standard,Private
12782,Poor,Private
12783,Standard,Private
12784,Standard,Private
12785,Good,Private
12786,Standard,Private
12787,Good,Private
12788,Standard,Private
12789,Poor,Private
12790,Good,Private
12791,Poor,Private
12792,Standard,Private
12793,Standard,Private
12794,Standard,Private
12795,Poor,Private
12796,Poor,Private
12797,Standard,Private
12798,Poor,Private
12799,Standard,Private
12800,Standard,Private
12801,Poor,Private
12802,Poor,Private
12803,Poor,Private
12804,Poor,Private
12805,Good,Private
12806,Standard,Private
12807,Poor,Private
12808,Good,Private
12809,Good,Private
12810,Standard,Private
12811,Standard,Private
12812,Poor,Private
12813,Standard,Private
12814,Standard,Private
12815,Good,Private
12816,Standard,Private
12817,Good,Private
12818,Standard,Private
12819,Poor,Private
12820,Poor,Private
12821,Standard,Private
12822,Good,Private
12823,Standard,Private
12824,Poor,Private
12825,Standard,Private
12826,Good,Private
12827,Poor,Private
12828,Poor,Private
12829,Standard,Private
12830,Standard,Private
12831,Standard,Private
12832,Poor,Private
12833,Standard,Private
12834,Poor,Private
12835,Standard,Private
12836,Standard,Private
12837,Standard,Private
12838,Standard,Private
12839,Standard,Private
12840,Standard,Private
12841,Poor,Private
12842,Standard,Private
12843,Standard,Private
12844,Standard,Private
12845,Standard,Private
12846,Standard,Private
12847,Standard,Private
12848,Standard,Private
12849,Standard,Private
12850,Standard,Private
12851,Standard,Private
12852,Good,Private
12853,Standard,Private
12854,Standard,Private
12855,Good,Private
12856,Standard,Private
12857,Standard,Private
12858,Good,Private
12859,Standard,Private
12860,Standard,Private
12861,Poor,Private
12862,Poor,Private
12863,Standard,Private
12864,Standard,Private
12865,Poor,Private
12866,Good,Private
12867,Poor,Private
12868,Standard,Private
12869,Good,Private
12870,Poor,Private
12871,Standard,Private
12872,Standard,Private
12873,Standard,Private
12874,Poor,Private
12875,Standard,Private
12876,Poor,Private
12877,Standard,Private
12878,Poor,Private
12879,Poor,Private
12880,Poor,Private
12881,Standard,Private
12882,Poor,Private
12883,Good,Private
12884,Poor,Private
12885,Standard,Private
12886,Standard,Private
12887,Standard,Private
12888,Good,Private
12889,Poor,Private
12890,Poor,Private
12891,Standard,Private
12892,Poor,Private
12893,Poor,Private
12894,Good,Private
12895,Standard,Private
12896,Good,Private
12897,Standard,Private
12898,Standard,Private
12899,Poor,Private
12900,Standard,Private
12901,Standard,Private
12902,Poor,Private
12903,Good,Private
12904,Standard,Private
12905,Standard,Private
12906,Standard,Private
12907,Standard,Private
12908,Poor,Private
12909,Standard,Private
12910,Standard,Private
12911,Standard,Private
12912,Standard,Private
12913,Good,Private
12914,Standard,Private
12915,Standard,Private
12916,Poor,Private
12917,Standard,Private
12918,Poor,Private
12919,Standard,Private
12920,Poor,Private
12921,Poor,Private
12922,Poor,Private
12923,Standard,Private
12924,Good,Private
12925,Standard,Private
12926,Standard,Private
12927,Standard,Private
12928,Poor,Private
12929,Poor,Private
12930,Poor,Private
12931,Poor,Private
12932,Standard,Private
12933,Standard,Private
12934,Standard,Private
12935,Standard,Private
12936,Poor,Private
12937,Poor,Private
12938,Standard,Private
12939,Standard,Private
12940,Good,Private
12941,Poor,Private
12942,Standard,Private
12943,Poor,Private
12944,Poor,Private
12945,Standard,Private
12946,Poor,Private
12947,Standard,Private
12948,Good,Private
12949,Standard,Private
12950,Poor,Private
12951,Poor,Private
12952,Good,Private
12953,Good,Private
12954,Poor,Private
12955,Standard,Private
12956,Standard,Private
12957,Standard,Private
12958,Good,Private
12959,Standard,Private
12960,Standard,Private
12961,Good,Private
12962,Standard,Private
12963,Standard,Private
12964,Standard,Private
12965,Standard,Private
12966,Poor,Private
12967,Standard,Private
12968,Good,Private
12969,Good,Private
12970,Standard,Private
12971,Standard,Private
12972,Standard,Private
12973,Standard,Private
12974,Good,Private
12975,Standard,Private
12976,Poor,Private
12977,Standard,Private
12978,Good,Private
12979,Standard,Private
12980,Good,Private
12981,Good,Private
12982,Poor,Private
12983,Standard,Private
12984,Poor,Private
12985,Good,Private
12986,Poor,Private
12987,Good,Private
12988,Standard,Private
12989,Standard,Private
12990,Standard,Private
12991,Standard,Private
12992,Poor,Private
12993,Good,Private
12994,Poor,Private
12995,Good,Private
12996,Standard,Private
12997,Poor,Private
12998,Standard,Private
12999,Standard,Private
13000,Good,Private
13001,Standard,Private
13002,Standard,Private
13003,Standard,Private
13004,Standard,Private
13005,Poor,Private
13006,Standard,Private
13007,Good,Private
13008,Standard,Private
13009,Standard,Private
13010,Poor,Private
13011,Standard,Private
13012,Good,Private
13013,Good,Private
13014,Standard,Private
13015,Good,Private
13016,Poor,Private
13017,Standard,Private
13018,Poor,Private
13019,Poor,Private
13020,Poor,Private
13021,Standard,Private
13022,Poor,Private
13023,Good,Private
13024,Poor,Private
13025,Poor,Private
13026,Standard,Private
13027,Standard,Private
13028,Poor,Private
13029,Standard,Private
13030,Standard,Private
13031,Good,Private
13032,Poor,Private
13033,Standard,Private
13034,Standard,Private
13035,Standard,Private
13036,Good,Private
13037,Good,Private
13038,Good,Private
13039,Standard,Private
13040,Standard,Private
13041,Standard,Private
13042,Standard,Private
13043,Standard,Private
13044,Standard,Private
13045,Good,Private
13046,Poor,Private
13047,Standard,Private
13048,Good,Private
13049,Good,Private
13050,Standard,Private
13051,Standard,Private
13052,Standard,Private
13053,Good,Private
13054,Standard,Private
13055,Good,Private
13056,Standard,Private
13057,Poor,Private
13058,Standard,Private
13059,Standard,Private
13060,Standard,Private
13061,Standard,Private
13062,Good,Private
13063,Good,Private
13064,Poor,Private
13065,Standard,Private
13066,Poor,Private
13067,Standard,Private
13068,Poor,Private
13069,Standard,Private
13070,Good,Private
13071,Good,Private
13072,Standard,Private
13073,Good,Private
13074,Poor,Private
13075,Poor,Private
13076,Standard,Private
13077,Poor,Private
13078,Standard,Private
13079,Standard,Private
13080,Good,Private
13081,Poor,Private
13082,Good,Private
13083,Standard,Private
13084,Good,Private
13085,Standard,Private
13086,Standard,Private
13087,Standard,Private
13088,Standard,Private
13089,Good,Private
13090,Standard,Private
13091,Good,Private
13092,Poor,Private
13093,Standard,Private
13094,Poor,Private
13095,Standard,Private
13096,Poor,Private
13097,Standard,Private
13098,Poor,Private
13099,Standard,Private
13100,Poor,Private
13101,Standard,Private
13102,Standard,Private
13103,Standard,Private
13104,Poor,Private
13105,Standard,Private
13106,Standard,Private
13107,Standard,Private
13108,Standard,Private
13109,Good,Private
13110,Standard,Private
13111,Poor,Private
13112,Standard,Private
13113,Poor,Private
13114,Standard,Private
13115,Good,Private
13116,Standard,Private
13117,Good,Private
13118,Good,Private
13119,Poor,Private
13120,Standard,Private
13121,Standard,Private
13122,Poor,Private
13123,Good,Private
13124,Poor,Private
13125,Standard,Private
13126,Poor,Private
13127,Standard,Private
13128,Poor,Private
13129,Standard,Private
13130,Poor,Private
13131,Poor,Private
13132,Good,Private
13133,Standard,Private
13134,Standard,Private
13135,Poor,Private
13136,Standard,Private
13137,Poor,Private
13138,Poor,Private
13139,Poor,Private
13140,Poor,Private
13141,Standard,Private
13142,Good,Private
13143,Poor,Private
13144,Poor,Private
13145,Poor,Private
13146,Standard,Private
13147,Standard,Private
13148,Standard,Private
13149,Standard,Private
13150,Poor,Private
13151,Poor,Private
13152,Poor,Private
13153,Good,Private
13154,Standard,Private
13155,Poor,Private
13156,Good,Private
13157,Poor,Private
13158,Poor,Private
13159,Standard,Private
13160,Poor,Private
13161,Good,Private
13162,Standard,Private
13163,Standard,Private
13164,Poor,Private
13165,Standard,Private
13166,Standard,Private
13167,Good,Private
13168,Standard,Private
13169,Good,Private
13170,Good,Private
13171,Poor,Private
13172,Poor,Private
13173,Good,Private
13174,Poor,Private
13175,Good,Private
13176,Poor,Private
13177,Standard,Private
13178,Poor,Private
13179,Standard,Private
13180,Poor,Private
13181,Standard,Private
13182,Poor,Private
13183,Standard,Private
13184,Poor,Private
13185,Standard,Private
13186,Poor,Private
13187,Standard,Private
13188,Poor,Private
13189,Poor,Private
13190,Poor,Private
13191,Standard,Private
13192,Standard,Private
13193,Standard,Private
13194,Poor,Private
13195,Good,Private
13196,Good,Private
13197,Standard,Private
13198,Standard,Private
13199,Good,Private
13200,Standard,Private
13201,Standard,Private
13202,Standard,Private
13203,Standard,Private
13204,Standard,Private
13205,Good,Private
13206,Standard,Private
13207,Poor,Private
13208,Standard,Private
13209,Standard,Private
13210,Standard,Private
13211,Standard,Private
13212,Poor,Private
13213,Poor,Private
13214,Standard,Private
13215,Standard,Private
13216,Standard,Private
13217,Standard,Private
13218,Standard,Private
13219,Good,Private
13220,Standard,Private
13221,Poor,Private
13222,Standard,Private
13223,Good,Private
13224,Poor,Private
13225,Standard,Private
13226,Poor,Private
13227,Standard,Private
13228,Good,Private
13229,Good,Private
13230,Standard,Private
13231,Poor,Private
13232,Poor,Private
13233,Standard,Private
13234,Poor,Private
13235,Standard,Private
13236,Good,Private
13237,Standard,Private
13238,Standard,Private
13239,Standard,Private
13240,Standard,Private
13241,Standard,Private
13242,Poor,Private
13243,Standard,Private
13244,Poor,Private
13245,Standard,Private
13246,Standard,Private
13247,Standard,Private
13248,Good,Private
13249,Good,Private
13250,Good,Private
13251,Poor,Private
13252,Standard,Private
13253,Good,Private
13254,Standard,Private
13255,Standard,Private
13256,Poor,Private
13257,Poor,Private
13258,Standard,Private
13259,Poor,Private
13260,Standard,Private
13261,Standard,Private
13262,Standard,Private
13263,Standard,Private
13264,Standard,Private
13265,Standard,Private
13266,Good,Private
13267,Standard,Private
13268,Standard,Private
13269,Poor,Private
13270,Standard,Private
13271,Good,Private
13272,Standard,Private
13273,Good,Private
13274,Good,Private
13275,Standard,Private
13276,Standard,Private
13277,Poor,Private
13278,Standard,Private
13279,Standard,Private
13280,Standard,Private
13281,Standard,Private
13282,Standard,Private
13283,Good,Private
13284,Standard,Private
13285,Standard,Private
13286,Good,Private
13287,Standard,Private
13288,Standard,Private
13289,Standard,Private
13290,Standard,Private
13291,Standard,Private
13292,Poor,Private
13293,Poor,Private
13294,Standard,Private
13295,Standard,Private
13296,Poor,Private
13297,Standard,Private
13298,Standard,Private
13299,Good,Private
13300,Standard,Private
13301,Good,Private
13302,Poor,Private
13303,Standard,Private
13304,Standard,Private
13305,Poor,Private
13306,Standard,Private
13307,Standard,Private
13308,Poor,Private
13309,Poor,Private
13310,Good,Private
13311,Standard,Private
13312,Poor,Private
13313,Standard,Private
13314,Poor,Private
13315,Standard,Private
13316,Standard,Private
13317,Poor,Private
13318,Standard,Private
13319,Good,Private
13320,Standard,Private
13321,Standard,Private
13322,Poor,Private
13323,Good,Private
13324,Poor,Private
13325,Standard,Private
13326,Poor,Private
13327,Standard,Private
13328,Good,Private
13329,Standard,Private
13330,Standard,Private
13331,Poor,Private
13332,Standard,Private
13333,Standard,Private
13334,Good,Private
13335,Good,Private
13336,Standard,Private
13337,Poor,Private
13338,Standard,Private
13339,Standard,Private
13340,Good,Private
13341,Standard,Private
13342,Standard,Private
13343,Standard,Private
13344,Poor,Private
13345,Poor,Private
13346,Standard,Private
13347,Standard,Private
13348,Standard,Private
13349,Standard,Private
13350,Standard,Private
13351,Poor,Private
13352,Standard,Private
13353,Poor,Private
13354,Standard,Private
13355,Good,Private
13356,Standard,Private
13357,Standard,Private
13358,Standard,Private
13359,Standard,Private
13360,Standard,Private
13361,Good,Private
13362,Good,Private
13363,Poor,Private
13364,Standard,Private
13365,Standard,Private
13366,Standard,Private
13367,Standard,Private
13368,Standard,Private
13369,Poor,Private
13370,Standard,Private
13371,Good,Private
13372,Standard,Private
13373,Poor,Private
13374,Poor,Private
13375,Standard,Private
13376,Standard,Private
13377,Poor,Private
13378,Standard,Private
13379,Poor,Private
13380,Poor,Private
13381,Standard,Private
13382,Poor,Private
13383,Standard,Private
13384,Good,Private
13385,Standard,Private
13386,Poor,Private
13387,Standard,Private
13388,Standard,Private
13389,Good,Private
13390,Good,Private
13391,Standard,Private
13392,Standard,Private
13393,Poor,Private
13394,Standard,Private
13395,Standard,Private
13396,Poor,Private
13397,Standard,Private
13398,Standard,Private
13399,Standard,Private
13400,Standard,Private
13401,Poor,Private
13402,Standard,Private
13403,Standard,Private
13404,Poor,Private
13405,Standard,Private
13406,Standard,Private
13407,Standard,Private
13408,Good,Private
13409,Standard,Private
13410,Standard,Private
13411,Standard,Private
13412,Standard,Private
13413,Standard,Private
13414,Standard,Private
13415,Standard,Private
13416,Standard,Private
13417,Standard,Private
13418,Poor,Private
13419,Standard,Private
13420,Poor,Private
13421,Poor,Private
13422,Poor,Private
13423,Good,Private
13424,Poor,Private
13425,Standard,Private
13426,Poor,Private
13427,Standard,Private
13428,Good,Private
13429,Good,Private
13430,Poor,Private
13431,Standard,Private
13432,Standard,Private
13433,Standard,Private
13434,Good,Private
13435,Standard,Private
13436,Standard,Private
13437,Poor,Private
13438,Standard,Private
13439,Standard,Private
13440,Good,Private
13441,Standard,Private
13442,Standard,Private
13443,Poor,Private
13444,Standard,Private
13445,Standard,Private
13446,Standard,Private
13447,Poor,Private
13448,Standard,Private
13449,Standard,Private
13450,Poor,Private
13451,Standard,Private
13452,Poor,Private
13453,Standard,Private
13454,Good,Private
13455,Standard,Private
13456,Poor,Private
13457,Standard,Private
13458,Standard,Private
13459,Poor,Private
13460,Poor,Private
13461,Poor,Private
13462,Good,Private
13463,Poor,Private
13464,Standard,Private
13465,Standard,Private
13466,Standard,Private
13467,Good,Private
13468,Good,Private
13469,Standard,Private
13470,Standard,Private
13471,Poor,Private
13472,Standard,Private
13473,Good,Private
13474,Standard,Private
13475,Standard,Private
13476,Poor,Private
13477,Standard,Private
13478,Standard,Private
13479,Poor,Private
13480,Standard,Private
13481,Poor,Private
13482,Standard,Private
13483,Good,Private
13484,Standard,Private
13485,Good,Private
13486,Good,Private
13487,Standard,Private
13488,Standard,Private
13489,Poor,Private
13490,Standard,Private
13491,Good,Private
13492,Standard,Private
13493,Poor,Private
13494,Standard,Private
13495,Standard,Private
13496,Good,Private
13497,Standard,Private
13498,Standard,Private
13499,Standard,Private
13500,Poor,Private
13501,Standard,Private
13502,Good,Private
13503,Standard,Private
13504,Poor,Private
13505,Standard,Private
13506,Poor,Private
13507,Standard,Private
13508,Standard,Private
13509,Poor,Private
13510,Standard,Private
13511,Standard,Private
13512,Standard,Private
13513,Good,Private
13514,Standard,Private
13515,Standard,Private
13516,Good,Private
13517,Standard,Private
13518,Standard,Private
13519,Standard,Private
13520,Good,Private
13521,Standard,Private
13522,Standard,Private
13523,Standard,Private
13524,Standard,Private
13525,Standard,Private
13526,Standard,Private
13527,Standard,Private
13528,Standard,Private
13529,Standard,Private
13530,Good,Private
13531,Good,Private
13532,Standard,Private
13533,Poor,Private
13534,Poor,Private
13535,Standard,Private
13536,Good,Private
13537,Standard,Private
13538,Poor,Private
13539,Standard,Private
13540,Poor,Private
13541,Standard,Private
13542,Standard,Private
13543,Good,Private
13544,Standard,Private
13545,Poor,Private
13546,Standard,Private
13547,Standard,Private
13548,Standard,Private
13549,Standard,Private
13550,Standard,Private
13551,Poor,Private
13552,Standard,Private
13553,Good,Private
13554,Poor,Private
13555,Standard,Private
13556,Good,Private
13557,Good,Private
13558,Standard,Private
13559,Standard,Private
13560,Good,Private
13561,Poor,Private
13562,Standard,Private
13563,Standard,Private
13564,Standard,Private
13565,Poor,Private
13566,Poor,Private
13567,Standard,Private
13568,Standard,Private
13569,Good,Private
13570,Poor,Private
13571,Good,Private
13572,Standard,Private
13573,Poor,Private
13574,Poor,Private
13575,Good,Private
13576,Standard,Private
13577,Standard,Private
13578,Standard,Private
13579,Standard,Private
13580,Poor,Private
13581,Poor,Private
13582,Poor,Private
13583,Good,Private
13584,Poor,Private
13585,Poor,Private
13586,Poor,Private
13587,Standard,Private
13588,Poor,Private
13589,Poor,Private
13590,Poor,Private
13591,Good,Private
13592,Standard,Private
13593,Standard,Private
13594,Poor,Private
13595,Poor,Private
13596,Good,Private
13597,Poor,Private
13598,Standard,Private
13599,Good,Private
13600,Standard,Private
13601,Good,Private
13602,Poor,Private
13603,Good,Private
13604,Good,Private
13605,Standard,Private
13606,Poor,Private
13607,Standard,Private
13608,Good,Private
13609,Standard,Private
13610,Good,Private
13611,Poor,Private
13612,Standard,Private
13613,Standard,Private
13614,Standard,Private
13615,Standard,Private
13616,Standard,Private
13617,Standard,Private
13618,Poor,Private
13619,Standard,Private
13620,Good,Private
13621,Standard,Private
13622,Standard,Private
13623,Poor,Private
13624,Poor,Private
13625,Good,Private
13626,Poor,Private
13627,Poor,Private
13628,Standard,Private
13629,Standard,Private
13630,Good,Private
13631,Standard,Private
13632,Standard,Private
13633,Good,Private
13634,Standard,Private
13635,Standard,Private
13636,Poor,Private
13637,Poor,Private
13638,Poor,Private
13639,Standard,Private
13640,Standard,Private
13641,Standard,Private
13642,Standard,Private
13643,Poor,Private
13644,Standard,Private
13645,Standard,Private
13646,Standard,Private
13647,Standard,Private
13648,Standard,Private
13649,Poor,Private
13650,Standard,Private
13651,Standard,Private
13652,Standard,Private
13653,Good,Private
13654,Standard,Private
13655,Poor,Private
13656,Standard,Private
13657,Standard,Private
13658,Standard,Private
13659,Standard,Private
13660,Standard,Private
13661,Standard,Private
13662,Poor,Private
13663,Good,Private
13664,Standard,Private
13665,Poor,Private
13666,Standard,Private
13667,Good,Private
13668,Good,Private
13669,Poor,Private
13670,Standard,Private
13671,Good,Private
13672,Standard,Private
13673,Good,Private
13674,Good,Private
13675,Poor,Private
13676,Standard,Private
13677,Standard,Private
13678,Standard,Private
13679,Standard,Private
13680,Standard,Private
13681,Standard,Private
13682,Good,Private
13683,Poor,Private
13684,Standard,Private
13685,Poor,Private
13686,Standard,Private
13687,Standard,Private
13688,Good,Private
13689,Good,Private
13690,Poor,Private
13691,Poor,Private
13692,Standard,Private
13693,Standard,Private
13694,Standard,Private
13695,Standard,Private
13696,Poor,Private
13697,Standard,Private
13698,Standard,Private
13699,Standard,Private
13700,Standard,Private
13701,Standard,Private
13702,Standard,Private
13703,Good,Private
13704,Standard,Private
13705,Standard,Private
13706,Standard,Private
13707,Poor,Private
13708,Standard,Private
13709,Good,Private
13710,Standard,Private
13711,Standard,Private
13712,Standard,Private
13713,Poor,Private
13714,Standard,Private
13715,Poor,Private
13716,Poor,Private
13717,Good,Private
13718,Poor,Private
13719,Poor,Private
13720,Standard,Private
13721,Good,Private
13722,Standard,Private
13723,Standard,Private
13724,Standard,Private
13725,Poor,Private
13726,Good,Private
13727,Good,Private
13728,Good,Private
13729,Good,Private
13730,Standard,Private
13731,Standard,Private
13732,Standard,Private
13733,Standard,Private
13734,Standard,Private
13735,Standard,Private
13736,Poor,Private
13737,Good,Private
13738,Standard,Private
13739,Standard,Private
13740,Poor,Private
13741,Standard,Private
13742,Poor,Private
13743,Poor,Private
13744,Standard,Private
13745,Standard,Private
13746,Poor,Private
13747,Good,Private
13748,Standard,Private
13749,Standard,Private
13750,Standard,Private
13751,Standard,Private
13752,Poor,Private
13753,Good,Private
13754,Standard,Private
13755,Standard,Private
13756,Poor,Private
13757,Good,Private
13758,Poor,Private
13759,Standard,Private
13760,Poor,Private
13761,Standard,Private
13762,Good,Private
13763,Standard,Private
13764,Good,Private
13765,Standard,Private
13766,Good,Private
13767,Standard,Private
13768,Poor,Private
13769,Poor,Private
13770,Standard,Private
13771,Poor,Private
13772,Good,Private
13773,Poor,Private
13774,Good,Private
13775,Standard,Private
13776,Standard,Private
13777,Standard,Private
13778,Poor,Private
13779,Standard,Private
13780,Good,Private
13781,Poor,Private
13782,Standard,Private
13783,Standard,Private
13784,Standard,Private
13785,Good,Private
13786,Standard,Private
13787,Poor,Private
13788,Poor,Private
13789,Standard,Private
13790,Good,Private
13791,Poor,Private
13792,Standard,Private
13793,Good,Private
13794,Standard,Private
13795,Poor,Private
13796,Standard,Private
13797,Standard,Private
13798,Poor,Private
13799,Poor,Private
13800,Good,Private
13801,Good,Private
13802,Good,Private
13803,Standard,Private
13804,Poor,Private
13805,Poor,Private
13806,Good,Private
13807,Standard,Private
13808,Standard,Private
13809,Standard,Private
13810,Standard,Private
13811,Standard,Private
13812,Good,Private
13813,Poor,Private
13814,Standard,Private
13815,Poor,Private
13816,Standard,Private
13817,Poor,Private
13818,Standard,Private
13819,Standard,Private
13820,Standard,Private
13821,Good,Private
13822,Standard,Private
13823,Standard,Private
13824,Good,Private
13825,Standard,Private
13826,Poor,Private
13827,Poor,Private
13828,Good,Private
13829,Standard,Private
13830,Poor,Private
13831,Poor,Private
13832,Standard,Private
13833,Poor,Private
13834,Poor,Private
13835,Poor,Private
13836,Standard,Private
13837,Good,Private
13838,Good,Private
13839,Standard,Private
13840,Standard,Private
13841,Standard,Private
13842,Standard,Private
13843,Standard,Private
13844,Poor,Private
13845,Standard,Private
13846,Poor,Private
13847,Poor,Private
13848,Standard,Private
13849,Standard,Private
13850,Standard,Private
13851,Good,Private
13852,Standard,Private
13853,Poor,Private
13854,Poor,Private
13855,Poor,Private
13856,Standard,Private
13857,Poor,Private
13858,Standard,Private
13859,Poor,Private
13860,Good,Private
13861,Standard,Private
13862,Poor,Private
13863,Standard,Private
13864,Standard,Private
13865,Standard,Private
13866,Poor,Private
13867,Poor,Private
13868,Good,Private
13869,Poor,Private
13870,Good,Private
13871,Poor,Private
13872,Poor,Private
13873,Standard,Private
13874,Standard,Private
13875,Poor,Private
13876,Poor,Private
13877,Good,Private
13878,Poor,Private
13879,Poor,Private
13880,Poor,Private
13881,Good,Private
13882,Good,Private
13883,Poor,Private
13884,Standard,Private
13885,Standard,Private
13886,Standard,Private
13887,Standard,Private
13888,Standard,Private
13889,Standard,Private
13890,Standard,Private
13891,Poor,Private
13892,Good,Private
13893,Poor,Private
13894,Poor,Private
13895,Standard,Private
13896,Good,Private
13897,Standard,Private
13898,Poor,Private
13899,Poor,Private
13900,Standard,Private
13901,Standard,Private
13902,Standard,Private
13903,Standard,Private
13904,Poor,Private
13905,Good,Private
13906,Standard,Private
13907,Standard,Private
13908,Standard,Private
13909,Good,Private
13910,Standard,Private
13911,Good,Private
13912,Standard,Private
13913,Standard,Private
13914,Standard,Private
13915,Standard,Private
13916,Standard,Private
13917,Poor,Private
13918,Good,Private
13919,Standard,Private
13920,Poor,Private
13921,Standard,Private
13922,Good,Private
13923,Standard,Private
13924,Standard,Private
13925,Poor,Private
13926,Poor,Private
13927,Poor,Private
13928,Standard,Private
13929,Standard,Private
13930,Standard,Private
13931,Standard,Private
13932,Good,Private
13933,Poor,Private
13934,Poor,Private
13935,Poor,Private
13936,Good,Private
13937,Good,Private
13938,Poor,Private
13939,Standard,Private
13940,Poor,Private
13941,Poor,Private
13942,Standard,Private
13943,Poor,Private
13944,Good,Private
13945,Standard,Private
13946,Poor,Private
13947,Poor,Private
13948,Poor,Private
13949,Standard,Private
13950,Poor,Private
13951,Good,Private
13952,Standard,Private
13953,Standard,Private
13954,Poor,Private
13955,Standard,Private
13956,Standard,Private
13957,Poor,Private
13958,Standard,Private
13959,Poor,Private
13960,Poor,Private
13961,Standard,Private
13962,Good,Private
13963,Standard,Private
13964,Poor,Private
13965,Good,Private
13966,Standard,Private
13967,Standard,Private
13968,Poor,Private
13969,Standard,Private
13970,Standard,Private
13971,Poor,Private
13972,Standard,Private
13973,Standard,Private
13974,Standard,Private
13975,Standard,Private
13976,Poor,Private
13977,Standard,Private
13978,Good,Private
13979,Standard,Private
13980,Poor,Private
13981,Poor,Private
13982,Standard,Private
13983,Poor,Private
13984,Standard,Private
13985,Standard,Private
13986,Good,Private
13987,Good,Private
13988,Standard,Private
13989,Standard,Private
13990,Standard,Private
13991,Standard,Private
13992,Standard,Private
13993,Good,Private
13994,Standard,Private
13995,Poor,Private
13996,Poor,Private
13997,Good,Private
13998,Poor,Private
13999,Standard,Private
14000,Good,Private
14001,Poor,Private
14002,Poor,Private
14003,Poor,Private
14004,Standard,Private
14005,Standard,Private
14006,Standard,Private
14007,Good,Private
14008,Standard,Private
14009,Poor,Private
14010,Poor,Private
14011,Standard,Private
14012,Standard,Private
14013,Poor,Private
14014,Standard,Private
14015,Good,Private
14016,Poor,Private
14017,Poor,Private
14018,Standard,Private
14019,Poor,Private
14020,Poor,Private
14021,Standard,Private
14022,Poor,Private
14023,Poor,Private
14024,Poor,Private
14025,Good,Private
14026,Poor,Private
14027,Standard,Private
14028,Standard,Private
14029,Standard,Private
14030,Standard,Private
14031,Standard,Private
14032,Standard,Private
14033,Poor,Private
14034,Good,Private
14035,Standard,Private
14036,Poor,Private
14037,Standard,Private
14038,Poor,Private
14039,Poor,Private
14040,Standard,Private
14041,Standard,Private
14042,Poor,Private
14043,Standard,Private
14044,Standard,Private
14045,Good,Private
14046,Poor,Private
14047,Standard,Private
14048,Standard,Private
14049,Poor,Private
14050,Standard,Private
14051,Standard,Private
14052,Poor,Private
14053,Standard,Private
14054,Poor,Private
14055,Standard,Private
14056,Standard,Private
14057,Poor,Private
14058,Standard,Private
14059,Poor,Private
14060,Good,Private
14061,Standard,Private
14062,Standard,Private
14063,Standard,Private
14064,Standard,Private
14065,Standard,Private
14066,Standard,Private
14067,Good,Private
14068,Standard,Private
14069,Good,Private
14070,Standard,Private
14071,Standard,Private
14072,Standard,Private
14073,Poor,Private
14074,Good,Private
14075,Standard,Private
14076,Standard,Private
14077,Standard,Private
14078,Standard,Private
14079,Standard,Private
14080,Good,Private
14081,Standard,Private
14082,Standard,Private
14083,Poor,Private
14084,Good,Private
14085,Poor,Private
14086,Poor,Private
14087,Poor,Private
14088,Standard,Private
14089,Good,Private
14090,Poor,Private
14091,Standard,Private
14092,Poor,Private
14093,Standard,Private
14094,Standard,Private
14095,Poor,Private
14096,Standard,Private
14097,Standard,Private
14098,Standard,Private
14099,Standard,Private
14100,Standard,Private
14101,Standard,Private
14102,Standard,Private
14103,Standard,Private
14104,Poor,Private
14105,Poor,Private
14106,Poor,Private
14107,Good,Private
14108,Standard,Private
14109,Good,Private
14110,Poor,Private
14111,Standard,Private
14112,Good,Private
14113,Poor,Private
14114,Good,Private
14115,Standard,Private
14116,Standard,Private
14117,Good,Private
14118,Standard,Private
14119,Poor,Private
14120,Standard,Private
14121,Poor,Private
14122,Good,Private
14123,Poor,Private
14124,Poor,Private
14125,Standard,Private
14126,Standard,Private
14127,Standard,Private
14128,Standard,Private
14129,Standard,Private
14130,Standard,Private
14131,Standard,Private
14132,Good,Private
14133,Good,Private
14134,Standard,Private
14135,Standard,Private
14136,Poor,Private
14137,Standard,Private
14138,Poor,Private
14139,Standard,Private
14140,Good,Private
14141,Good,Private
14142,Standard,Private
14143,Poor,Private
14144,Standard,Private
14145,Standard,Private
14146,Poor,Private
14147,Standard,Private
14148,Good,Private
14149,Standard,Private
14150,Standard,Private
14151,Poor,Private
14152,Poor,Private
14153,Poor,Private
14154,Poor,Private
14155,Standard,Private
14156,Poor,Private
14157,Standard,Private
14158,Standard,Private
14159,Poor,Private
14160,Good,Private
14161,Poor,Private
14162,Poor,Private
14163,Standard,Private
14164,Poor,Private
14165,Standard,Private
14166,Standard,Private
14167,Standard,Private
14168,Standard,Private
14169,Poor,Private
14170,Poor,Private
14171,Standard,Private
14172,Poor,Private
14173,Standard,Private
14174,Poor,Private
14175,Good,Private
14176,Good,Private
14177,Standard,Private
14178,Good,Private
14179,Standard,Private
14180,Standard,Private
14181,Standard,Private
14182,Standard,Private
14183,Poor,Private
14184,Standard,Private
14185,Poor,Private
14186,Poor,Private
14187,Standard,Private
14188,Poor,Private
14189,Poor,Private
14190,Standard,Private
14191,Standard,Private
14192,Good,Private
14193,Standard,Private
14194,Standard,Private
14195,Standard,Private
14196,Poor,Private
14197,Standard,Private
14198,Poor,Private
14199,Standard,Private
14200,Standard,Private
14201,Good,Private
14202,Poor,Private
14203,Standard,Private
14204,Standard,Private
14205,Standard,Private
14206,Standard,Private
14207,Good,Private
14208,Standard,Private
14209,Good,Private
14210,Standard,Private
14211,Poor,Private
14212,Poor,Private
14213,Standard,Private
14214,Standard,Private
14215,Poor,Private
14216,Poor,Private
14217,Good,Private
14218,Standard,Private
14219,Standard,Private
14220,Poor,Private
14221,Standard,Private
14222,Standard,Private
14223,Standard,Private
14224,Standard,Private
14225,Poor,Private
14226,Standard,Private
14227,Standard,Private
14228,Poor,Private
14229,Standard,Private
14230,Standard,Private
14231,Standard,Private
14232,Standard,Private
14233,Standard,Private
14234,Standard,Private
14235,Good,Private
14236,Standard,Private
14237,Poor,Private
14238,Standard,Private
14239,Poor,Private
14240,Poor,Private
14241,Standard,Private
14242,Standard,Private
14243,Standard,Private
14244,Poor,Private
14245,Standard,Private
14246,Standard,Private
14247,Poor,Private
14248,Standard,Private
14249,Poor,Private
14250,Good,Private
14251,Standard,Private
14252,Standard,Private
14253,Standard,Private
14254,Good,Private
14255,Standard,Private
14256,Standard,Private
14257,Standard,Private
14258,Standard,Private
14259,Poor,Private
14260,Poor,Private
14261,Standard,Private
14262,Good,Private
14263,Standard,Private
14264,Standard,Private
14265,Standard,Private
14266,Standard,Private
14267,Standard,Private
14268,Standard,Private
14269,Standard,Private
14270,Poor,Private
14271,Good,Private
14272,Standard,Private
14273,Standard,Private
14274,Standard,Private
14275,Poor,Private
14276,Poor,Private
14277,Standard,Private
14278,Good,Private
14279,Poor,Private
14280,Good,Private
14281,Poor,Private
14282,Poor,Private
14283,Standard,Private
14284,Standard,Private
14285,Poor,Private
14286,Good,Private
14287,Standard,Private
14288,Standard,Private
14289,Standard,Private
14290,Good,Private
14291,Standard,Private
14292,Good,Private
14293,Good,Private
14294,Poor,Private
14295,Poor,Private
14296,Standard,Private
14297,Standard,Private
14298,Poor,Private
14299,Standard,Private
14300,Standard,Private
14301,Poor,Private
14302,Poor,Private
14303,Standard,Private
14304,Poor,Private
14305,Poor,Private
14306,Standard,Private
14307,Poor,Private
14308,Good,Private
14309,Standard,Private
14310,Standard,Private
14311,Poor,Private
14312,Standard,Private
14313,Standard,Private
14314,Standard,Private
14315,Standard,Private
14316,Standard,Private
14317,Standard,Private
14318,Standard,Private
14319,Poor,Private
14320,Standard,Private
14321,Standard,Private
14322,Good,Private
14323,Standard,Private
14324,Standard,Private
14325,Standard,Private
14326,Standard,Private
14327,Poor,Private
14328,Standard,Private
14329,Standard,Private
14330,Standard,Private
14331,Standard,Private
14332,Standard,Private
14333,Poor,Private
14334,Poor,Private
14335,Standard,Private
14336,Poor,Private
14337,Poor,Private
14338,Standard,Private
14339,Poor,Private
14340,Poor,Private
14341,Standard,Private
14342,Standard,Private
14343,Good,Private
14344,Standard,Private
14345,Poor,Private
14346,Poor,Private
14347,Poor,Private
14348,Good,Private
14349,Standard,Private
14350,Standard,Private
14351,Standard,Private
14352,Standard,Private
14353,Good,Private
14354,Good,Private
14355,Poor,Private
14356,Standard,Private
14357,Standard,Private
14358,Standard,Private
14359,Standard,Private
14360,Standard,Private
14361,Standard,Private
14362,Standard,Private
14363,Standard,Private
14364,Poor,Private
14365,Poor,Private
14366,Standard,Private
14367,Good,Private
14368,Standard,Private
14369,Good,Private
14370,Standard,Private
14371,Standard,Private
14372,Poor,Private
14373,Poor,Private
14374,Standard,Private
14375,Standard,Private
14376,Standard,Private
14377,Poor,Private
14378,Good,Private
14379,Standard,Private
14380,Poor,Private
14381,Standard,Private
14382,Standard,Private
14383,Standard,Private
14384,Standard,Private
14385,Standard,Private
14386,Standard,Private
14387,Poor,Private
14388,Standard,Private
14389,Standard,Private
14390,Good,Private
14391,Good,Private
14392,Standard,Private
14393,Poor,Private
14394,Standard,Private
14395,Poor,Private
14396,Poor,Private
14397,Good,Private
14398,Standard,Private
14399,Standard,Private
14400,Standard,Private
14401,Standard,Private
14402,Standard,Private
14403,Standard,Private
14404,Standard,Private
14405,Poor,Private
14406,Poor,Private
14407,Standard,Private
14408,Standard,Private
14409,Standard,Private
14410,Poor,Private
14411,Poor,Private
14412,Poor,Private
14413,Standard,Private
14414,Poor,Private
14415,Poor,Private
14416,Poor,Private
14417,Standard,Private
14418,Standard,Private
14419,Standard,Private
14420,Poor,Private
14421,Standard,Private
14422,Good,Private
14423,Poor,Private
14424,Standard,Private
14425,Good,Private
14426,Standard,Private
14427,Standard,Private
14428,Poor,Private
14429,Good,Private
14430,Poor,Private
14431,Good,Private
14432,Standard,Private
14433,Poor,Private
14434,Good,Private
14435,Good,Private
14436,Standard,Private
14437,Standard,Private
14438,Standard,Private
14439,Standard,Private
14440,Poor,Private
14441,Good,Private
14442,Poor,Private
14443,Standard,Private
14444,Poor,Private
14445,Poor,Private
14446,Poor,Private
14447,Poor,Private
14448,Standard,Private
14449,Standard,Private
14450,Good,Private
14451,Poor,Private
14452,Standard,Private
14453,Good,Private
14454,Standard,Private
14455,Standard,Private
14456,Standard,Private
14457,Standard,Private
14458,Standard,Private
14459,Good,Private
14460,Standard,Private
14461,Standard,Private
14462,Poor,Private
14463,Poor,Private
14464,Poor,Private
14465,Standard,Private
14466,Standard,Private
14467,Poor,Private
14468,Standard,Private
14469,Standard,Private
14470,Poor,Private
14471,Standard,Private
14472,Good,Private
14473,Standard,Private
14474,Poor,Private
14475,Good,Private
14476,Poor,Private
14477,Poor,Private
14478,Poor,Private
14479,Good,Private
14480,Standard,Private
14481,Standard,Private
14482,Poor,Private
14483,Poor,Private
14484,Poor,Private
14485,Standard,Private
14486,Standard,Private
14487,Standard,Private
14488,Standard,Private
14489,Standard,Private
14490,Poor,Private
14491,Standard,Private
14492,Standard,Private
14493,Good,Private
14494,Standard,Private
14495,Standard,Private
14496,Good,Private
14497,Standard,Private
14498,Poor,Private
14499,Good,Private
14500,Standard,Private
14501,Standard,Private
14502,Poor,Private
14503,Poor,Private
14504,Good,Private
14505,Good,Private
14506,Poor,Private
14507,Standard,Private
14508,Poor,Private
14509,Good,Private
14510,Standard,Private
14511,Poor,Private
14512,Standard,Private
14513,Good,Private
14514,Good,Private
14515,Poor,Private
14516,Good,Private
14517,Standard,Private
14518,Poor,Private
14519,Standard,Private
14520,Standard,Private
14521,Standard,Private
14522,Standard,Private
14523,Poor,Private
14524,Standard,Private
14525,Good,Private
14526,Standard,Private
14527,Poor,Private
14528,Poor,Private
14529,Standard,Private
14530,Standard,Private
14531,Standard,Private
14532,Standard,Private
14533,Standard,Private
14534,Standard,Private
14535,Poor,Private
14536,Standard,Private
14537,Poor,Private
14538,Good,Private
14539,Standard,Private
14540,Standard,Private
14541,Poor,Private
14542,Poor,Private
14543,Standard,Private
14544,Standard,Private
14545,Good,Private
14546,Standard,Private
14547,Standard,Private
14548,Good,Private
14549,Standard,Private
14550,Standard,Private
14551,Poor,Private
14552,Poor,Private
14553,Poor,Private
14554,Good,Private
14555,Poor,Private
14556,Standard,Private
14557,Poor,Private
14558,Standard,Private
14559,Standard,Private
14560,Standard,Private
14561,Standard,Private
14562,Poor,Private
14563,Poor,Private
14564,Good,Private
14565,Poor,Private
14566,Good,Private
14567,Poor,Private
14568,Poor,Private
14569,Standard,Private
14570,Poor,Private
14571,Good,Private
14572,Standard,Private
14573,Standard,Private
14574,Poor,Private
14575,Standard,Private
14576,Standard,Private
14577,Standard,Private
14578,Poor,Private
14579,Standard,Private
14580,Standard,Private
14581,Standard,Private
14582,Standard,Private
14583,Standard,Private
14584,Standard,Private
14585,Poor,Private
14586,Standard,Private
14587,Standard,Private
14588,Poor,Private
14589,Standard,Private
14590,Standard,Private
14591,Standard,Private
14592,Good,Private
14593,Good,Private
14594,Standard,Private
14595,Standard,Private
14596,Standard,Private
14597,Standard,Private
14598,Good,Private
14599,Standard,Private
14600,Good,Private
14601,Standard,Private
14602,Standard,Private
14603,Poor,Private
14604,Good,Private
14605,Good,Private
14606,Poor,Private
14607,Standard,Private
14608,Standard,Private
14609,Good,Private
14610,Standard,Private
14611,Good,Private
14612,Poor,Private
14613,Standard,Private
14614,Good,Private
14615,Poor,Private
14616,Poor,Private
14617,Poor,Private
14618,Poor,Private
14619,Standard,Private
14620,Standard,Private
14621,Good,Private
14622,Standard,Private
14623,Standard,Private
14624,Good,Private
14625,Standard,Private
14626,Poor,Private
14627,Good,Private
14628,Standard,Private
14629,Good,Private
14630,Standard,Private
14631,Standard,Private
14632,Standard,Private
14633,Poor,Private
14634,Standard,Private
14635,Standard,Private
14636,Poor,Private
14637,Poor,Private
14638,Poor,Private
14639,Standard,Private
14640,Standard,Private
14641,Good,Private
14642,Poor,Private
14643,Poor,Private
14644,Standard,Private
14645,Standard,Private
14646,Good,Private
14647,Good,Private
14648,Standard,Private
14649,Standard,Private
14650,Poor,Private
14651,Poor,Private
14652,Poor,Private
14653,Good,Private
14654,Poor,Private
14655,Good,Private
14656,Poor,Private
14657,Standard,Private
14658,Good,Private
14659,Good,Private
14660,Poor,Private
14661,Good,Private
14662,Standard,Private
14663,Standard,Private
14664,Poor,Private
14665,Poor,Private
14666,Standard,Private
14667,Poor,Private
14668,Good,Private
14669,Poor,Private
14670,Poor,Private
14671,Poor,Private
14672,Standard,Private
14673,Standard,Private
14674,Standard,Private
14675,Poor,Private
14676,Poor,Private
14677,Poor,Private
14678,Good,Private
14679,Standard,Private
14680,Standard,Private
14681,Good,Private
14682,Standard,Private
14683,Good,Private
14684,Standard,Private
14685,Standard,Private
14686,Poor,Private
14687,Standard,Private
14688,Standard,Private
14689,Standard,Private
14690,Poor,Private
14691,Standard,Private
14692,Standard,Private
14693,Poor,Private
14694,Standard,Private
14695,Standard,Private
14696,Standard,Private
14697,Standard,Private
14698,Standard,Private
14699,Good,Private
14700,Standard,Private
14701,Standard,Private
14702,Poor,Private
14703,Poor,Private
14704,Standard,Private
14705,Poor,Private
14706,Standard,Private
14707,Standard,Private
14708,Standard,Private
14709,Standard,Private
14710,Standard,Private
14711,Standard,Private
14712,Standard,Private
14713,Standard,Private
14714,Standard,Private
14715,Good,Private
14716,Standard,Private
14717,Standard,Private
14718,Good,Private
14719,Standard,Private
14720,Standard,Private
14721,Standard,Private
14722,Standard,Private
14723,Good,Private
14724,Poor,Private
14725,Standard,Private
14726,Standard,Private
14727,Poor,Private
14728,Standard,Private
14729,Standard,Private
14730,Standard,Private
14731,Standard,Private
14732,Poor,Private
14733,Standard,Private
14734,Standard,Private
14735,Standard,Private
14736,Good,Private
14737,Poor,Private
14738,Standard,Private
14739,Standard,Private
14740,Standard,Private
14741,Poor,Private
14742,Standard,Private
14743,Standard,Private
14744,Standard,Private
14745,Good,Private
14746,Poor,Private
14747,Standard,Private
14748,Poor,Private
14749,Standard,Private
14750,Good,Private
14751,Standard,Private
14752,Standard,Private
14753,Poor,Private
14754,Standard,Private
14755,Standard,Private
14756,Poor,Private
14757,Standard,Private
14758,Standard,Private
14759,Poor,Private
14760,Good,Private
14761,Standard,Private
14762,Poor,Private
14763,Standard,Private
14764,Standard,Private
14765,Good,Private
14766,Standard,Private
14767,Poor,Private
14768,Poor,Private
14769,Standard,Private
14770,Standard,Private
14771,Good,Private
14772,Standard,Private
14773,Standard,Private
14774,Standard,Private
14775,Poor,Private
14776,Poor,Private
14777,Standard,Private
14778,Standard,Private
14779,Standard,Private
14780,Poor,Private
14781,Standard,Private
14782,Good,Private
14783,Good,Private
14784,Standard,Private
14785,Poor,Private
14786,Good,Private
14787,Poor,Private
14788,Standard,Private
14789,Standard,Private
14790,Good,Private
14791,Good,Private
14792,Standard,Private
14793,Poor,Private
14794,Standard,Private
14795,Good,Private
14796,Standard,Private
14797,Standard,Private
14798,Good,Private
14799,Poor,Private
14800,Standard,Private
14801,Poor,Private
14802,Standard,Private
14803,Poor,Private
14804,Poor,Private
14805,Good,Private
14806,Poor,Private
14807,Standard,Private
14808,Good,Private
14809,Standard,Private
14810,Good,Private
14811,Good,Private
14812,Standard,Private
14813,Poor,Private
14814,Poor,Private
14815,Poor,Private
14816,Standard,Private
14817,Standard,Private
14818,Standard,Private
14819,Poor,Private
14820,Standard,Private
14821,Standard,Private
14822,Poor,Private
14823,Standard,Private
14824,Standard,Private
14825,Poor,Private
14826,Standard,Private
14827,Standard,Private
14828,Good,Private
14829,Poor,Private
14830,Poor,Private
14831,Standard,Private
14832,Standard,Private
14833,Standard,Private
14834,Standard,Private
14835,Standard,Private
14836,Poor,Private
14837,Standard,Private
14838,Good,Private
14839,Standard,Private
14840,Poor,Private
14841,Good,Private
14842,Good,Private
14843,Poor,Private
14844,Standard,Private
14845,Standard,Private
14846,Good,Private
14847,Poor,Private
14848,Poor,Private
14849,Standard,Private
14850,Standard,Private
14851,Standard,Private
14852,Good,Private
14853,Standard,Private
14854,Poor,Private
14855,Poor,Private
14856,Standard,Private
14857,Standard,Private
14858,Standard,Private
14859,Standard,Private
14860,Standard,Private
14861,Poor,Private
14862,Poor,Private
14863,Standard,Private
14864,Poor,Private
14865,Standard,Private
14866,Poor,Private
14867,Poor,Private
14868,Good,Private
14869,Standard,Private
14870,Good,Private
14871,Standard,Private
14872,Good,Private
14873,Poor,Private
14874,Poor,Private
14875,Poor,Private
14876,Standard,Private
14877,Standard,Private
14878,Standard,Private
14879,Standard,Private
14880,Standard,Private
14881,Poor,Private
14882,Poor,Private
14883,Poor,Private
14884,Standard,Private
14885,Poor,Private
14886,Standard,Private
14887,Poor,Private
14888,Standard,Private
14889,Good,Private
14890,Standard,Private
14891,Poor,Private
14892,Standard,Private
14893,Poor,Private
14894,Standard,Private
14895,Standard,Private
14896,Standard,Private
14897,Standard,Private
14898,Standard,Private
14899,Standard,Private
14900,Standard,Private
14901,Standard,Private
14902,Standard,Private
14903,Standard,Private
14904,Standard,Private
14905,Standard,Private
14906,Standard,Private
14907,Poor,Private
14908,Standard,Private
14909,Standard,Private
14910,Standard,Private
14911,Poor,Private
14912,Standard,Private
14913,Good,Private
14914,Standard,Private
14915,Standard,Private
14916,Good,Private
14917,Standard,Private
14918,Standard,Private
14919,Standard,Private
14920,Standard,Private
14921,Standard,Private
14922,Standard,Private
14923,Good,Private
14924,Standard,Private
14925,Standard,Private
14926,Poor,Private
14927,Standard,Private
14928,Standard,Private
14929,Good,Private
14930,Poor,Private
14931,Standard,Private
14932,Good,Private
14933,Poor,Private
14934,Poor,Private
14935,Standard,Private
14936,Standard,Private
14937,Standard,Private
14938,Standard,Private
14939,Poor,Private
14940,Standard,Private
14941,Standard,Private
14942,Standard,Private
14943,Standard,Private
14944,Good,Private
14945,Standard,Private
14946,Poor,Private
14947,Poor,Private
14948,Standard,Private
14949,Poor,Private
14950,Standard,Private
14951,Poor,Private
14952,Poor,Private
14953,Standard,Private
14954,Standard,Private
14955,Standard,Private
14956,Poor,Private
14957,Good,Private
14958,Poor,Private
14959,Poor,Private
14960,Poor,Private
14961,Good,Private
14962,Good,Private
14963,Standard,Private
14964,Poor,Private
14965,Standard,Private
14966,Standard,Private
14967,Standard,Private
14968,Poor,Private
14969,Standard,Private
14970,Standard,Private
14971,Poor,Private
14972,Good,Private
14973,Standard,Private
14974,Standard,Private
14975,Good,Private
14976,Standard,Private
14977,Standard,Private
14978,Standard,Private
14979,Poor,Private
14980,Standard,Private
14981,Poor,Private
14982,Poor,Private
14983,Poor,Private
14984,Good,Private
14985,Standard,Private
14986,Standard,Private
14987,Poor,Private
14988,Standard,Private
14989,Poor,Private
14990,Standard,Private
14991,Poor,Private
14992,Standard,Private
14993,Poor,Private
14994,Good,Private
14995,Poor,Private
14996,Standard,Private
14997,Good,Private
14998,Good,Private
14999,Standard,Private
15000,Poor,Private
15001,Poor,Private
15002,Standard,Private
15003,Standard,Private
15004,Standard,Private
15005,Standard,Private
15006,Standard,Private
15007,Standard,Private
15008,Poor,Private
15009,Good,Private
15010,Standard,Private
15011,Standard,Private
15012,Standard,Private
15013,Poor,Private
15014,Standard,Private
15015,Poor,Private
15016,Standard,Private
15017,Poor,Private
15018,Good,Private
15019,Standard,Private
15020,Poor,Private
15021,Standard,Private
15022,Standard,Private
15023,Good,Private
15024,Standard,Private
15025,Standard,Private
15026,Standard,Private
15027,Standard,Private
15028,Standard,Private
15029,Standard,Private
15030,Good,Private
15031,Poor,Private
15032,Standard,Private
15033,Good,Private
15034,Standard,Private
15035,Poor,Private
15036,Standard,Private
15037,Poor,Private
15038,Poor,Private
15039,Standard,Private
15040,Poor,Private
15041,Standard,Private
15042,Standard,Private
15043,Poor,Private
15044,Standard,Private
15045,Good,Private
15046,Good,Private
15047,Standard,Private
15048,Good,Private
15049,Good,Private
15050,Poor,Private
15051,Standard,Private
15052,Standard,Private
15053,Poor,Private
15054,Standard,Private
15055,Standard,Private
15056,Standard,Private
15057,Standard,Private
15058,Good,Private
15059,Standard,Private
15060,Standard,Private
15061,Good,Private
15062,Good,Private
15063,Standard,Private
15064,Good,Private
15065,Standard,Private
15066,Poor,Private
15067,Good,Private
15068,Standard,Private
15069,Standard,Private
15070,Poor,Private
15071,Standard,Private
15072,Good,Private
15073,Poor,Private
15074,Standard,Private
15075,Poor,Private
15076,Standard,Private
15077,Standard,Private
15078,Standard,Private
15079,Good,Private
15080,Good,Private
15081,Poor,Private
15082,Standard,Private
15083,Standard,Private
15084,Poor,Private
15085,Poor,Private
15086,Poor,Private
15087,Standard,Private
15088,Poor,Private
15089,Standard,Private
15090,Poor,Private
15091,Standard,Private
15092,Poor,Private
15093,Standard,Private
15094,Standard,Private
15095,Good,Private
15096,Good,Private
15097,Standard,Private
15098,Standard,Private
15099,Poor,Private
15100,Standard,Private
15101,Standard,Private
15102,Standard,Private
15103,Poor,Private
15104,Standard,Private
15105,Standard,Private
15106,Poor,Private
15107,Standard,Private
15108,Good,Private
15109,Standard,Private
15110,Standard,Private
15111,Poor,Private
15112,Poor,Private
15113,Standard,Private
15114,Standard,Private
15115,Good,Private
15116,Poor,Private
15117,Good,Private
15118,Poor,Private
15119,Poor,Private
15120,Standard,Private
15121,Poor,Private
15122,Poor,Private
15123,Poor,Private
15124,Standard,Private
15125,Poor,Private
15126,Standard,Private
15127,Standard,Private
15128,Good,Private
15129,Standard,Private
15130,Standard,Private
15131,Standard,Private
15132,Standard,Private
15133,Standard,Private
15134,Poor,Private
15135,Poor,Private
15136,Good,Private
15137,Standard,Private
15138,Good,Private
15139,Poor,Private
15140,Poor,Private
15141,Good,Private
15142,Poor,Private
15143,Standard,Private
15144,Poor,Private
15145,Standard,Private
15146,Standard,Private
15147,Standard,Private
15148,Standard,Private
15149,Poor,Private
15150,Poor,Private
15151,Standard,Private
15152,Standard,Private
15153,Good,Private
15154,Standard,Private
15155,Standard,Private
15156,Standard,Private
15157,Poor,Private
15158,Poor,Private
15159,Standard,Private
15160,Poor,Private
15161,Standard,Private
15162,Standard,Private
15163,Poor,Private
15164,Standard,Private
15165,Poor,Private
15166,Standard,Private
15167,Standard,Private
15168,Standard,Private
15169,Standard,Private
15170,Standard,Private
15171,Poor,Private
15172,Standard,Private
15173,Poor,Private
15174,Standard,Private
15175,Good,Private
15176,Good,Private
15177,Good,Private
15178,Good,Private
15179,Standard,Private
15180,Poor,Private
15181,Poor,Private
15182,Standard,Private
15183,Standard,Private
15184,Standard,Private
15185,Standard,Private
15186,Standard,Private
15187,Standard,Private
15188,Poor,Private
15189,Standard,Private
15190,Poor,Private
15191,Poor,Private
15192,Poor,Private
15193,Standard,Private
15194,Poor,Private
15195,Standard,Private
15196,Standard,Private
15197,Standard,Private
15198,Good,Private
15199,Good,Private
15200,Good,Private
15201,Poor,Private
15202,Poor,Private
15203,Poor,Private
15204,Poor,Private
15205,Standard,Private
15206,Poor,Private
15207,Standard,Private
15208,Standard,Private
15209,Standard,Private
15210,Poor,Private
15211,Poor,Private
15212,Poor,Private
15213,Poor,Private
15214,Standard,Private
15215,Standard,Private
15216,Good,Private
15217,Standard,Private
15218,Standard,Private
15219,Poor,Private
15220,Poor,Private
15221,Standard,Private
15222,Standard,Private
15223,Standard,Private
15224,Good,Private
15225,Standard,Private
15226,Standard,Private
15227,Standard,Private
15228,Poor,Private
15229,Poor,Private
15230,Poor,Private
15231,Standard,Private
15232,Good,Private
15233,Standard,Private
15234,Standard,Private
15235,Poor,Private
15236,Standard,Private
15237,Standard,Private
15238,Poor,Private
15239,Standard,Private
15240,Standard,Private
15241,Good,Private
15242,Poor,Private
15243,Good,Private
15244,Standard,Private
15245,Poor,Private
15246,Standard,Private
15247,Standard,Private
15248,Standard,Private
15249,Good,Private
15250,Good,Private
15251,Poor,Private
15252,Good,Private
15253,Standard,Private
15254,Good,Private
15255,Standard,Private
15256,Standard,Private
15257,Standard,Private
15258,Standard,Private
15259,Poor,Private
15260,Standard,Private
15261,Standard,Private
15262,Good,Private
15263,Standard,Private
15264,Standard,Private
15265,Standard,Private
15266,Standard,Private
15267,Good,Private
15268,Standard,Private
15269,Good,Private
15270,Poor,Private
15271,Good,Private
15272,Good,Private
15273,Standard,Private
15274,Standard,Private
15275,Good,Private
15276,Poor,Private
15277,Standard,Private
15278,Poor,Private
15279,Standard,Private
15280,Standard,Private
15281,Standard,Private
15282,Standard,Private
15283,Good,Private
15284,Poor,Private
15285,Standard,Private
15286,Standard,Private
15287,Poor,Private
15288,Standard,Private
15289,Poor,Private
15290,Poor,Private
15291,Standard,Private
15292,Standard,Private
15293,Standard,Private
15294,Standard,Private
15295,Good,Private
15296,Poor,Private
15297,Standard,Private
15298,Standard,Private
15299,Poor,Private
15300,Standard,Private
15301,Standard,Private
15302,Poor,Private
15303,Standard,Private
15304,Standard,Private
15305,Poor,Private
15306,Poor,Private
15307,Poor,Private
15308,Poor,Private
15309,Poor,Private
15310,Standard,Private
15311,Poor,Private
15312,Poor,Private
15313,Good,Private
15314,Poor,Private
15315,Standard,Private
15316,Poor,Private
15317,Poor,Private
15318,Standard,Private
15319,Standard,Private
15320,Poor,Private
15321,Poor,Private
15322,Poor,Private
15323,Poor,Private
15324,Poor,Private
15325,Standard,Private
15326,Poor,Private
15327,Standard,Private
15328,Poor,Private
15329,Standard,Private
15330,Standard,Private
15331,Good,Private
15332,Poor,Private
15333,Poor,Private
15334,Good,Private
15335,Standard,Private
15336,Standard,Private
15337,Good,Private
15338,Standard,Private
15339,Standard,Private
15340,Good,Private
15341,Poor,Private
15342,Standard,Private
15343,Poor,Private
15344,Standard,Private
15345,Standard,Private
15346,Standard,Private
15347,Standard,Private
15348,Standard,Private
15349,Standard,Private
15350,Standard,Private
15351,Good,Private
15352,Standard,Private
15353,Standard,Private
15354,Good,Private
15355,Standard,Private
15356,Standard,Private
15357,Poor,Private
15358,Good,Private
15359,Poor,Private
15360,Good,Private
15361,Poor,Private
15362,Poor,Private
15363,Standard,Private
15364,Poor,Private
15365,Good,Private
15366,Standard,Private
15367,Standard,Private
15368,Good,Private
15369,Poor,Private
15370,Poor,Private
15371,Poor,Private
15372,Standard,Private
15373,Good,Private
15374,Standard,Private
15375,Standard,Private
15376,Standard,Private
15377,Standard,Private
15378,Poor,Private
15379,Poor,Private
15380,Standard,Private
15381,Good,Private
15382,Standard,Private
15383,Good,Private
15384,Standard,Private
15385,Standard,Private
15386,Standard,Private
15387,Poor,Private
15388,Standard,Private
15389,Poor,Private
15390,Poor,Private
15391,Standard,Private
15392,Good,Private
15393,Poor,Private
15394,Poor,Private
15395,Poor,Private
15396,Standard,Private
15397,Standard,Private
15398,Poor,Private
15399,Standard,Private
15400,Standard,Private
15401,Standard,Private
15402,Standard,Private
15403,Good,Private
15404,Standard,Private
15405,Standard,Private
15406,Standard,Private
15407,Poor,Private
15408,Standard,Private
15409,Standard,Private
15410,Standard,Private
15411,Standard,Private
15412,Good,Private
15413,Standard,Private
15414,Standard,Private
15415,Good,Private
15416,Standard,Private
15417,Poor,Private
15418,Standard,Private
15419,Poor,Private
15420,Standard,Private
15421,Poor,Private
15422,Standard,Private
15423,Standard,Private
15424,Poor,Private
15425,Standard,Private
15426,Standard,Private
15427,Standard,Private
15428,Standard,Private
15429,Standard,Private
15430,Good,Private
15431,Standard,Private
15432,Poor,Private
15433,Poor,Private
15434,Standard,Private
15435,Standard,Private
15436,Good,Private
15437,Good,Private
15438,Poor,Private
15439,Standard,Private
15440,Standard,Private
15441,Good,Private
15442,Standard,Private
15443,Standard,Private
15444,Good,Private
15445,Standard,Private
15446,Good,Private
15447,Standard,Private
15448,Standard,Private
15449,Poor,Private
15450,Good,Private
15451,Poor,Private
15452,Poor,Private
15453,Standard,Private
15454,Standard,Private
15455,Standard,Private
15456,Poor,Private
15457,Standard,Private
15458,Standard,Private
15459,Poor,Private
15460,Standard,Private
15461,Standard,Private
15462,Poor,Private
15463,Good,Private
15464,Poor,Private
15465,Poor,Private
15466,Standard,Private
15467,Poor,Private
15468,Standard,Private
15469,Standard,Private
15470,Standard,Private
15471,Standard,Private
15472,Poor,Private
15473,Good,Private
15474,Good,Private
15475,Good,Private
15476,Poor,Private
15477,Standard,Private
15478,Standard,Private
15479,Good,Private
15480,Good,Private
15481,Standard,Private
15482,Good,Private
15483,Poor,Private
15484,Poor,Private
15485,Good,Private
15486,Standard,Private
15487,Poor,Private
15488,Standard,Private
15489,Good,Private
15490,Poor,Private
15491,Poor,Private
15492,Standard,Private
15493,Standard,Private
15494,Poor,Private
15495,Standard,Private
15496,Good,Private
15497,Poor,Private
15498,Standard,Private
15499,Poor,Private
15500,Standard,Private
15501,Poor,Private
15502,Standard,Private
15503,Poor,Private
15504,Standard,Private
15505,Poor,Private
15506,Poor,Private
15507,Standard,Private
15508,Standard,Private
15509,Poor,Private
15510,Good,Private
15511,Standard,Private
15512,Standard,Private
15513,Poor,Private
15514,Good,Private
15515,Standard,Private
15516,Good,Private
15517,Poor,Private
15518,Standard,Private
15519,Good,Private
15520,Good,Private
15521,Good,Private
15522,Standard,Private
15523,Standard,Private
15524,Poor,Private
15525,Poor,Private
15526,Standard,Private
15527,Standard,Private
15528,Standard,Private
15529,Poor,Private
15530,Standard,Private
15531,Good,Private
15532,Standard,Private
15533,Standard,Private
15534,Standard,Private
15535,Standard,Private
15536,Poor,Private
15537,Poor,Private
15538,Poor,Private
15539,Standard,Private
15540,Standard,Private
15541,Standard,Private
15542,Standard,Private
15543,Standard,Private
15544,Standard,Private
15545,Standard,Private
15546,Poor,Private
15547,Standard,Private
15548,Standard,Private
15549,Standard,Private
15550,Standard,Private
15551,Standard,Private
15552,Standard,Private
15553,Good,Private
15554,Standard,Private
15555,Standard,Private
15556,Good,Private
15557,Standard,Private
15558,Standard,Private
15559,Poor,Private
15560,Standard,Private
15561,Standard,Private
15562,Standard,Private
15563,Poor,Private
15564,Standard,Private
15565,Poor,Private
15566,Standard,Private
15567,Standard,Private
15568,Good,Private
15569,Standard,Private
15570,Poor,Private
15571,Standard,Private
15572,Standard,Private
15573,Poor,Private
15574,Standard,Private
15575,Standard,Private
15576,Poor,Private
15577,Poor,Private
15578,Standard,Private
15579,Good,Private
15580,Standard,Private
15581,Standard,Private
15582,Poor,Private
15583,Poor,Private
15584,Good,Private
15585,Standard,Private
15586,Poor,Private
15587,Standard,Private
15588,Standard,Private
15589,Standard,Private
15590,Poor,Private
15591,Poor,Private
15592,Standard,Private
15593,Poor,Private
15594,Good,Private
15595,Poor,Private
15596,Poor,Private
15597,Good,Private
15598,Standard,Private
15599,Poor,Private
15600,Standard,Private
15601,Poor,Private
15602,Standard,Private
15603,Standard,Private
15604,Standard,Private
15605,Good,Private
15606,Poor,Private
15607,Good,Private
15608,Good,Private
15609,Standard,Private
15610,Poor,Private
15611,Standard,Private
15612,Good,Private
15613,Standard,Private
15614,Poor,Private
15615,Good,Private
15616,Good,Private
15617,Poor,Private
15618,Standard,Private
15619,Standard,Private
15620,Good,Private
15621,Poor,Private
15622,Standard,Private
15623,Standard,Private
15624,Good,Private
15625,Standard,Private
15626,Standard,Private
15627,Poor,Private
15628,Poor,Private
15629,Poor,Private
15630,Standard,Private
15631,Standard,Private
15632,Standard,Private
15633,Poor,Private
15634,Standard,Private
15635,Standard,Private
15636,Standard,Private
15637,Standard,Private
15638,Standard,Private
15639,Poor,Private
15640,Poor,Private
15641,Good,Private
15642,Good,Private
15643,Poor,Private
15644,Standard,Private
15645,Poor,Private
15646,Poor,Private
15647,Good,Private
15648,Good,Private
15649,Standard,Private
15650,Standard,Private
15651,Good,Private
15652,Standard,Private
15653,Poor,Private
15654,Good,Private
15655,Good,Private
15656,Standard,Private
15657,Standard,Private
15658,Standard,Private
15659,Standard,Private
15660,Good,Private
15661,Standard,Private
15662,Standard,Private
15663,Standard,Private
15664,Good,Private
15665,Standard,Private
15666,Standard,Private
15667,Good,Private
15668,Poor,Private
15669,Good,Private
15670,Standard,Private
15671,Good,Private
15672,Poor,Private
15673,Standard,Private
15674,Standard,Private
15675,Good,Private
15676,Standard,Private
15677,Standard,Private
15678,Good,Private
15679,Poor,Private
15680,Good,Private
15681,Standard,Private
15682,Standard,Private
15683,Poor,Private
15684,Poor,Private
15685,Good,Private
15686,Standard,Private
15687,Standard,Private
15688,Poor,Private
15689,Standard,Private
15690,Standard,Private
15691,Poor,Private
15692,Poor,Private
15693,Standard,Private
15694,Poor,Private
15695,Standard,Private
15696,Good,Private
15697,Good,Private
15698,Poor,Private
15699,Standard,Private
15700,Standard,Private
15701,Standard,Private
15702,Good,Private
15703,Poor,Private
15704,Standard,Private
15705,Standard,Private
15706,Good,Private
15707,Good,Private
15708,Standard,Private
15709,Standard,Private
15710,Poor,Private
15711,Standard,Private
15712,Good,Private
15713,Standard,Private
15714,Standard,Private
15715,Good,Private
15716,Standard,Private
15717,Poor,Private
15718,Standard,Private
15719,Poor,Private
15720,Standard,Private
15721,Poor,Private
15722,Good,Private
15723,Standard,Private
15724,Good,Private
15725,Standard,Private
15726,Standard,Private
15727,Standard,Private
15728,Standard,Private
15729,Standard,Private
15730,Standard,Private
15731,Standard,Private
15732,Standard,Private
15733,Poor,Private
15734,Poor,Private
15735,Standard,Private
15736,Good,Private
15737,Standard,Private
15738,Good,Private
15739,Standard,Private
15740,Standard,Private
15741,Standard,Private
15742,Standard,Private
15743,Good,Private
15744,Standard,Private
15745,Standard,Private
15746,Standard,Private
15747,Poor,Private
15748,Good,Private
15749,Poor,Private
15750,Standard,Private
15751,Standard,Private
15752,Standard,Private
15753,Good,Private
15754,Standard,Private
15755,Poor,Private
15756,Standard,Private
15757,Standard,Private
15758,Standard,Private
15759,Poor,Private
15760,Standard,Private
15761,Poor,Private
15762,Standard,Private
15763,Good,Private
15764,Good,Private
15765,Standard,Private
15766,Good,Private
15767,Poor,Private
15768,Standard,Private
15769,Standard,Private
15770,Standard,Private
15771,Poor,Private
15772,Standard,Private
15773,Standard,Private
15774,Poor,Private
15775,Standard,Private
15776,Poor,Private
15777,Standard,Private
15778,Standard,Private
15779,Standard,Private
15780,Good,Private
15781,Standard,Private
15782,Standard,Private
15783,Poor,Private
15784,Poor,Private
15785,Poor,Private
15786,Standard,Private
15787,Good,Private
15788,Poor,Private
15789,Good,Private
15790,Poor,Private
15791,Standard,Private
15792,Good,Private
15793,Good,Private
15794,Poor,Private
15795,Poor,Private
15796,Standard,Private
15797,Standard,Private
15798,Standard,Private
15799,Standard,Private
15800,Standard,Private
15801,Good,Private
15802,Standard,Private
15803,Poor,Private
15804,Poor,Private
15805,Poor,Private
15806,Standard,Private
15807,Standard,Private
15808,Standard,Private
15809,Standard,Private
15810,Poor,Private
15811,Standard,Private
15812,Poor,Private
15813,Standard,Private
15814,Poor,Private
15815,Poor,Private
15816,Poor,Private
15817,Poor,Private
15818,Standard,Private
15819,Poor,Private
15820,Poor,Private
15821,Standard,Private
15822,Standard,Private
15823,Poor,Private
15824,Standard,Private
15825,Standard,Private
15826,Good,Private
15827,Poor,Private
15828,Good,Private
15829,Standard,Private
15830,Standard,Private
15831,Poor,Private
15832,Good,Private
15833,Good,Private
15834,Good,Private
15835,Poor,Private
15836,Poor,Private
15837,Good,Private
15838,Poor,Private
15839,Standard,Private
15840,Standard,Private
15841,Poor,Private
15842,Poor,Private
15843,Poor,Private
15844,Standard,Private
15845,Standard,Private
15846,Poor,Private
15847,Standard,Private
15848,Poor,Private
15849,Standard,Private
15850,Poor,Private
15851,Standard,Private
15852,Poor,Private
15853,Standard,Private
15854,Standard,Private
15855,Poor,Private
15856,Standard,Private
15857,Good,Private
15858,Good,Private
15859,Good,Private
15860,Standard,Private
15861,Standard,Private
15862,Standard,Private
15863,Standard,Private
15864,Standard,Private
15865,Good,Private
15866,Standard,Private
15867,Poor,Private
15868,Standard,Private
15869,Standard,Private
15870,Poor,Private
15871,Standard,Private
15872,Poor,Private
15873,Poor,Private
15874,Poor,Private
15875,Good,Private
15876,Poor,Private
15877,Poor,Private
15878,Standard,Private
15879,Standard,Private
15880,Standard,Private
15881,Standard,Private
15882,Good,Private
15883,Good,Private
15884,Good,Private
15885,Poor,Private
15886,Good,Private
15887,Good,Private
15888,Standard,Private
15889,Standard,Private
15890,Poor,Private
15891,Good,Private
15892,Good,Private
15893,Standard,Private
15894,Poor,Private
15895,Standard,Private
15896,Good,Private
15897,Standard,Private
15898,Standard,Private
15899,Standard,Private
15900,Standard,Private
15901,Standard,Private
15902,Poor,Private
15903,Poor,Private
15904,Standard,Private
15905,Poor,Private
15906,Good,Private
15907,Good,Private
15908,Standard,Private
15909,Poor,Private
15910,Standard,Private
15911,Standard,Private
15912,Standard,Private
15913,Poor,Private
15914,Standard,Private
15915,Good,Private
15916,Standard,Private
15917,Good,Private
15918,Good,Private
15919,Standard,Private
15920,Poor,Private
15921,Standard,Private
15922,Standard,Private
15923,Poor,Private
15924,Standard,Private
15925,Standard,Private
15926,Standard,Private
15927,Standard,Private
15928,Standard,Private
15929,Standard,Private
15930,Standard,Private
15931,Standard,Private
15932,Standard,Private
15933,Standard,Private
15934,Standard,Private
15935,Standard,Private
15936,Good,Private
15937,Good,Private
15938,Standard,Private
15939,Good,Private
15940,Standard,Private
15941,Standard,Private
15942,Standard,Private
15943,Poor,Private
15944,Standard,Private
15945,Poor,Private
15946,Standard,Private
15947,Standard,Private
15948,Standard,Private
15949,Standard,Private
15950,Standard,Private
15951,Poor,Private
15952,Standard,Private
15953,Poor,Private
15954,Poor,Private
15955,Standard,Private
15956,Poor,Private
15957,Standard,Private
15958,Standard,Private
15959,Standard,Private
15960,Poor,Private
15961,Standard,Private
15962,Poor,Private
15963,Standard,Private
15964,Poor,Private
15965,Poor,Private
15966,Standard,Private
15967,Standard,Private
15968,Poor,Private
15969,Standard,Private
15970,Standard,Private
15971,Standard,Private
15972,Poor,Private
15973,Poor,Private
15974,Standard,Private
15975,Poor,Private
15976,Standard,Private
15977,Poor,Private
15978,Poor,Private
15979,Standard,Private
15980,Good,Private
15981,Standard,Private
15982,Poor,Private
15983,Standard,Private
15984,Poor,Private
15985,Standard,Private
15986,Standard,Private
15987,Poor,Private
15988,Poor,Private
15989,Standard,Private
15990,Standard,Private
15991,Poor,Private
15992,Poor,Private
15993,Poor,Private
15994,Standard,Private
15995,Good,Private
15996,Poor,Private
15997,Standard,Private
15998,Standard,Private
15999,Good,Private
16000,Poor,Private
16001,Good,Private
16002,Poor,Private
16003,Standard,Private
16004,Standard,Private
16005,Standard,Private
16006,Standard,Private
16007,Standard,Private
16008,Standard,Private
16009,Standard,Private
16010,Standard,Private
16011,Standard,Private
16012,Standard,Private
16013,Poor,Private
16014,Standard,Private
16015,Poor,Private
16016,Standard,Private
16017,Good,Private
16018,Poor,Private
16019,Standard,Private
16020,Poor,Private
16021,Standard,Private
16022,Poor,Private
16023,Standard,Private
16024,Poor,Private
16025,Standard,Private
16026,Good,Private
16027,Standard,Private
16028,Standard,Private
16029,Poor,Private
16030,Standard,Private
16031,Standard,Private
16032,Poor,Private
16033,Good,Private
16034,Poor,Private
16035,Standard,Private
16036,Standard,Private
16037,Standard,Private
16038,Standard,Private
16039,Good,Private
16040,Standard,Private
16041,Standard,Private
16042,Good,Private
16043,Standard,Private
16044,Poor,Private
16045,Standard,Private
16046,Standard,Private
16047,Poor,Private
16048,Standard,Private
16049,Good,Private
16050,Good,Private
16051,Good,Private
16052,Standard,Private
16053,Good,Private
16054,Standard,Private
16055,Standard,Private
16056,Standard,Private
16057,Poor,Private
16058,Standard,Private
16059,Standard,Private
16060,Standard,Private
16061,Standard,Private
16062,Good,Private
16063,Standard,Private
16064,Standard,Private
16065,Standard,Private
16066,Standard,Private
16067,Poor,Private
16068,Poor,Private
16069,Standard,Private
16070,Good,Private
16071,Good,Private
16072,Poor,Private
16073,Standard,Private
16074,Good,Private
16075,Good,Private
16076,Poor,Private
16077,Poor,Private
16078,Poor,Private
16079,Poor,Private
16080,Standard,Private
16081,Standard,Private
16082,Standard,Private
16083,Good,Private
16084,Good,Private
16085,Standard,Private
16086,Good,Private
16087,Poor,Private
16088,Standard,Private
16089,Good,Private
16090,Standard,Private
16091,Standard,Private
16092,Standard,Private
16093,Poor,Private
16094,Poor,Private
16095,Good,Private
16096,Standard,Private
16097,Standard,Private
16098,Standard,Private
16099,Standard,Private
16100,Standard,Private
16101,Poor,Private
16102,Standard,Private
16103,Poor,Private
16104,Standard,Private
16105,Good,Private
16106,Good,Private
16107,Poor,Private
16108,Good,Private
16109,Standard,Private
16110,Good,Private
16111,Standard,Private
16112,Standard,Private
16113,Standard,Private
16114,Standard,Private
16115,Standard,Private
16116,Standard,Private
16117,Standard,Private
16118,Standard,Private
16119,Standard,Private
16120,Good,Private
16121,Standard,Private
16122,Good,Private
16123,Standard,Private
16124,Poor,Private
16125,Good,Private
16126,Standard,Private
16127,Good,Private
16128,Poor,Private
16129,Standard,Private
16130,Standard,Private
16131,Standard,Private
16132,Poor,Private
16133,Poor,Private
16134,Standard,Private
16135,Standard,Private
16136,Standard,Private
16137,Poor,Private
16138,Good,Private
16139,Standard,Private
16140,Standard,Private
16141,Standard,Private
16142,Standard,Private
16143,Poor,Private
16144,Standard,Private
16145,Standard,Private
16146,Standard,Private
16147,Standard,Private
16148,Standard,Private
16149,Standard,Private
16150,Standard,Private
16151,Poor,Private
16152,Standard,Private
16153,Standard,Private
16154,Standard,Private
16155,Poor,Private
16156,Standard,Private
16157,Standard,Private
16158,Poor,Private
16159,Poor,Private
16160,Standard,Private
16161,Good,Private
16162,Poor,Private
16163,Standard,Private
16164,Standard,Private
16165,Standard,Private
16166,Standard,Private
16167,Standard,Private
16168,Poor,Private
16169,Poor,Private
16170,Standard,Private
16171,Standard,Private
16172,Standard,Private
16173,Standard,Private
16174,Standard,Private
16175,Standard,Private
16176,Good,Private
16177,Poor,Private
16178,Good,Private
16179,Standard,Private
16180,Poor,Private
16181,Poor,Private
16182,Standard,Private
16183,Poor,Private
16184,Standard,Private
16185,Good,Private
16186,Poor,Private
16187,Good,Private
16188,Good,Private
16189,Good,Private
16190,Standard,Private
16191,Standard,Private
16192,Standard,Private
16193,Poor,Private
16194,Good,Private
16195,Standard,Private
16196,Good,Private
16197,Poor,Private
16198,Good,Private
16199,Standard,Private
16200,Poor,Private
16201,Standard,Private
16202,Standard,Private
16203,Poor,Private
16204,Good,Private
16205,Standard,Private
16206,Standard,Private
16207,Standard,Private
16208,Poor,Private
16209,Poor,Private
16210,Standard,Private
16211,Poor,Private
16212,Poor,Private
16213,Good,Private
16214,Standard,Private
16215,Standard,Private
16216,Standard,Private
16217,Standard,Private
16218,Standard,Private
16219,Poor,Private
16220,Standard,Private
16221,Poor,Private
16222,Standard,Private
16223,Good,Private
16224,Standard,Private
16225,Standard,Private
16226,Poor,Private
16227,Standard,Private
16228,Good,Private
16229,Standard,Private
16230,Standard,Private
16231,Standard,Private
16232,Good,Private
16233,Standard,Private
16234,Poor,Private
16235,Poor,Private
16236,Standard,Private
16237,Standard,Private
16238,Standard,Private
16239,Standard,Private
16240,Poor,Private
16241,Poor,Private
16242,Standard,Private
16243,Poor,Private
16244,Poor,Private
16245,Poor,Private
16246,Good,Private
16247,Good,Private
16248,Good,Private
16249,Poor,Private
16250,Standard,Private
16251,Good,Private
16252,Poor,Private
16253,Standard,Private
16254,Poor,Private
16255,Standard,Private
16256,Poor,Private
16257,Good,Private
16258,Standard,Private
16259,Poor,Private
16260,Standard,Private
16261,Standard,Private
16262,Standard,Private
16263,Poor,Private
16264,Standard,Private
16265,Poor,Private
16266,Standard,Private
16267,Standard,Private
16268,Standard,Private
16269,Standard,Private
16270,Standard,Private
16271,Standard,Private
16272,Poor,Private
16273,Standard,Private
16274,Poor,Private
16275,Standard,Private
16276,Poor,Private
16277,Standard,Private
16278,Standard,Private
16279,Good,Private
16280,Good,Private
16281,Poor,Private
16282,Standard,Private
16283,Standard,Private
16284,Standard,Private
16285,Standard,Private
16286,Standard,Private
16287,Standard,Private
16288,Standard,Private
16289,Standard,Private
16290,Poor,Private
16291,Standard,Private
16292,Good,Private
16293,Standard,Private
16294,Good,Private
16295,Poor,Private
16296,Standard,Private
16297,Poor,Private
16298,Standard,Private
16299,Poor,Private
16300,Good,Private
16301,Good,Private
16302,Poor,Private
16303,Standard,Private
16304,Standard,Private
16305,Good,Private
16306,Good,Private
16307,Poor,Private
16308,Standard,Private
16309,Standard,Private
16310,Standard,Private
16311,Good,Private
16312,Standard,Private
16313,Standard,Private
16314,Standard,Private
16315,Poor,Private
16316,Poor,Private
16317,Standard,Private
16318,Standard,Private
16319,Standard,Private
16320,Standard,Private
16321,Good,Private
16322,Poor,Private
16323,Good,Private
16324,Good,Private
16325,Poor,Private
16326,Standard,Private
16327,Standard,Private
16328,Standard,Private
16329,Poor,Private
16330,Poor,Private
16331,Standard,Private
16332,Poor,Private
16333,Standard,Private
16334,Poor,Private
16335,Poor,Private
16336,Standard,Private
16337,Good,Private
16338,Standard,Private
16339,Standard,Private
16340,Standard,Private
16341,Standard,Private
16342,Good,Private
16343,Good,Private
16344,Poor,Private
16345,Standard,Private
16346,Standard,Private
16347,Good,Private
16348,Poor,Private
16349,Poor,Private
16350,Poor,Private
16351,Standard,Private
16352,Poor,Private
16353,Good,Private
16354,Poor,Private
16355,Standard,Private
16356,Standard,Private
16357,Good,Private
16358,Standard,Private
16359,Good,Private
16360,Poor,Private
16361,Standard,Private
16362,Good,Private
16363,Standard,Private
16364,Standard,Private
16365,Standard,Private
16366,Standard,Private
16367,Poor,Private
16368,Standard,Private
16369,Standard,Private
16370,Good,Private
16371,Poor,Private
16372,Standard,Private
16373,Poor,Private
16374,Standard,Private
16375,Poor,Private
16376,Good,Private
16377,Standard,Private
16378,Standard,Private
16379,Poor,Private
16380,Standard,Private
16381,Standard,Private
16382,Good,Private
16383,Poor,Private
16384,Good,Private
16385,Good,Private
16386,Poor,Private
16387,Poor,Private
16388,Poor,Private
16389,Good,Private
16390,Standard,Private
16391,Standard,Private
16392,Poor,Private
16393,Good,Private
16394,Good,Private
16395,Standard,Private
16396,Good,Private
16397,Standard,Private
16398,Poor,Private
16399,Standard,Private
16400,Standard,Private
16401,Standard,Private
16402,Standard,Private
16403,Standard,Private
16404,Good,Private
16405,Poor,Private
16406,Good,Private
16407,Poor,Private
16408,Standard,Private
16409,Standard,Private
16410,Standard,Private
16411,Standard,Private
16412,Standard,Private
16413,Standard,Private
16414,Poor,Private
16415,Poor,Private
16416,Standard,Private
16417,Standard,Private
16418,Standard,Private
16419,Standard,Private
16420,Standard,Private
16421,Good,Private
16422,Good,Private
16423,Standard,Private
16424,Standard,Private
16425,Poor,Private
16426,Standard,Private
16427,Standard,Private
16428,Standard,Private
16429,Standard,Private
16430,Standard,Private
16431,Poor,Private
16432,Poor,Private
16433,Standard,Private
16434,Standard,Private
16435,Standard,Private
16436,Standard,Private
16437,Standard,Private
16438,Standard,Private
16439,Good,Private
16440,Standard,Private
16441,Poor,Private
16442,Standard,Private
16443,Standard,Private
16444,Standard,Private
16445,Standard,Private
16446,Standard,Private
16447,Poor,Private
16448,Good,Private
16449,Standard,Private
16450,Poor,Private
16451,Standard,Private
16452,Standard,Private
16453,Poor,Private
16454,Standard,Private
16455,Standard,Private
16456,Good,Private
16457,Standard,Private
16458,Standard,Private
16459,Standard,Private
16460,Standard,Private
16461,Standard,Private
16462,Standard,Private
16463,Poor,Private
16464,Poor,Private
16465,Good,Private
16466,Good,Private
16467,Poor,Private
16468,Standard,Private
16469,Standard,Private
16470,Standard,Private
16471,Good,Private
16472,Standard,Private
16473,Standard,Private
16474,Poor,Private
16475,Standard,Private
16476,Good,Private
16477,Good,Private
16478,Good,Private
16479,Standard,Private
16480,Poor,Private
16481,Poor,Private
16482,Standard,Private
16483,Poor,Private
16484,Standard,Private
16485,Good,Private
16486,Standard,Private
16487,Good,Private
16488,Poor,Private
16489,Poor,Private
16490,Poor,Private
16491,Standard,Private
16492,Poor,Private
16493,Standard,Private
16494,Good,Private
16495,Standard,Private
16496,Standard,Private
16497,Standard,Private
16498,Poor,Private
16499,Poor,Private
16500,Standard,Private
16501,Poor,Private
16502,Poor,Private
16503,Poor,Private
16504,Poor,Private
16505,Standard,Private
16506,Good,Private
16507,Poor,Private
16508,Standard,Private
16509,Poor,Private
16510,Good,Private
16511,Standard,Private
16512,Good,Private
16513,Standard,Private
16514,Poor,Private
16515,Standard,Private
16516,Poor,Private
16517,Standard,Private
16518,Standard,Private
16519,Standard,Private
16520,Standard,Private
16521,Standard,Private
16522,Standard,Private
16523,Poor,Private
16524,Poor,Private
16525,Poor,Private
16526,Poor,Private
16527,Standard,Private
16528,Standard,Private
16529,Standard,Private
16530,Poor,Private
16531,Standard,Private
16532,Standard,Private
16533,Standard,Private
16534,Poor,Private
16535,Poor,Private
16536,Standard,Private
16537,Good,Private
16538,Standard,Private
16539,Standard,Private
16540,Good,Private
16541,Poor,Private
16542,Standard,Private
16543,Standard,Private
16544,Standard,Private
16545,Good,Private
16546,Standard,Private
16547,Standard,Private
16548,Standard,Private
16549,Poor,Private
16550,Standard,Private
16551,Standard,Private
16552,Standard,Private
16553,Standard,Private
16554,Poor,Private
16555,Poor,Private
16556,Good,Private
16557,Standard,Private
16558,Standard,Private
16559,Standard,Private
16560,Standard,Private
16561,Standard,Private
16562,Standard,Private
16563,Standard,Private
16564,Standard,Private
16565,Standard,Private
16566,Poor,Private
16567,Standard,Private
16568,Standard,Private
16569,Good,Private
16570,Poor,Private
16571,Standard,Private
16572,Standard,Private
16573,Standard,Private
16574,Good,Private
16575,Standard,Private
16576,Good,Private
16577,Standard,Private
16578,Standard,Private
16579,Good,Private
16580,Standard,Private
16581,Standard,Private
16582,Good,Private
16583,Poor,Private
16584,Standard,Private
16585,Poor,Private
16586,Standard,Private
16587,Standard,Private
16588,Standard,Private
16589,Good,Private
16590,Poor,Private
16591,Poor,Private
16592,Poor,Private
16593,Standard,Private
16594,Good,Private
16595,Standard,Private
16596,Good,Private
16597,Standard,Private
16598,Poor,Private
16599,Standard,Private
16600,Standard,Private
16601,Standard,Private
16602,Standard,Private
16603,Standard,Private
16604,Good,Private
16605,Poor,Private
16606,Standard,Private
16607,Standard,Private
16608,Good,Private
16609,Standard,Private
16610,Standard,Private
16611,Poor,Private
16612,Poor,Private
16613,Standard,Private
16614,Poor,Private
16615,Poor,Private
16616,Standard,Private
16617,Good,Private
16618,Standard,Private
16619,Standard,Private
16620,Standard,Private
16621,Poor,Private
16622,Poor,Private
16623,Good,Private
16624,Poor,Private
16625,Standard,Private
16626,Good,Private
16627,Good,Private
16628,Poor,Private
16629,Poor,Private
16630,Standard,Private
16631,Poor,Private
16632,Poor,Private
16633,Standard,Private
16634,Poor,Private
16635,Standard,Private
16636,Standard,Private
16637,Poor,Private
16638,Poor,Private
16639,Standard,Private
16640,Standard,Private
16641,Good,Private
16642,Poor,Private
16643,Standard,Private
16644,Standard,Private
16645,Standard,Private
16646,Poor,Private
16647,Standard,Private
16648,Standard,Private
16649,Standard,Private
16650,Standard,Private
16651,Standard,Private
16652,Good,Private
16653,Standard,Private
16654,Poor,Private
16655,Standard,Private
16656,Standard,Private
16657,Poor,Private
16658,Poor,Private
16659,Poor,Private
16660,Standard,Private
16661,Poor,Private
16662,Standard,Private
16663,Standard,Private
16664,Good,Private
16665,Poor,Private
16666,Standard,Private
16667,Poor,Private
16668,Standard,Private
16669,Standard,Private
16670,Standard,Private
16671,Standard,Private
16672,Poor,Private
16673,Poor,Private
16674,Good,Private
16675,Good,Private
16676,Good,Private
16677,Poor,Private
16678,Standard,Private
16679,Good,Private
16680,Standard,Private
16681,Good,Private
16682,Standard,Private
16683,Standard,Private
16684,Poor,Private
16685,Standard,Private
16686,Standard,Private
16687,Standard,Private
16688,Standard,Private
16689,Poor,Private
16690,Standard,Private
16691,Good,Private
16692,Poor,Private
16693,Poor,Private
16694,Standard,Private
16695,Poor,Private
16696,Standard,Private
16697,Poor,Private
16698,Standard,Private
16699,Standard,Private
16700,Poor,Private
16701,Standard,Private
16702,Standard,Private
16703,Standard,Private
16704,Poor,Private
16705,Poor,Private
16706,Good,Private
16707,Good,Private
16708,Poor,Private
16709,Good,Private
16710,Standard,Private
16711,Standard,Private
16712,Good,Private
16713,Standard,Private
16714,Standard,Private
16715,Good,Private
16716,Standard,Private
16717,Standard,Private
16718,Standard,Private
16719,Standard,Private
16720,Standard,Private
16721,Poor,Private
16722,Poor,Private
16723,Good,Private
16724,Good,Private
16725,Good,Private
16726,Standard,Private
16727,Good,Private
16728,Poor,Private
16729,Standard,Private
16730,Standard,Private
16731,Standard,Private
16732,Standard,Private
16733,Standard,Private
16734,Standard,Private
16735,Good,Private
16736,Poor,Private
16737,Standard,Private
16738,Standard,Private
16739,Poor,Private
16740,Standard,Private
16741,Good,Private
16742,Good,Private
16743,Standard,Private
16744,Standard,Private
16745,Standard,Private
16746,Standard,Private
16747,Standard,Private
16748,Poor,Private
16749,Poor,Private
16750,Standard,Private
16751,Good,Private
16752,Standard,Private
16753,Poor,Private
16754,Poor,Private
16755,Poor,Private
16756,Good,Private
16757,Standard,Private
16758,Standard,Private
16759,Standard,Private
16760,Standard,Private
16761,Standard,Private
16762,Poor,Private
16763,Standard,Private
16764,Standard,Private
16765,Good,Private
16766,Standard,Private
16767,Good,Private
16768,Poor,Private
16769,Poor,Private
16770,Standard,Private
16771,Good,Private
16772,Poor,Private
16773,Poor,Private
16774,Poor,Private
16775,Standard,Private
16776,Good,Private
16777,Standard,Private
16778,Standard,Private
16779,Standard,Private
16780,Good,Private
16781,Standard,Private
16782,Good,Private
16783,Standard,Private
16784,Standard,Private
16785,Poor,Private
16786,Standard,Private
16787,Standard,Private
16788,Standard,Private
16789,Standard,Private
16790,Standard,Private
16791,Standard,Private
16792,Poor,Private
16793,Standard,Private
16794,Good,Private
16795,Standard,Private
16796,Standard,Private
16797,Good,Private
16798,Poor,Private
16799,Standard,Private
16800,Poor,Private
16801,Standard,Private
16802,Poor,Private
16803,Standard,Private
16804,Standard,Private
16805,Standard,Private
16806,Poor,Private
16807,Good,Private
16808,Poor,Private
16809,Poor,Private
16810,Poor,Private
16811,Poor,Private
16812,Standard,Private
16813,Standard,Private
16814,Poor,Private
16815,Standard,Private
16816,Standard,Private
16817,Poor,Private
16818,Standard,Private
16819,Standard,Private
16820,Standard,Private
16821,Good,Private
16822,Poor,Private
16823,Good,Private
16824,Good,Private
16825,Good,Private
16826,Standard,Private
16827,Standard,Private
16828,Poor,Private
16829,Standard,Private
16830,Standard,Private
16831,Poor,Private
16832,Standard,Private
16833,Poor,Private
16834,Standard,Private
16835,Poor,Private
16836,Poor,Private
16837,Standard,Private
16838,Good,Private
16839,Standard,Private
16840,Poor,Private
16841,Poor,Private
16842,Standard,Private
16843,Standard,Private
16844,Standard,Private
16845,Poor,Private
16846,Standard,Private
16847,Standard,Private
16848,Poor,Private
16849,Good,Private
16850,Standard,Private
16851,Good,Private
16852,Standard,Private
16853,Standard,Private
16854,Standard,Private
16855,Poor,Private
16856,Poor,Private
16857,Standard,Private
16858,Poor,Private
16859,Standard,Private
16860,Good,Private
16861,Poor,Private
16862,Good,Private
16863,Standard,Private
16864,Standard,Private
16865,Standard,Private
16866,Standard,Private
16867,Standard,Private
16868,Standard,Private
16869,Poor,Private
16870,Good,Private
16871,Standard,Private
16872,Standard,Private
16873,Good,Private
16874,Standard,Private
16875,Poor,Private
16876,Poor,Private
16877,Good,Private
16878,Standard,Private
16879,Standard,Private
16880,Good,Private
16881,Standard,Private
16882,Good,Private
16883,Standard,Private
16884,Poor,Private
16885,Standard,Private
16886,Poor,Private
16887,Poor,Private
16888,Good,Private
16889,Standard,Private
16890,Standard,Private
16891,Standard,Private
16892,Standard,Private
16893,Standard,Private
16894,Standard,Private
16895,Standard,Private
16896,Good,Private
16897,Good,Private
16898,Good,Private
16899,Poor,Private
16900,Poor,Private
16901,Good,Private
16902,Poor,Private
16903,Standard,Private
16904,Good,Private
16905,Standard,Private
16906,Poor,Private
16907,Standard,Private
16908,Standard,Private
16909,Standard,Private
16910,Standard,Private
16911,Good,Private
16912,Poor,Private
16913,Standard,Private
16914,Poor,Private
16915,Good,Private
16916,Poor,Private
16917,Poor,Private
16918,Poor,Private
16919,Standard,Private
16920,Standard,Private
16921,Standard,Private
16922,Standard,Private
16923,Standard,Private
16924,Good,Private
16925,Standard,Private
16926,Good,Private
16927,Standard,Private
16928,Poor,Private
16929,Good,Private
16930,Standard,Private
16931,Poor,Private
16932,Standard,Private
16933,Standard,Private
16934,Standard,Private
16935,Standard,Private
16936,Poor,Private
16937,Poor,Private
16938,Poor,Private
16939,Poor,Private
16940,Standard,Private
16941,Good,Private
16942,Standard,Private
16943,Standard,Private
16944,Standard,Private
16945,Standard,Private
16946,Good,Private
16947,Good,Private
16948,Good,Private
16949,Standard,Private
16950,Standard,Private
16951,Poor,Private
16952,Standard,Private
16953,Standard,Private
16954,Standard,Private
16955,Poor,Private
16956,Standard,Private
16957,Standard,Private
16958,Standard,Private
16959,Good,Private
16960,Good,Private
16961,Standard,Private
16962,Standard,Private
16963,Good,Private
16964,Standard,Private
16965,Standard,Private
16966,Poor,Private
16967,Good,Private
16968,Standard,Private
16969,Poor,Private
16970,Standard,Private
16971,Good,Private
16972,Good,Private
16973,Standard,Private
16974,Standard,Private
16975,Poor,Private
16976,Standard,Private
16977,Good,Private
16978,Poor,Private
16979,Standard,Private
16980,Standard,Private
16981,Poor,Private
16982,Poor,Private
16983,Standard,Private
16984,Standard,Private
16985,Good,Private
16986,Standard,Private
16987,Poor,Private
16988,Poor,Private
16989,Standard,Private
16990,Poor,Private
16991,Standard,Private
16992,Poor,Private
16993,Standard,Private
16994,Standard,Private
16995,Standard,Private
16996,Good,Private
16997,Poor,Private
16998,Standard,Private
16999,Standard,Private
17000,Standard,Private
17001,Poor,Private
17002,Standard,Private
17003,Standard,Private
17004,Standard,Private
17005,Poor,Private
17006,Standard,Private
17007,Standard,Private
17008,Standard,Private
17009,Poor,Private
17010,Poor,Private
17011,Good,Private
17012,Good,Private
17013,Good,Private
17014,Standard,Private
17015,Standard,Private
17016,Poor,Private
17017,Good,Private
17018,Good,Private
17019,Standard,Private
17020,Standard,Private
17021,Poor,Private
17022,Standard,Private
17023,Good,Private
17024,Poor,Private
17025,Standard,Private
17026,Standard,Private
17027,Poor,Private
17028,Poor,Private
17029,Standard,Private
17030,Standard,Private
17031,Standard,Private
17032,Good,Private
17033,Standard,Private
17034,Good,Private
17035,Poor,Private
17036,Standard,Private
17037,Good,Private
17038,Standard,Private
17039,Poor,Private
17040,Good,Private
17041,Standard,Private
17042,Standard,Private
17043,Poor,Private
17044,Standard,Private
17045,Poor,Private
17046,Poor,Private
17047,Standard,Private
17048,Standard,Private
17049,Standard,Private
17050,Poor,Private
17051,Poor,Private
17052,Poor,Private
17053,Poor,Private
17054,Poor,Private
17055,Good,Private
17056,Poor,Private
17057,Poor,Private
17058,Poor,Private
17059,Poor,Private
17060,Good,Private
17061,Standard,Private
17062,Poor,Private
17063,Poor,Private
17064,Standard,Private
17065,Poor,Private
17066,Standard,Private
17067,Poor,Private
17068,Poor,Private
17069,Standard,Private
17070,Standard,Private
17071,Standard,Private
17072,Good,Private
17073,Poor,Private
17074,Poor,Private
17075,Standard,Private
17076,Standard,Private
17077,Standard,Private
17078,Poor,Private
17079,Poor,Private
17080,Standard,Private
17081,Poor,Private
17082,Poor,Private
17083,Poor,Private
17084,Standard,Private
17085,Standard,Private
17086,Standard,Private
17087,Good,Private
17088,Standard,Private
17089,Poor,Private
17090,Standard,Private
17091,Standard,Private
17092,Poor,Private
17093,Standard,Private
17094,Poor,Private
17095,Standard,Private
17096,Poor,Private
17097,Poor,Private
17098,Poor,Private
17099,Poor,Private
17100,Poor,Private
17101,Poor,Private
17102,Good,Private
17103,Standard,Private
17104,Standard,Private
17105,Standard,Private
17106,Standard,Private
17107,Good,Private
17108,Good,Private
17109,Standard,Private
17110,Standard,Private
17111,Standard,Private
17112,Good,Private
17113,Good,Private
17114,Standard,Private
17115,Standard,Private
17116,Standard,Private
17117,Standard,Private
17118,Standard,Private
17119,Good,Private
17120,Standard,Private
17121,Poor,Private
17122,Standard,Private
17123,Poor,Private
17124,Poor,Private
17125,Standard,Private
17126,Standard,Private
17127,Good,Private
17128,Standard,Private
17129,Good,Private
17130,Standard,Private
17131,Standard,Private
17132,Standard,Private
17133,Poor,Private
17134,Good,Private
17135,Standard,Private
17136,Poor,Private
17137,Good,Private
17138,Standard,Private
17139,Standard,Private
17140,Good,Private
17141,Poor,Private
17142,Poor,Private
17143,Standard,Private
17144,Standard,Private
17145,Good,Private
17146,Poor,Private
17147,Standard,Private
17148,Poor,Private
17149,Poor,Private
17150,Standard,Private
17151,Good,Private
17152,Standard,Private
17153,Standard,Private
17154,Standard,Private
17155,Good,Private
17156,Standard,Private
17157,Standard,Private
17158,Poor,Private
17159,Poor,Private
17160,Good,Private
17161,Standard,Private
17162,Standard,Private
17163,Poor,Private
17164,Poor,Private
17165,Standard,Private
17166,Standard,Private
17167,Standard,Private
17168,Standard,Private
17169,Standard,Private
17170,Standard,Private
17171,Good,Private
17172,Standard,Private
17173,Standard,Private
17174,Poor,Private
17175,Standard,Private
17176,Poor,Private
17177,Poor,Private
17178,Standard,Private
17179,Standard,Private
17180,Standard,Private
17181,Standard,Private
17182,Standard,Private
17183,Standard,Private
17184,Poor,Private
17185,Poor,Private
17186,Standard,Private
17187,Standard,Private
17188,Poor,Private
17189,Standard,Private
17190,Standard,Private
17191,Standard,Private
17192,Poor,Private
17193,Poor,Private
17194,Poor,Private
17195,Standard,Private
17196,Standard,Private
17197,Standard,Private
17198,Poor,Private
17199,Good,Private
17200,Standard,Private
17201,Standard,Private
17202,Poor,Private
17203,Standard,Private
17204,Standard,Private
17205,Poor,Private
17206,Standard,Private
17207,Standard,Private
17208,Standard,Private
17209,Standard,Private
17210,Standard,Private
17211,Standard,Private
17212,Standard,Private
17213,Standard,Private
17214,Good,Private
17215,Poor,Private
17216,Poor,Private
17217,Standard,Private
17218,Standard,Private
17219,Good,Private
17220,Standard,Private
17221,Standard,Private
17222,Poor,Private
17223,Poor,Private
17224,Poor,Private
17225,Standard,Private
17226,Good,Private
17227,Standard,Private
17228,Poor,Private
17229,Poor,Private
17230,Poor,Private
17231,Standard,Private
17232,Poor,Private
17233,Poor,Private
17234,Standard,Private
17235,Standard,Private
17236,Poor,Private
17237,Standard,Private
17238,Good,Private
17239,Good,Private
17240,Good,Private
17241,Standard,Private
17242,Poor,Private
17243,Good,Private
17244,Good,Private
17245,Good,Private
17246,Standard,Private
17247,Standard,Private
17248,Standard,Private
17249,Poor,Private
17250,Standard,Private
17251,Standard,Private
17252,Standard,Private
17253,Standard,Private
17254,Poor,Private
17255,Standard,Private
17256,Good,Private
17257,Good,Private
17258,Standard,Private
17259,Standard,Private
17260,Standard,Private
17261,Standard,Private
17262,Poor,Private
17263,Poor,Private
17264,Good,Private
17265,Standard,Private
17266,Poor,Private
17267,Poor,Private
17268,Poor,Private
17269,Standard,Private
17270,Good,Private
17271,Good,Private
17272,Standard,Private
17273,Standard,Private
17274,Standard,Private
17275,Standard,Private
17276,Poor,Private
17277,Poor,Private
17278,Poor,Private
17279,Standard,Private
17280,Poor,Private
17281,Standard,Private
17282,Standard,Private
17283,Standard,Private
17284,Good,Private
17285,Standard,Private
17286,Poor,Private
17287,Standard,Private
17288,Poor,Private
17289,Standard,Private
17290,Poor,Private
17291,Standard,Private
17292,Poor,Private
17293,Standard,Private
17294,Standard,Private
17295,Good,Private
17296,Poor,Private
17297,Poor,Private
17298,Good,Private
17299,Good,Private
17300,Poor,Private
17301,Good,Private
17302,Poor,Private
17303,Standard,Private
17304,Standard,Private
17305,Poor,Private
17306,Standard,Private
17307,Poor,Private
17308,Poor,Private
17309,Good,Private
17310,Standard,Private
17311,Standard,Private
17312,Standard,Private
17313,Poor,Private
17314,Standard,Private
17315,Good,Private
17316,Standard,Private
17317,Poor,Private
17318,Standard,Private
17319,Poor,Private
17320,Poor,Private
17321,Good,Private
17322,Good,Private
17323,Poor,Private
17324,Standard,Private
17325,Standard,Private
17326,Standard,Private
17327,Standard,Private
17328,Poor,Private
17329,Standard,Private
17330,Poor,Private
17331,Standard,Private
17332,Standard,Private
17333,Poor,Private
17334,Poor,Private
17335,Poor,Private
17336,Standard,Private
17337,Poor,Private
17338,Standard,Private
17339,Standard,Private
17340,Standard,Private
17341,Standard,Private
17342,Poor,Private
17343,Good,Private
17344,Poor,Private
17345,Standard,Private
17346,Good,Private
17347,Poor,Private
17348,Standard,Private
17349,Standard,Private
17350,Standard,Private
17351,Standard,Private
17352,Standard,Private
17353,Poor,Private
17354,Standard,Private
17355,Standard,Private
17356,Standard,Private
17357,Standard,Private
17358,Standard,Private
17359,Standard,Private
17360,Standard,Private
17361,Poor,Private
17362,Poor,Private
17363,Good,Private
17364,Good,Private
17365,Standard,Private
17366,Standard,Private
17367,Good,Private
17368,Standard,Private
17369,Standard,Private
17370,Standard,Private
17371,Standard,Private
17372,Standard,Private
17373,Standard,Private
17374,Standard,Private
17375,Standard,Private
17376,Poor,Private
17377,Good,Private
17378,Standard,Private
17379,Good,Private
17380,Good,Private
17381,Poor,Private
17382,Standard,Private
17383,Standard,Private
17384,Poor,Private
17385,Standard,Private
17386,Standard,Private
17387,Standard,Private
17388,Standard,Private
17389,Poor,Private
17390,Good,Private
17391,Standard,Private
17392,Good,Private
17393,Good,Private
17394,Standard,Private
17395,Good,Private
17396,Good,Private
17397,Good,Private
17398,Good,Private
17399,Poor,Private
17400,Poor,Private
17401,Standard,Private
17402,Standard,Private
17403,Poor,Private
17404,Standard,Private
17405,Poor,Private
17406,Good,Private
17407,Standard,Private
17408,Poor,Private
17409,Standard,Private
17410,Standard,Private
17411,Standard,Private
17412,Poor,Private
17413,Standard,Private
17414,Standard,Private
17415,Standard,Private
17416,Standard,Private
17417,Standard,Private
17418,Standard,Private
17419,Standard,Private
17420,Standard,Private
17421,Standard,Private
17422,Standard,Private
17423,Standard,Private
17424,Standard,Private
17425,Standard,Private
17426,Standard,Private
17427,Standard,Private
17428,Poor,Private
17429,Standard,Private
17430,Standard,Private
17431,Standard,Private
17432,Poor,Private
17433,Standard,Private
17434,Standard,Private
17435,Standard,Private
17436,Poor,Private
17437,Good,Private
17438,Standard,Private
17439,Standard,Private
17440,Good,Private
17441,Standard,Private
17442,Good,Private
17443,Standard,Private
17444,Standard,Private
17445,Poor,Private
17446,Standard,Private
17447,Standard,Private
17448,Poor,Private
17449,Good,Private
17450,Poor,Private
17451,Standard,Private
17452,Standard,Private
17453,Poor,Private
17454,Standard,Private
17455,Standard,Private
17456,Standard,Private
17457,Poor,Private
17458,Poor,Private
17459,Standard,Private
17460,Standard,Private
17461,Poor,Private
17462,Standard,Private
17463,Poor,Private
17464,Standard,Private
17465,Standard,Private
17466,Poor,Private
17467,Poor,Private
17468,Standard,Private
17469,Poor,Private
17470,Standard,Private
17471,Standard,Private
17472,Good,Private
17473,Standard,Private
17474,Good,Private
17475,Standard,Private
17476,Standard,Private
17477,Standard,Private
17478,Poor,Private
17479,Poor,Private
17480,Standard,Private
17481,Poor,Private
17482,Standard,Private
17483,Poor,Private
17484,Standard,Private
17485,Poor,Private
17486,Poor,Private
17487,Poor,Private
17488,Good,Private
17489,Standard,Private
17490,Standard,Private
17491,Standard,Private
17492,Good,Private
17493,Standard,Private
17494,Standard,Private
17495,Standard,Private
17496,Standard,Private
17497,Standard,Private
17498,Standard,Private
17499,Standard,Private
17500,Good,Private
17501,Poor,Private
17502,Standard,Private
17503,Good,Private
17504,Poor,Private
17505,Standard,Private
17506,Poor,Private
17507,Standard,Private
17508,Standard,Private
17509,Poor,Private
17510,Poor,Private
17511,Standard,Private
17512,Standard,Private
17513,Standard,Private
17514,Good,Private
17515,Standard,Private
17516,Poor,Private
17517,Poor,Private
17518,Poor,Private
17519,Poor,Private
17520,Standard,Private
17521,Good,Private
17522,Poor,Private
17523,Standard,Private
17524,Good,Private
17525,Poor,Private
17526,Standard,Private
17527,Poor,Private
17528,Standard,Private
17529,Standard,Private
17530,Standard,Private
17531,Standard,Private
17532,Standard,Private
17533,Good,Private
17534,Poor,Private
17535,Good,Private
17536,Standard,Private
17537,Poor,Private
17538,Standard,Private
17539,Poor,Private
17540,Standard,Private
17541,Standard,Private
17542,Poor,Private
17543,Good,Private
17544,Standard,Private
17545,Standard,Private
17546,Standard,Private
17547,Poor,Private
17548,Standard,Private
17549,Good,Private
17550,Good,Private
17551,Standard,Private
17552,Standard,Private
17553,Good,Private
17554,Standard,Private
17555,Standard,Private
17556,Standard,Private
17557,Poor,Private
17558,Good,Private
17559,Poor,Private
17560,Standard,Private
17561,Standard,Private
17562,Good,Private
17563,Standard,Private
17564,Poor,Private
17565,Poor,Private
17566,Standard,Private
17567,Poor,Private
17568,Standard,Private
17569,Good,Private
17570,Poor,Private
17571,Standard,Private
17572,Standard,Private
17573,Standard,Private
17574,Standard,Private
17575,Standard,Private
17576,Standard,Private
17577,Standard,Private
17578,Poor,Private
17579,Standard,Private
17580,Standard,Private
17581,Standard,Private
17582,Standard,Private
17583,Standard,Private
17584,Standard,Private
17585,Poor,Private
17586,Standard,Private
17587,Standard,Private
17588,Standard,Private
17589,Standard,Private
17590,Poor,Private
17591,Poor,Private
17592,Poor,Private
17593,Standard,Private
17594,Good,Private
17595,Standard,Private
17596,Standard,Private
17597,Standard,Private
17598,Good,Private
17599,Poor,Private
17600,Standard,Private
17601,Standard,Private
17602,Poor,Private
17603,Standard,Private
17604,Good,Private
17605,Standard,Private
17606,Good,Private
17607,Standard,Private
17608,Standard,Private
17609,Standard,Private
17610,Standard,Private
17611,Good,Private
17612,Good,Private
17613,Poor,Private
17614,Poor,Private
17615,Standard,Private
17616,Standard,Private
17617,Standard,Private
17618,Standard,Private
17619,Poor,Private
17620,Standard,Private
17621,Standard,Private
17622,Good,Private
17623,Poor,Private
17624,Poor,Private
17625,Standard,Private
17626,Good,Private
17627,Standard,Private
17628,Standard,Private
17629,Standard,Private
17630,Standard,Private
17631,Standard,Private
17632,Poor,Private
17633,Poor,Private
17634,Poor,Private
17635,Good,Private
17636,Poor,Private
17637,Poor,Private
17638,Standard,Private
17639,Standard,Private
17640,Good,Private
17641,Standard,Private
17642,Standard,Private
17643,Standard,Private
17644,Poor,Private
17645,Standard,Private
17646,Poor,Private
17647,Standard,Private
17648,Standard,Private
17649,Poor,Private
17650,Standard,Private
17651,Standard,Private
17652,Poor,Private
17653,Standard,Private
17654,Standard,Private
17655,Good,Private
17656,Standard,Private
17657,Poor,Private
17658,Standard,Private
17659,Standard,Private
17660,Standard,Private
17661,Standard,Private
17662,Poor,Private
17663,Poor,Private
17664,Standard,Private
17665,Poor,Private
17666,Standard,Private
17667,Standard,Private
17668,Good,Private
17669,Standard,Private
17670,Good,Private
17671,Poor,Private
17672,Poor,Private
17673,Good,Private
17674,Poor,Private
17675,Good,Private
17676,Good,Private
17677,Standard,Private
17678,Standard,Private
17679,Standard,Private
17680,Poor,Private
17681,Poor,Private
17682,Standard,Private
17683,Standard,Private
17684,Poor,Private
17685,Poor,Private
17686,Good,Private
17687,Standard,Private
17688,Good,Private
17689,Standard,Private
17690,Standard,Private
17691,Standard,Private
17692,Standard,Private
17693,Standard,Private
17694,Good,Private
17695,Standard,Private
17696,Poor,Private
17697,Standard,Private
17698,Good,Private
17699,Standard,Private
17700,Poor,Private
17701,Poor,Private
17702,Standard,Private
17703,Standard,Private
17704,Poor,Private
17705,Good,Private
17706,Poor,Private
17707,Poor,Private
17708,Standard,Private
17709,Poor,Private
17710,Standard,Private
17711,Good,Private
17712,Poor,Private
17713,Standard,Private
17714,Poor,Private
17715,Poor,Private
17716,Poor,Private
17717,Standard,Private
17718,Good,Private
17719,Standard,Private
17720,Standard,Private
17721,Standard,Private
17722,Standard,Private
17723,Standard,Private
17724,Standard,Private
17725,Good,Private
17726,Poor,Private
17727,Poor,Private
17728,Standard,Private
17729,Poor,Private
17730,Poor,Private
17731,Good,Private
17732,Poor,Private
17733,Poor,Private
17734,Standard,Private
17735,Standard,Private
17736,Good,Private
17737,Standard,Private
17738,Standard,Private
17739,Good,Private
17740,Standard,Private
17741,Good,Private
17742,Poor,Private
17743,Poor,Private
17744,Standard,Private
17745,Standard,Private
17746,Standard,Private
17747,Standard,Private
17748,Poor,Private
17749,Good,Private
17750,Good,Private
17751,Standard,Private
17752,Poor,Private
17753,Poor,Private
17754,Standard,Private
17755,Good,Private
17756,Poor,Private
17757,Good,Private
17758,Standard,Private
17759,Standard,Private
17760,Poor,Private
17761,Poor,Private
17762,Standard,Private
17763,Poor,Private
17764,Poor,Private
17765,Good,Private
17766,Standard,Private
17767,Good,Private
17768,Good,Private
17769,Good,Private
17770,Standard,Private
17771,Standard,Private
17772,Good,Private
17773,Standard,Private
17774,Poor,Private
17775,Poor,Private
17776,Standard,Private
17777,Standard,Private
17778,Poor,Private
17779,Poor,Private
17780,Standard,Private
17781,Good,Private
17782,Standard,Private
17783,Poor,Private
17784,Standard,Private
17785,Standard,Private
17786,Standard,Private
17787,Poor,Private
17788,Standard,Private
17789,Poor,Private
17790,Standard,Private
17791,Standard,Private
17792,Standard,Private
17793,Good,Private
17794,Standard,Private
17795,Standard,Private
17796,Standard,Private
17797,Poor,Private
17798,Standard,Private
17799,Good,Private
17800,Poor,Private
17801,Poor,Private
17802,Standard,Private
17803,Standard,Private
17804,Standard,Private
17805,Standard,Private
17806,Standard,Private
17807,Standard,Private
17808,Standard,Private
17809,Poor,Private
17810,Standard,Private
17811,Good,Private
17812,Poor,Private
17813,Good,Private
17814,Poor,Private
17815,Standard,Private
17816,Poor,Private
17817,Standard,Private
17818,Standard,Private
17819,Standard,Private
17820,Standard,Private
17821,Poor,Private
17822,Good,Private
17823,Poor,Private
17824,Standard,Private
17825,Poor,Private
17826,Standard,Private
17827,Good,Private
17828,Standard,Private
17829,Standard,Private
17830,Standard,Private
17831,Poor,Private
17832,Standard,Private
17833,Standard,Private
17834,Standard,Private
17835,Good,Private
17836,Poor,Private
17837,Standard,Private
17838,Poor,Private
17839,Standard,Private
17840,Poor,Private
17841,Standard,Private
17842,Standard,Private
17843,Standard,Private
17844,Standard,Private
17845,Poor,Private
17846,Poor,Private
17847,Good,Private
17848,Standard,Private
17849,Standard,Private
17850,Poor,Private
17851,Good,Private
17852,Standard,Private
17853,Poor,Private
17854,Poor,Private
17855,Poor,Private
17856,Standard,Private
17857,Good,Private
17858,Good,Private
17859,Poor,Private
17860,Standard,Private
17861,Standard,Private
17862,Good,Private
17863,Standard,Private
17864,Standard,Private
17865,Standard,Private
17866,Standard,Private
17867,Poor,Private
17868,Good,Private
17869,Standard,Private
17870,Poor,Private
17871,Standard,Private
17872,Standard,Private
17873,Standard,Private
17874,Standard,Private
17875,Standard,Private
17876,Standard,Private
17877,Standard,Private
17878,Standard,Private
17879,Poor,Private
17880,Good,Private
17881,Standard,Private
17882,Good,Private
17883,Standard,Private
17884,Standard,Private
17885,Standard,Private
17886,Good,Private
17887,Poor,Private
17888,Poor,Private
17889,Good,Private
17890,Standard,Private
17891,Poor,Private
17892,Standard,Private
17893,Poor,Private
17894,Good,Private
17895,Standard,Private
17896,Standard,Private
17897,Poor,Private
17898,Standard,Private
17899,Good,Private
17900,Standard,Private
17901,Standard,Private
17902,Poor,Private
17903,Standard,Private
17904,Standard,Private
17905,Standard,Private
17906,Standard,Private
17907,Poor,Private
17908,Standard,Private
17909,Poor,Private
17910,Poor,Private
17911,Standard,Private
17912,Good,Private
17913,Standard,Private
17914,Poor,Private
17915,Standard,Private
17916,Standard,Private
17917,Standard,Private
17918,Poor,Private
17919,Poor,Private
17920,Poor,Private
17921,Poor,Private
17922,Poor,Private
17923,Standard,Private
17924,Poor,Private
17925,Poor,Private
17926,Poor,Private
17927,Standard,Private
17928,Poor,Private
17929,Standard,Private
17930,Standard,Private
17931,Standard,Private
17932,Poor,Private
17933,Good,Private
17934,Standard,Private
17935,Standard,Private
17936,Standard,Private
17937,Good,Private
17938,Standard,Private
17939,Poor,Private
17940,Poor,Private
17941,Standard,Private
17942,Standard,Private
17943,Poor,Private
17944,Standard,Private
17945,Good,Private
17946,Standard,Private
17947,Poor,Private
17948,Standard,Private
17949,Poor,Private
17950,Good,Private
17951,Standard,Private
17952,Poor,Private
17953,Standard,Private
17954,Standard,Private
17955,Standard,Private
17956,Poor,Private
17957,Poor,Private
17958,Poor,Private
17959,Good,Private
17960,Good,Private
17961,Standard,Private
17962,Poor,Private
17963,Standard,Private
17964,Standard,Private
17965,Poor,Private
17966,Standard,Private
17967,Poor,Private
17968,Standard,Private
17969,Poor,Private
17970,Good,Private
17971,Poor,Private
17972,Standard,Private
17973,Standard,Private
17974,Standard,Private
17975,Standard,Private
17976,Poor,Private
17977,Standard,Private
17978,Poor,Private
17979,Standard,Private
17980,Good,Private
17981,Standard,Private
17982,Poor,Private
17983,Poor,Private
17984,Standard,Private
17985,Good,Private
17986,Good,Private
17987,Standard,Private
17988,Standard,Private
17989,Poor,Private
17990,Standard,Private
17991,Poor,Private
17992,Good,Private
17993,Good,Private
17994,Standard,Private
17995,Good,Private
17996,Poor,Private
17997,Standard,Private
17998,Standard,Private
17999,Poor,Private
18000,Good,Private
18001,Standard,Private
18002,Poor,Private
18003,Standard,Private
18004,Standard,Private
18005,Standard,Private
18006,Poor,Private
18007,Good,Private
18008,Standard,Private
18009,Standard,Private
18010,Standard,Private
18011,Standard,Private
18012,Standard,Private
18013,Standard,Private
18014,Standard,Private
18015,Good,Private
18016,Poor,Private
18017,Poor,Private
18018,Poor,Private
18019,Good,Private
18020,Poor,Private
18021,Poor,Private
18022,Standard,Private
18023,Standard,Private
18024,Poor,Private
18025,Good,Private
18026,Standard,Private
18027,Standard,Private
18028,Standard,Private
18029,Good,Private
18030,Standard,Private
18031,Good,Private
18032,Standard,Private
18033,Poor,Private
18034,Standard,Private
18035,Poor,Private
18036,Standard,Private
18037,Standard,Private
18038,Poor,Private
18039,Poor,Private
18040,Good,Private
18041,Good,Private
18042,Standard,Private
18043,Good,Private
18044,Good,Private
18045,Poor,Private
18046,Standard,Private
18047,Poor,Private
18048,Standard,Private
18049,Poor,Private
18050,Standard,Private
18051,Standard,Private
18052,Standard,Private
18053,Standard,Private
18054,Standard,Private
18055,Standard,Private
18056,Standard,Private
18057,Standard,Private
18058,Poor,Private
18059,Standard,Private
18060,Poor,Private
18061,Poor,Private
18062,Standard,Private
18063,Standard,Private
18064,Standard,Private
18065,Poor,Private
18066,Standard,Private
18067,Good,Private
18068,Good,Private
18069,Good,Private
18070,Poor,Private
18071,Standard,Private
18072,Standard,Private
18073,Poor,Private
18074,Poor,Private
18075,Poor,Private
18076,Standard,Private
18077,Standard,Private
18078,Standard,Private
18079,Poor,Private
18080,Standard,Private
18081,Poor,Private
18082,Standard,Private
18083,Standard,Private
18084,Standard,Private
18085,Standard,Private
18086,Standard,Private
18087,Poor,Private
18088,Good,Private
18089,Good,Private
18090,Poor,Private
18091,Poor,Private
18092,Standard,Private
18093,Standard,Private
18094,Poor,Private
18095,Standard,Private
18096,Standard,Private
18097,Poor,Private
18098,Standard,Private
18099,Standard,Private
18100,Standard,Private
18101,Standard,Private
18102,Good,Private
18103,Poor,Private
18104,Standard,Private
18105,Poor,Private
18106,Standard,Private
18107,Good,Private
18108,Poor,Private
18109,Good,Private
18110,Good,Private
18111,Standard,Private
18112,Poor,Private
18113,Standard,Private
18114,Poor,Private
18115,Good,Private
18116,Standard,Private
18117,Poor,Private
18118,Good,Private
18119,Good,Private
18120,Poor,Private
18121,Good,Private
18122,Poor,Private
18123,Good,Private
18124,Standard,Private
18125,Poor,Private
18126,Poor,Private
18127,Standard,Private
18128,Standard,Private
18129,Poor,Private
18130,Poor,Private
18131,Good,Private
18132,Standard,Private
18133,Poor,Private
18134,Standard,Private
18135,Poor,Private
18136,Poor,Private
18137,Poor,Private
18138,Standard,Private
18139,Standard,Private
18140,Standard,Private
18141,Standard,Private
18142,Poor,Private
18143,Standard,Private
18144,Standard,Private
18145,Poor,Private
18146,Good,Private
18147,Good,Private
18148,Standard,Private
18149,Poor,Private
18150,Standard,Private
18151,Standard,Private
18152,Standard,Private
18153,Poor,Private
18154,Poor,Private
18155,Good,Private
18156,Good,Private
18157,Good,Private
18158,Standard,Private
18159,Standard,Private
18160,Standard,Private
18161,Standard,Private
18162,Poor,Private
18163,Standard,Private
18164,Standard,Private
18165,Standard,Private
18166,Standard,Private
18167,Standard,Private
18168,Poor,Private
18169,Standard,Private
18170,Poor,Private
18171,Good,Private
18172,Good,Private
18173,Standard,Private
18174,Standard,Private
18175,Standard,Private
18176,Standard,Private
18177,Standard,Private
18178,Good,Private
18179,Standard,Private
18180,Poor,Private
18181,Standard,Private
18182,Poor,Private
18183,Standard,Private
18184,Standard,Private
18185,Good,Private
18186,Good,Private
18187,Poor,Private
18188,Standard,Private
18189,Good,Private
18190,Standard,Private
18191,Poor,Private
18192,Standard,Private
18193,Poor,Private
18194,Poor,Private
18195,Good,Private
18196,Good,Private
18197,Poor,Private
18198,Poor,Private
18199,Poor,Private
18200,Standard,Private
18201,Poor,Private
18202,Good,Private
18203,Poor,Private
18204,Good,Private
18205,Poor,Private
18206,Good,Private
18207,Good,Private
18208,Standard,Private
18209,Standard,Private
18210,Standard,Private
18211,Standard,Private
18212,Good,Private
18213,Standard,Private
18214,Good,Private
18215,Standard,Private
18216,Standard,Private
18217,Standard,Private
18218,Poor,Private
18219,Standard,Private
18220,Standard,Private
18221,Poor,Private
18222,Standard,Private
18223,Standard,Private
18224,Standard,Private
18225,Standard,Private
18226,Standard,Private
18227,Good,Private
18228,Standard,Private
18229,Standard,Private
18230,Poor,Private
18231,Good,Private
18232,Standard,Private
18233,Good,Private
18234,Poor,Private
18235,Standard,Private
18236,Standard,Private
18237,Poor,Private
18238,Standard,Private
18239,Standard,Private
18240,Poor,Private
18241,Good,Private
18242,Standard,Private
18243,Poor,Private
18244,Standard,Private
18245,Standard,Private
18246,Poor,Private
18247,Poor,Private
18248,Standard,Private
18249,Standard,Private
18250,Poor,Private
18251,Poor,Private
18252,Standard,Private
18253,Poor,Private
18254,Good,Private
18255,Poor,Private
18256,Standard,Private
18257,Standard,Private
18258,Standard,Private
18259,Poor,Private
18260,Poor,Private
18261,Good,Private
18262,Standard,Private
18263,Standard,Private
18264,Poor,Private
18265,Standard,Private
18266,Standard,Private
18267,Standard,Private
18268,Standard,Private
18269,Standard,Private
18270,Standard,Private
18271,Poor,Private
18272,Poor,Private
18273,Poor,Private
18274,Standard,Private
18275,Good,Private
18276,Standard,Private
18277,Poor,Private
18278,Poor,Private
18279,Standard,Private
18280,Standard,Private
18281,Standard,Private
18282,Standard,Private
18283,Good,Private
18284,Standard,Private
18285,Good,Private
18286,Standard,Private
18287,Good,Private
18288,Standard,Private
18289,Standard,Private
18290,Standard,Private
18291,Standard,Private
18292,Standard,Private
18293,Poor,Private
18294,Standard,Private
18295,Standard,Private
18296,Good,Private
18297,Poor,Private
18298,Poor,Private
18299,Good,Private
18300,Standard,Private
18301,Standard,Private
18302,Standard,Private
18303,Good,Private
18304,Poor,Private
18305,Standard,Private
18306,Good,Private
18307,Standard,Private
18308,Poor,Private
18309,Poor,Private
18310,Standard,Private
18311,Standard,Private
18312,Poor,Private
18313,Standard,Private
18314,Standard,Private
18315,Standard,Private
18316,Standard,Private
18317,Standard,Private
18318,Standard,Private
18319,Poor,Private
18320,Good,Private
18321,Standard,Private
18322,Poor,Private
18323,Standard,Private
18324,Standard,Private
18325,Standard,Private
18326,Standard,Private
18327,Good,Private
18328,Poor,Private
18329,Poor,Private
18330,Standard,Private
18331,Standard,Private
18332,Standard,Private
18333,Poor,Private
18334,Poor,Private
18335,Poor,Private
18336,Poor,Private
18337,Standard,Private
18338,Poor,Private
18339,Poor,Private
18340,Standard,Private
18341,Poor,Private
18342,Poor,Private
18343,Standard,Private
18344,Good,Private
18345,Standard,Private
18346,Standard,Private
18347,Standard,Private
18348,Standard,Private
18349,Standard,Private
18350,Poor,Private
18351,Poor,Private
18352,Standard,Private
18353,Poor,Private
18354,Standard,Private
18355,Good,Private
18356,Poor,Private
18357,Good,Private
18358,Standard,Private
18359,Good,Private
18360,Poor,Private
18361,Standard,Private
18362,Standard,Private
18363,Standard,Private
18364,Poor,Private
18365,Poor,Private
18366,Standard,Private
18367,Standard,Private
18368,Poor,Private
18369,Good,Private
18370,Standard,Private
18371,Standard,Private
18372,Standard,Private
18373,Standard,Private
18374,Standard,Private
18375,Standard,Private
18376,Poor,Private
18377,Standard,Private
18378,Poor,Private
18379,Standard,Private
18380,Poor,Private
18381,Standard,Private
18382,Standard,Private
18383,Good,Private
18384,Poor,Private
18385,Poor,Private
18386,Standard,Private
18387,Standard,Private
18388,Standard,Private
18389,Poor,Private
18390,Standard,Private
18391,Good,Private
18392,Standard,Private
18393,Standard,Private
18394,Standard,Private
18395,Standard,Private
18396,Standard,Private
18397,Standard,Private
18398,Good,Private
18399,Poor,Private
18400,Standard,Private
18401,Poor,Private
18402,Good,Private
18403,Standard,Private
18404,Poor,Private
18405,Good,Private
18406,Good,Private
18407,Standard,Private
18408,Standard,Private
18409,Poor,Private
18410,Standard,Private
18411,Standard,Private
18412,Standard,Private
18413,Poor,Private
18414,Good,Private
18415,Standard,Private
18416,Standard,Private
18417,Poor,Private
18418,Poor,Private
18419,Standard,Private
18420,Poor,Private
18421,Poor,Private
18422,Standard,Private
18423,Standard,Private
18424,Standard,Private
18425,Poor,Private
18426,Standard,Private
18427,Standard,Private
18428,Standard,Private
18429,Standard,Private
18430,Poor,Private
18431,Poor,Private
18432,Poor,Private
18433,Standard,Private
18434,Standard,Private
18435,Poor,Private
18436,Standard,Private
18437,Poor,Private
18438,Standard,Private
18439,Standard,Private
18440,Standard,Private
18441,Standard,Private
18442,Standard,Private
18443,Poor,Private
18444,Poor,Private
18445,Standard,Private
18446,Standard,Private
18447,Standard,Private
18448,Standard,Private
18449,Standard,Private
18450,Good,Private
18451,Standard,Private
18452,Poor,Private
18453,Poor,Private
18454,Standard,Private
18455,Good,Private
18456,Standard,Private
18457,Standard,Private
18458,Standard,Private
18459,Good,Private
18460,Standard,Private
18461,Good,Private
18462,Good,Private
18463,Poor,Private
18464,Standard,Private
18465,Good,Private
18466,Good,Private
18467,Good,Private
18468,Good,Private
18469,Good,Private
18470,Standard,Private
18471,Standard,Private
18472,Good,Private
18473,Poor,Private
18474,Poor,Private
18475,Standard,Private
18476,Poor,Private
18477,Poor,Private
18478,Poor,Private
18479,Standard,Private
18480,Standard,Private
18481,Poor,Private
18482,Poor,Private
18483,Standard,Private
18484,Good,Private
18485,Poor,Private
18486,Poor,Private
18487,Standard,Private
18488,Standard,Private
18489,Standard,Private
18490,Good,Private
18491,Good,Private
18492,Standard,Private
18493,Poor,Private
18494,Standard,Private
18495,Standard,Private
18496,Standard,Private
18497,Standard,Private
18498,Poor,Private
18499,Good,Private
18500,Poor,Private
18501,Standard,Private
18502,Poor,Private
18503,Standard,Private
18504,Standard,Private
18505,Standard,Private
18506,Good,Private
18507,Poor,Private
18508,Standard,Private
18509,Standard,Private
18510,Standard,Private
18511,Standard,Private
18512,Poor,Private
18513,Good,Private
18514,Good,Private
18515,Poor,Private
18516,Standard,Private
18517,Poor,Private
18518,Standard,Private
18519,Poor,Private
18520,Standard,Private
18521,Standard,Private
18522,Poor,Private
18523,Poor,Private
18524,Standard,Private
18525,Standard,Private
18526,Standard,Private
18527,Standard,Private
18528,Poor,Private
18529,Poor,Private
18530,Standard,Private
18531,Standard,Private
18532,Standard,Private
18533,Standard,Private
18534,Good,Private
18535,Good,Private
18536,Standard,Private
18537,Standard,Private
18538,Good,Private
18539,Standard,Private
18540,Poor,Private
18541,Poor,Private
18542,Standard,Private
18543,Standard,Private
18544,Good,Private
18545,Good,Private
18546,Standard,Private
18547,Good,Private
18548,Standard,Private
18549,Standard,Private
18550,Standard,Private
18551,Standard,Private
18552,Good,Private
18553,Poor,Private
18554,Good,Private
18555,Standard,Private
18556,Good,Private
18557,Standard,Private
18558,Poor,Private
18559,Poor,Private
18560,Standard,Private
18561,Poor,Private
18562,Poor,Private
18563,Standard,Private
18564,Poor,Private
18565,Standard,Private
18566,Poor,Private
18567,Poor,Private
18568,Good,Private
18569,Poor,Private
18570,Standard,Private
18571,Standard,Private
18572,Poor,Private
18573,Standard,Private
18574,Poor,Private
18575,Standard,Private
18576,Poor,Private
18577,Standard,Private
18578,Good,Private
18579,Poor,Private
18580,Standard,Private
18581,Poor,Private
18582,Poor,Private
18583,Standard,Private
18584,Good,Private
18585,Standard,Private
18586,Standard,Private
18587,Standard,Private
18588,Poor,Private
18589,Poor,Private
18590,Standard,Private
18591,Standard,Private
18592,Poor,Private
18593,Standard,Private
18594,Good,Private
18595,Standard,Private
18596,Standard,Private
18597,Poor,Private
18598,Poor,Private
18599,Standard,Private
18600,Standard,Private
18601,Standard,Private
18602,Poor,Private
18603,Standard,Private
18604,Poor,Private
18605,Good,Private
18606,Standard,Private
18607,Poor,Private
18608,Standard,Private
18609,Standard,Private
18610,Poor,Private
18611,Good,Private
18612,Standard,Private
18613,Standard,Private
18614,Poor,Private
18615,Poor,Private
18616,Standard,Private
18617,Standard,Private
18618,Poor,Private
18619,Standard,Private
18620,Standard,Private
18621,Standard,Private
18622,Poor,Private
18623,Standard,Private
18624,Standard,Private
18625,Standard,Private
18626,Poor,Private
18627,Standard,Private
18628,Good,Private
18629,Standard,Private
18630,Standard,Private
18631,Poor,Private
18632,Standard,Private
18633,Standard,Private
18634,Good,Private
18635,Standard,Private
18636,Standard,Private
18637,Standard,Private
18638,Poor,Private
18639,Poor,Private
18640,Poor,Private
18641,Standard,Private
18642,Standard,Private
18643,Standard,Private
18644,Poor,Private
18645,Standard,Private
18646,Standard,Private
18647,Standard,Private
18648,Standard,Private
18649,Standard,Private
18650,Poor,Private
18651,Poor,Private
18652,Good,Private
18653,Standard,Private
18654,Standard,Private
18655,Standard,Private
18656,Standard,Private
18657,Good,Private
18658,Standard,Private
18659,Good,Private
18660,Poor,Private
18661,Standard,Private
18662,Poor,Private
18663,Poor,Private
18664,Standard,Private
18665,Poor,Private
18666,Standard,Private
18667,Poor,Private
18668,Poor,Private
18669,Standard,Private
18670,Standard,Private
18671,Standard,Private
18672,Standard,Private
18673,Good,Private
18674,Standard,Private
18675,Good,Private
18676,Standard,Private
18677,Standard,Private
18678,Standard,Private
18679,Standard,Private
18680,Poor,Private
18681,Good,Private
18682,Poor,Private
18683,Standard,Private
18684,Standard,Private
18685,Good,Private
18686,Poor,Private
18687,Standard,Private
18688,Poor,Private
18689,Standard,Private
18690,Poor,Private
18691,Poor,Private
18692,Standard,Private
18693,Standard,Private
18694,Poor,Private
18695,Poor,Private
18696,Good,Private
18697,Standard,Private
18698,Standard,Private
18699,Poor,Private
18700,Good,Private
18701,Standard,Private
18702,Poor,Private
18703,Good,Private
18704,Standard,Private
18705,Poor,Private
18706,Standard,Private
18707,Standard,Private
18708,Standard,Private
18709,Good,Private
18710,Standard,Private
18711,Standard,Private
18712,Standard,Private
18713,Standard,Private
18714,Standard,Private
18715,Standard,Private
18716,Standard,Private
18717,Good,Private
18718,Good,Private
18719,Poor,Private
18720,Standard,Private
18721,Standard,Private
18722,Good,Private
18723,Standard,Private
18724,Poor,Private
18725,Standard,Private
18726,Standard,Private
18727,Poor,Private
18728,Standard,Private
18729,Good,Private
18730,Standard,Private
18731,Standard,Private
18732,Good,Private
18733,Poor,Private
18734,Standard,Private
18735,Poor,Private
18736,Poor,Private
18737,Poor,Private
18738,Poor,Private
18739,Standard,Private
18740,Standard,Private
18741,Standard,Private
18742,Good,Private
18743,Good,Private
18744,Good,Private
18745,Good,Private
18746,Poor,Private
18747,Standard,Private
18748,Good,Private
18749,Standard,Private
18750,Good,Private
18751,Poor,Private
18752,Poor,Private
18753,Standard,Private
18754,Good,Private
18755,Standard,Private
18756,Standard,Private
18757,Poor,Private
18758,Poor,Private
18759,Standard,Private
18760,Poor,Private
18761,Standard,Private
18762,Standard,Private
18763,Poor,Private
18764,Poor,Private
18765,Good,Private
18766,Good,Private
18767,Standard,Private
18768,Poor,Private
18769,Poor,Private
18770,Poor,Private
18771,Good,Private
18772,Good,Private
18773,Good,Private
18774,Standard,Private
18775,Standard,Private
18776,Standard,Private
18777,Poor,Private
18778,Standard,Private
18779,Good,Private
18780,Poor,Private
18781,Poor,Private
18782,Poor,Private
18783,Good,Private
18784,Good,Private
18785,Poor,Private
18786,Poor,Private
18787,Poor,Private
18788,Poor,Private
18789,Standard,Private
18790,Standard,Private
18791,Good,Private
18792,Standard,Private
18793,Standard,Private
18794,Standard,Private
18795,Good,Private
18796,Standard,Private
18797,Standard,Private
18798,Poor,Private
18799,Good,Private
18800,Poor,Private
18801,Good,Private
18802,Poor,Private
18803,Poor,Private
18804,Standard,Private
18805,Poor,Private
18806,Poor,Private
18807,Good,Private
18808,Poor,Private
18809,Good,Private
18810,Poor,Private
18811,Standard,Private
18812,Standard,Private
18813,Standard,Private
18814,Standard,Private
18815,Poor,Private
18816,Good,Private
18817,Standard,Private
18818,Poor,Private
18819,Poor,Private
18820,Standard,Private
18821,Standard,Private
18822,Standard,Private
18823,Poor,Private
18824,Standard,Private
18825,Poor,Private
18826,Standard,Private
18827,Poor,Private
18828,Standard,Private
18829,Poor,Private
18830,Standard,Private
18831,Good,Private
18832,Good,Private
18833,Good,Private
18834,Good,Private
18835,Poor,Private
18836,Standard,Private
18837,Good,Private
18838,Poor,Private
18839,Standard,Private
18840,Standard,Private
18841,Standard,Private
18842,Poor,Private
18843,Good,Private
18844,Good,Private
18845,Standard,Private
18846,Good,Private
18847,Good,Private
18848,Standard,Private
18849,Standard,Private
18850,Poor,Private
18851,Standard,Private
18852,Standard,Private
18853,Standard,Private
18854,Poor,Private
18855,Good,Private
18856,Poor,Private
18857,Good,Private
18858,Poor,Private
18859,Standard,Private
18860,Good,Private
18861,Poor,Private
18862,Poor,Private
18863,Standard,Private
18864,Standard,Private
18865,Good,Private
18866,Poor,Private
18867,Standard,Private
18868,Good,Private
18869,Standard,Private
18870,Poor,Private
18871,Standard,Private
18872,Standard,Private
18873,Standard,Private
18874,Standard,Private
18875,Standard,Private
18876,Standard,Private
18877,Poor,Private
18878,Standard,Private
18879,Standard,Private
18880,Standard,Private
18881,Poor,Private
18882,Standard,Private
18883,Poor,Private
18884,Poor,Private
18885,Poor,Private
18886,Poor,Private
18887,Standard,Private
18888,Good,Private
18889,Standard,Private
18890,Poor,Private
18891,Good,Private
18892,Standard,Private
18893,Standard,Private
18894,Poor,Private
18895,Standard,Private
18896,Standard,Private
18897,Good,Private
18898,Standard,Private
18899,Standard,Private
18900,Standard,Private
18901,Standard,Private
18902,Good,Private
18903,Standard,Private
18904,Good,Private
18905,Good,Private
18906,Poor,Private
18907,Good,Private
18908,Standard,Private
18909,Poor,Private
18910,Poor,Private
18911,Good,Private
18912,Good,Private
18913,Standard,Private
18914,Good,Private
18915,Standard,Private
18916,Good,Private
18917,Poor,Private
18918,Good,Private
18919,Standard,Private
18920,Good,Private
18921,Standard,Private
18922,Standard,Private
18923,Poor,Private
18924,Standard,Private
18925,Poor,Private
18926,Standard,Private
18927,Poor,Private
18928,Standard,Private
18929,Standard,Private
18930,Good,Private
18931,Poor,Private
18932,Standard,Private
18933,Poor,Private
18934,Poor,Private
18935,Standard,Private
18936,Standard,Private
18937,Standard,Private
18938,Standard,Private
18939,Standard,Private
18940,Standard,Private
18941,Standard,Private
18942,Standard,Private
18943,Standard,Private
18944,Standard,Private
18945,Good,Private
18946,Poor,Private
18947,Standard,Private
18948,Standard,Private
18949,Poor,Private
18950,Standard,Private
18951,Good,Private
18952,Poor,Private
18953,Standard,Private
18954,Standard,Private
18955,Standard,Private
18956,Standard,Private
18957,Standard,Private
18958,Good,Private
18959,Standard,Private
18960,Standard,Private
18961,Good,Private
18962,Standard,Private
18963,Good,Private
18964,Standard,Private
18965,Standard,Private
18966,Standard,Private
18967,Standard,Private
18968,Poor,Private
18969,Standard,Private
18970,Poor,Private
18971,Standard,Private
18972,Poor,Private
18973,Poor,Private
18974,Poor,Private
18975,Standard,Private
18976,Standard,Private
18977,Poor,Private
18978,Standard,Private
18979,Standard,Private
18980,Standard,Private
18981,Standard,Private
18982,Standard,Private
18983,Standard,Private
18984,Standard,Private
18985,Standard,Private
18986,Poor,Private
18987,Good,Private
18988,Standard,Private
18989,Poor,Private
18990,Standard,Private
18991,Standard,Private
18992,Poor,Private
18993,Standard,Private
18994,Standard,Private
18995,Standard,Private
18996,Poor,Private
18997,Standard,Private
18998,Poor,Private
18999,Standard,Private
19000,Poor,Private
19001,Standard,Private
19002,Poor,Private
19003,Standard,Private
19004,Standard,Private
19005,Poor,Private
19006,Standard,Private
19007,Poor,Private
19008,Poor,Private
19009,Standard,Private
19010,Standard,Private
19011,Good,Private
19012,Standard,Private
19013,Good,Private
19014,Poor,Private
19015,Standard,Private
19016,Standard,Private
19017,Standard,Private
19018,Good,Private
19019,Poor,Private
19020,Poor,Private
19021,Standard,Private
19022,Standard,Private
19023,Poor,Private
19024,Standard,Private
19025,Standard,Private
19026,Standard,Private
19027,Standard,Private
19028,Standard,Private
19029,Standard,Private
19030,Standard,Private
19031,Poor,Private
19032,Poor,Private
19033,Good,Private
19034,Good,Private
19035,Poor,Private
19036,Standard,Private
19037,Standard,Private
19038,Standard,Private
19039,Standard,Private
19040,Good,Private
19041,Poor,Private
19042,Standard,Private
19043,Poor,Private
19044,Good,Private
19045,Standard,Private
19046,Standard,Private
19047,Poor,Private
19048,Standard,Private
19049,Good,Private
19050,Standard,Private
19051,Good,Private
19052,Good,Private
19053,Poor,Private
19054,Poor,Private
19055,Standard,Private
19056,Good,Private
19057,Poor,Private
19058,Standard,Private
19059,Poor,Private
19060,Poor,Private
19061,Poor,Private
19062,Good,Private
19063,Poor,Private
19064,Poor,Private
19065,Standard,Private
19066,Standard,Private
19067,Good,Private
19068,Poor,Private
19069,Standard,Private
19070,Standard,Private
19071,Poor,Private
19072,Standard,Private
19073,Standard,Private
19074,Good,Private
19075,Poor,Private
19076,Standard,Private
19077,Good,Private
19078,Poor,Private
19079,Standard,Private
19080,Poor,Private
19081,Standard,Private
19082,Standard,Private
19083,Good,Private
19084,Good,Private
19085,Standard,Private
19086,Standard,Private
19087,Standard,Private
19088,Standard,Private
19089,Good,Private
19090,Poor,Private
19091,Good,Private
19092,Standard,Private
19093,Poor,Private
19094,Poor,Private
19095,Standard,Private
19096,Standard,Private
19097,Standard,Private
19098,Standard,Private
19099,Standard,Private
19100,Poor,Private
19101,Standard,Private
19102,Standard,Private
19103,Standard,Private
19104,Standard,Private
19105,Poor,Private
19106,Standard,Private
19107,Poor,Private
19108,Standard,Private
19109,Standard,Private
19110,Standard,Private
19111,Poor,Private
19112,Standard,Private
19113,Poor,Private
19114,Poor,Private
19115,Standard,Private
19116,Good,Private
19117,Poor,Private
19118,Standard,Private
19119,Standard,Private
19120,Standard,Private
19121,Poor,Private
19122,Good,Private
19123,Poor,Private
19124,Standard,Private
19125,Poor,Private
19126,Good,Private
19127,Standard,Private
19128,Good,Private
19129,Standard,Private
19130,Standard,Private
19131,Standard,Private
19132,Standard,Private
19133,Standard,Private
19134,Standard,Private
19135,Standard,Private
19136,Standard,Private
19137,Good,Private
19138,Standard,Private
19139,Good,Private
19140,Standard,Private
19141,Standard,Private
19142,Poor,Private
19143,Poor,Private
19144,Standard,Private
19145,Poor,Private
19146,Poor,Private
19147,Poor,Private
19148,Poor,Private
19149,Good,Private
19150,Poor,Private
19151,Standard,Private
19152,Standard,Private
19153,Good,Private
19154,Standard,Private
19155,Poor,Private
19156,Poor,Private
19157,Standard,Private
19158,Poor,Private
19159,Good,Private
19160,Standard,Private
19161,Poor,Private
19162,Standard,Private
19163,Standard,Private
19164,Standard,Private
19165,Standard,Private
19166,Standard,Private
19167,Good,Private
19168,Standard,Private
19169,Standard,Private
19170,Standard,Private
19171,Good,Private
19172,Standard,Private
19173,Poor,Private
19174,Good,Private
19175,Poor,Private
19176,Standard,Private
19177,Standard,Private
19178,Standard,Private
19179,Standard,Private
19180,Good,Private
19181,Poor,Private
19182,Standard,Private
19183,Poor,Private
19184,Good,Private
19185,Poor,Private
19186,Standard,Private
19187,Standard,Private
19188,Good,Private
19189,Poor,Private
19190,Poor,Private
19191,Standard,Private
19192,Standard,Private
19193,Poor,Private
19194,Good,Private
19195,Poor,Private
19196,Poor,Private
19197,Standard,Private
19198,Standard,Private
19199,Standard,Private
19200,Standard,Private
19201,Standard,Private
19202,Standard,Private
19203,Good,Private
19204,Standard,Private
19205,Poor,Private
19206,Standard,Private
19207,Standard,Private
19208,Standard,Private
19209,Poor,Private
19210,Standard,Private
19211,Standard,Private
19212,Good,Private
19213,Standard,Private
19214,Standard,Private
19215,Standard,Private
19216,Good,Private
19217,Standard,Private
19218,Good,Private
19219,Standard,Private
19220,Good,Private
19221,Poor,Private
19222,Poor,Private
19223,Poor,Private
19224,Poor,Private
19225,Poor,Private
19226,Standard,Private
19227,Poor,Private
19228,Standard,Private
19229,Good,Private
19230,Good,Private
19231,Poor,Private
19232,Standard,Private
19233,Standard,Private
19234,Poor,Private
19235,Good,Private
19236,Standard,Private
19237,Standard,Private
19238,Standard,Private
19239,Standard,Private
19240,Standard,Private
19241,Standard,Private
19242,Poor,Private
19243,Standard,Private
19244,Good,Private
19245,Standard,Private
19246,Good,Private
19247,Standard,Private
19248,Standard,Private
19249,Poor,Private
19250,Standard,Private
19251,Poor,Private
19252,Good,Private
19253,Poor,Private
19254,Standard,Private
19255,Standard,Private
19256,Standard,Private
19257,Standard,Private
19258,Good,Private
19259,Standard,Private
19260,Good,Private
19261,Standard,Private
19262,Standard,Private
19263,Standard,Private
19264,Good,Private
19265,Poor,Private
19266,Standard,Private
19267,Standard,Private
19268,Standard,Private
19269,Poor,Private
19270,Poor,Private
19271,Poor,Private
19272,Good,Private
19273,Standard,Private
19274,Standard,Private
19275,Standard,Private
19276,Good,Private
19277,Standard,Private
19278,Standard,Private
19279,Poor,Private
19280,Standard,Private
19281,Poor,Private
19282,Good,Private
19283,Good,Private
19284,Standard,Private
19285,Good,Private
19286,Standard,Private
19287,Poor,Private
19288,Poor,Private
19289,Standard,Private
19290,Standard,Private
19291,Standard,Private
19292,Standard,Private
19293,Standard,Private
19294,Poor,Private
19295,Poor,Private
19296,Poor,Private
19297,Standard,Private
19298,Poor,Private
19299,Poor,Private
19300,Poor,Private
19301,Good,Private
19302,Standard,Private
19303,Standard,Private
19304,Standard,Private
19305,Poor,Private
19306,Standard,Private
19307,Poor,Private
19308,Good,Private
19309,Standard,Private
19310,Poor,Private
19311,Poor,Private
19312,Standard,Private
19313,Good,Private
19314,Standard,Private
19315,Standard,Private
19316,Good,Private
19317,Standard,Private
19318,Standard,Private
19319,Standard,Private
19320,Good,Private
19321,Standard,Private
19322,Poor,Private
19323,Poor,Private
19324,Poor,Private
19325,Standard,Private
19326,Standard,Private
19327,Standard,Private
19328,Standard,Private
19329,Standard,Private
19330,Good,Private
19331,Standard,Private
19332,Standard,Private
19333,Good,Private
19334,Standard,Private
19335,Standard,Private
19336,Good,Private
19337,Good,Private
19338,Poor,Private
19339,Standard,Private
19340,Good,Private
19341,Poor,Private
19342,Standard,Private
19343,Good,Private
19344,Standard,Private
19345,Good,Private
19346,Poor,Private
19347,Good,Private
19348,Standard,Private
19349,Good,Private
19350,Standard,Private
19351,Standard,Private
19352,Poor,Private
19353,Standard,Private
19354,Standard,Private
19355,Standard,Private
19356,Standard,Private
19357,Standard,Private
19358,Poor,Private
19359,Standard,Private
19360,Standard,Private
19361,Standard,Private
19362,Standard,Private
19363,Poor,Private
19364,Standard,Private
19365,Poor,Private
19366,Standard,Private
19367,Standard,Private
19368,Poor,Private
19369,Standard,Private
19370,Standard,Private
19371,Standard,Private
19372,Standard,Private
19373,Standard,Private
19374,Standard,Private
19375,Poor,Private
19376,Standard,Private
19377,Standard,Private
19378,Good,Private
19379,Standard,Private
19380,Poor,Private
19381,Poor,Private
19382,Good,Private
19383,Poor,Private
19384,Standard,Private
19385,Standard,Private
19386,Poor,Private
19387,Standard,Private
19388,Good,Private
19389,Good,Private
19390,Good,Private
19391,Poor,Private
19392,Good,Private
19393,Poor,Private
19394,Standard,Private
19395,Standard,Private
19396,Poor,Private
19397,Standard,Private
19398,Standard,Private
19399,Standard,Private
19400,Standard,Private
19401,Standard,Private
19402,Good,Private
19403,Standard,Private
19404,Standard,Private
19405,Poor,Private
19406,Standard,Private
19407,Good,Private
19408,Standard,Private
19409,Standard,Private
19410,Standard,Private
19411,Standard,Private
19412,Good,Private
19413,Good,Private
19414,Standard,Private
19415,Poor,Private
19416,Poor,Private
19417,Standard,Private
19418,Good,Private
19419,Standard,Private
19420,Standard,Private
19421,Standard,Private
19422,Standard,Private
19423,Standard,Private
19424,Standard,Private
19425,Poor,Private
19426,Poor,Private
19427,Poor,Private
19428,Poor,Private
19429,Good,Private
19430,Standard,Private
19431,Good,Private
19432,Good,Private
19433,Standard,Private
19434,Good,Private
19435,Good,Private
19436,Poor,Private
19437,Good,Private
19438,Poor,Private
19439,Standard,Private
19440,Standard,Private
19441,Poor,Private
19442,Poor,Private
19443,Standard,Private
19444,Standard,Private
19445,Poor,Private
19446,Good,Private
19447,Standard,Private
19448,Standard,Private
19449,Standard,Private
19450,Poor,Private
19451,Standard,Private
19452,Standard,Private
19453,Standard,Private
19454,Standard,Private
19455,Standard,Private
19456,Poor,Private
19457,Standard,Private
19458,Standard,Private
19459,Good,Private
19460,Poor,Private
19461,Standard,Private
19462,Standard,Private
19463,Standard,Private
19464,Good,Private
19465,Standard,Private
19466,Poor,Private
19467,Standard,Private
19468,Standard,Private
19469,Poor,Private
19470,Standard,Private
19471,Standard,Private
19472,Poor,Private
19473,Good,Private
19474,Poor,Private
19475,Poor,Private
19476,Good,Private
19477,Standard,Private
19478,Standard,Private
19479,Standard,Private
19480,Standard,Private
19481,Poor,Private
19482,Poor,Private
19483,Good,Private
19484,Good,Private
19485,Standard,Private
19486,Good,Private
19487,Standard,Private
19488,Poor,Private
19489,Poor,Private
19490,Poor,Private
19491,Good,Private
19492,Standard,Private
19493,Standard,Private
19494,Good,Private
19495,Standard,Private
19496,Standard,Private
19497,Poor,Private
19498,Standard,Private
19499,Standard,Private
19500,Standard,Private
19501,Standard,Private
19502,Good,Private
19503,Standard,Private
19504,Good,Private
19505,Standard,Private
19506,Standard,Private
19507,Good,Private
19508,Standard,Private
19509,Good,Private
19510,Standard,Private
19511,Good,Private
19512,Standard,Private
19513,Good,Private
19514,Standard,Private
19515,Standard,Private
19516,Good,Private
19517,Standard,Private
19518,Poor,Private
19519,Good,Private
19520,Good,Private
19521,Good,Private
19522,Standard,Private
19523,Standard,Private
19524,Standard,Private
19525,Poor,Private
19526,Good,Private
19527,Standard,Private
19528,Poor,Private
19529,Standard,Private
19530,Good,Private
19531,Good,Private
19532,Poor,Private
19533,Standard,Private
19534,Poor,Private
19535,Standard,Private
19536,Standard,Private
19537,Poor,Private
19538,Poor,Private
19539,Good,Private
19540,Standard,Private
19541,Standard,Private
19542,Good,Private
19543,Standard,Private
19544,Standard,Private
19545,Good,Private
19546,Standard,Private
19547,Good,Private
19548,Poor,Private
19549,Standard,Private
19550,Standard,Private
19551,Poor,Private
19552,Standard,Private
19553,Good,Private
19554,Poor,Private
19555,Standard,Private
19556,Poor,Private
19557,Standard,Private
19558,Standard,Private
19559,Standard,Private
19560,Standard,Private
19561,Poor,Private
19562,Poor,Private
19563,Standard,Private
19564,Poor,Private
19565,Standard,Private
19566,Poor,Private
19567,Standard,Private
19568,Poor,Private
19569,Good,Private
19570,Standard,Private
19571,Standard,Private
19572,Good,Private
19573,Standard,Private
19574,Poor,Private
19575,Standard,Private
19576,Good,Private
19577,Standard,Private
19578,Standard,Private
19579,Poor,Private
19580,Standard,Private
19581,Poor,Private
19582,Good,Private
19583,Standard,Private
19584,Standard,Private
19585,Poor,Private
19586,Standard,Private
19587,Poor,Private
19588,Standard,Private
19589,Standard,Private
19590,Standard,Private
19591,Standard,Private
19592,Poor,Private
19593,Standard,Private
19594,Standard,Private
19595,Standard,Private
19596,Good,Private
19597,Poor,Private
19598,Good,Private
19599,Good,Private
19600,Poor,Private
19601,Poor,Private
19602,Poor,Private
19603,Good,Private
19604,Good,Private
19605,Good,Private
19606,Good,Private
19607,Standard,Private
19608,Standard,Private
19609,Standard,Private
19610,Standard,Private
19611,Standard,Private
19612,Standard,Private
19613,Standard,Private
19614,Standard,Private
19615,Standard,Private
19616,Standard,Private
19617,Standard,Private
19618,Standard,Private
19619,Good,Private
19620,Poor,Private
19621,Standard,Private
19622,Good,Private
19623,Poor,Private
19624,Poor,Private
19625,Standard,Private
19626,Poor,Private
19627,Poor,Private
19628,Good,Private
19629,Poor,Private
19630,Poor,Private
19631,Poor,Private
19632,Standard,Private
19633,Standard,Private
19634,Good,Private
19635,Good,Private
19636,Poor,Private
19637,Standard,Private
19638,Standard,Private
19639,Poor,Private
19640,Standard,Private
19641,Standard,Private
19642,Good,Private
19643,Standard,Private
19644,Poor,Private
19645,Standard,Private
19646,Poor,Private
19647,Poor,Private
19648,Standard,Private
19649,Standard,Private
19650,Poor,Private
19651,Standard,Private
19652,Standard,Private
19653,Standard,Private
19654,Standard,Private
19655,Standard,Private
19656,Standard,Private
19657,Standard,Private
19658,Poor,Private
19659,Poor,Private
19660,Standard,Private
19661,Standard,Private
19662,Poor,Private
19663,Standard,Private
19664,Good,Private
19665,Poor,Private
19666,Standard,Private
19667,Standard,Private
19668,Good,Private
19669,Standard,Private
19670,Standard,Private
19671,Poor,Private
19672,Standard,Private
19673,Standard,Private
19674,Good,Private
19675,Standard,Private
19676,Standard,Private
19677,Poor,Private
19678,Standard,Private
19679,Standard,Private
19680,Standard,Private
19681,Good,Private
19682,Good,Private
19683,Good,Private
19684,Standard,Private
19685,Poor,Private
19686,Standard,Private
19687,Standard,Private
19688,Standard,Private
19689,Poor,Private
19690,Good,Private
19691,Good,Private
19692,Poor,Private
19693,Standard,Private
19694,Good,Private
19695,Standard,Private
19696,Poor,Private
19697,Poor,Private
19698,Standard,Private
19699,Standard,Private
19700,Standard,Private
19701,Poor,Private
19702,Poor,Private
19703,Standard,Private
19704,Standard,Private
19705,Standard,Private
19706,Standard,Private
19707,Poor,Private
19708,Good,Private
19709,Standard,Private
19710,Poor,Private
19711,Poor,Private
19712,Standard,Private
19713,Standard,Private
19714,Standard,Private
19715,Standard,Private
19716,Standard,Private
19717,Standard,Private
19718,Standard,Private
19719,Standard,Private
19720,Standard,Private
19721,Standard,Private
19722,Poor,Private
19723,Poor,Private
19724,Good,Private
19725,Standard,Private
19726,Standard,Private
19727,Standard,Private
19728,Standard,Private
19729,Standard,Private
19730,Poor,Private
19731,Poor,Private
19732,Good,Private
19733,Standard,Private
19734,Standard,Private
19735,Poor,Private
19736,Standard,Private
19737,Poor,Private
19738,Standard,Private
19739,Good,Private
19740,Standard,Private
19741,Poor,Private
19742,Standard,Private
19743,Standard,Private
19744,Standard,Private
19745,Standard,Private
19746,Standard,Private
19747,Standard,Private
19748,Standard,Private
19749,Standard,Private
19750,Good,Private
19751,Standard,Private
19752,Standard,Private
19753,Good,Private
19754,Standard,Private
19755,Poor,Private
19756,Poor,Private
19757,Poor,Private
19758,Good,Private
19759,Standard,Private
19760,Poor,Private
19761,Standard,Private
19762,Good,Private
19763,Standard,Private
19764,Standard,Private
19765,Poor,Private
19766,Standard,Private
19767,Standard,Private
19768,Standard,Private
19769,Good,Private
19770,Standard,Private
19771,Standard,Private
19772,Poor,Private
19773,Standard,Private
19774,Good,Private
19775,Standard,Private
19776,Standard,Private
19777,Poor,Private
19778,Good,Private
19779,Poor,Private
19780,Standard,Private
19781,Good,Private
19782,Poor,Private
19783,Standard,Private
19784,Poor,Private
19785,Standard,Private
19786,Standard,Private
19787,Standard,Private
19788,Standard,Private
19789,Good,Private
19790,Poor,Private
19791,Standard,Private
19792,Good,Private
19793,Standard,Private
19794,Standard,Private
19795,Standard,Private
19796,Standard,Private
19797,Good,Private
19798,Standard,Private
19799,Poor,Private
19800,Poor,Private
19801,Poor,Private
19802,Good,Private
19803,Poor,Private
19804,Good,Private
19805,Standard,Private
19806,Poor,Private
19807,Poor,Private
19808,Standard,Private
19809,Poor,Private
19810,Standard,Private
19811,Poor,Private
19812,Standard,Private
19813,Poor,Private
19814,Standard,Private
19815,Good,Private
19816,Standard,Private
19817,Poor,Private
19818,Good,Private
19819,Standard,Private
19820,Good,Private
19821,Good,Private
19822,Poor,Private
19823,Standard,Private
19824,Poor,Private
19825,Standard,Private
19826,Standard,Private
19827,Poor,Private
19828,Good,Private
19829,Poor,Private
19830,Standard,Private
19831,Poor,Private
19832,Poor,Private
19833,Standard,Private
19834,Standard,Private
19835,Good,Private
19836,Standard,Private
19837,Standard,Private
19838,Good,Private
19839,Good,Private
19840,Standard,Private
19841,Poor,Private
19842,Standard,Private
19843,Poor,Private
19844,Standard,Private
19845,Standard,Private
19846,Good,Private
19847,Standard,Private
19848,Standard,Private
19849,Standard,Private
19850,Standard,Private
19851,Poor,Private
19852,Standard,Private
19853,Poor,Private
19854,Standard,Private
19855,Standard,Private
19856,Poor,Private
19857,Poor,Private
19858,Standard,Private
19859,Standard,Private
19860,Standard,Private
19861,Standard,Private
19862,Standard,Private
19863,Poor,Private
19864,Good,Private
19865,Standard,Private
19866,Standard,Private
19867,Standard,Private
19868,Good,Private
19869,Standard,Private
19870,Poor,Private
19871,Good,Private
19872,Standard,Private
19873,Good,Private
19874,Poor,Private
19875,Standard,Private
19876,Poor,Private
19877,Good,Private
19878,Poor,Private
19879,Standard,Private
19880,Standard,Private
19881,Standard,Private
19882,Standard,Private
19883,Standard,Private
19884,Standard,Private
19885,Standard,Private
19886,Standard,Private
19887,Standard,Private
19888,Standard,Private
19889,Poor,Private
19890,Standard,Private
19891,Poor,Private
19892,Standard,Private
19893,Poor,Private
19894,Poor,Private
19895,Good,Private
19896,Standard,Private
19897,Standard,Private
19898,Good,Private
19899,Good,Private
19900,Good,Private
19901,Standard,Private
19902,Good,Private
19903,Standard,Private
19904,Poor,Private
19905,Standard,Private
19906,Standard,Private
19907,Standard,Private
19908,Standard,Private
19909,Standard,Private
19910,Good,Private
19911,Standard,Private
19912,Standard,Private
19913,Poor,Private
19914,Good,Private
19915,Standard,Private
19916,Standard,Private
19917,Standard,Private
19918,Poor,Private
19919,Good,Private
19920,Standard,Private
19921,Standard,Private
19922,Good,Private
19923,Good,Private
19924,Standard,Private
19925,Standard,Private
19926,Good,Private
19927,Poor,Private
19928,Poor,Private
19929,Poor,Private
19930,Good,Private
19931,Good,Private
19932,Good,Private
19933,Standard,Private
19934,Standard,Private
19935,Poor,Private
19936,Standard,Private
19937,Poor,Private
19938,Good,Private
19939,Standard,Private
19940,Standard,Private
19941,Good,Private
19942,Standard,Private
19943,Standard,Private
19944,Standard,Private
19945,Standard,Private
19946,Standard,Private
19947,Poor,Private
19948,Poor,Private
19949,Poor,Private
19950,Poor,Private
19951,Standard,Private
19952,Standard,Private
19953,Good,Private
19954,Standard,Private
19955,Poor,Private
19956,Good,Private
19957,Standard,Private
19958,Standard,Private
19959,Good,Private
19960,Poor,Private
19961,Poor,Private
19962,Poor,Private
19963,Good,Private
19964,Standard,Private
19965,Good,Private
19966,Standard,Private
19967,Standard,Private
19968,Poor,Private
19969,Standard,Private
19970,Poor,Private
19971,Standard,Private
19972,Standard,Private
19973,Good,Private
19974,Standard,Private
19975,Poor,Private
19976,Poor,Private
19977,Poor,Private
19978,Standard,Private
19979,Poor,Private
19980,Poor,Private
19981,Good,Private
19982,Poor,Private
19983,Poor,Private
19984,Standard,Private
19985,Standard,Private
19986,Standard,Private
19987,Good,Private
19988,Poor,Private
19989,Good,Private
19990,Standard,Private
19991,Standard,Private
19992,Standard,Private
19993,Poor,Private
19994,Poor,Private
19995,Standard,Private
19996,Standard,Private
19997,Poor,Private
19998,Standard,Private
19999,Standard,Private
